Date,Close,High,Low,Open,Volume
2011-07-07,10.692933082580566,10.716881169416437,10.597139136513038,10.617196728384783,399663600
2011-07-08,10.768072128295898,10.776754000363438,10.54325712545173,10.577383493401948,489633200
2011-07-11,10.597139358520508,10.769867906074357,10.561815550000613,10.667189052754848,442674400
2011-07-12,10.589655876159668,10.70730197703532,10.436086447454212,10.583069133362214,451609200
2011-07-13,10.717483520507812,10.776755430772216,10.668388290840262,10.726762517316255,391638800
2011-07-14,10.709994316101074,10.82494655085437,10.66718688885231,10.806984889473288,430533600
2011-07-15,10.924036979675293,10.926431868895955,10.751908713432417,10.811779345224528,484467200
2011-07-18,11.189863204956055,11.21530770187515,10.934813118609906,10.939303135863355,572653200
2011-07-19,11.28116512298584,11.335048521610926,11.175492654367252,11.315590450026962,819145600
2011-07-20,11.58201789855957,11.862513310418331,11.555076193506869,11.858023292696961,941340400
2011-07-21,11.593690872192383,11.67661109782928,11.492209459283462,11.583512594951442,526534400
2011-07-22,11.773603439331055,11.825990436175593,11.607461615216684,11.624524799339053,516728800
2011-07-25,11.929267883300781,11.974170451950881,11.66344080797951,11.685292970391838,589806000
2011-07-26,12.076249122619629,12.10887908058815,11.964590237787865,11.974168992965149,476582400
2011-07-27,11.752349853515625,12.053201000634123,11.73917796353088,11.99183316679392,659324400
2011-07-28,11.72929859161377,11.884064690534888,11.618837138234781,11.723312168691532,594034000
2011-07-29,11.689184188842773,11.82898302169396,11.49520299649111,11.604168036402994,632584400
2011-08-01,11.876884460449219,11.959205994302677,11.745766650353332,11.907717465613084,612836000
2011-08-02,11.642187118530273,11.91130677916051,11.625423694613902,11.903823150592247,639539600
2011-08-03,11.751751899719238,11.78108849360511,11.44251941993298,11.704153875661085,732508000
2011-08-04,11.29672908782959,11.714327750854157,11.2961303657435,11.657151790037261,871407600
2011-08-05,11.18447208404541,11.480235235770607,10.853686483701336,11.388632343946712,1204590800
2011-08-08,10.573493957519531,11.009353424343665,10.567805695673472,10.827345831877233,1143833600
2011-08-09,11.196149826049805,11.214111494489096,10.627076687778896,10.815670209580496,1082583600
2011-08-10,10.887213706970215,11.215305444665995,10.85159093883568,11.110531468700422,878656800
2011-08-11,11.186864852905273,11.23925182923103,10.91804426854715,11.09166965295932,741969200
2011-08-12,11.285357475280762,11.36468537717202,11.202735401907589,11.317686878681542,528976000
2011-08-15,11.477538108825684,11.524237627897737,11.318281245972855,11.364382043013705,460544000
2011-08-16,11.3898286819458,11.476342832755348,11.257514285501683,11.420962233449837,498750000
2011-08-17,11.38863468170166,11.510770830055138,11.315592161858033,11.44461401615107,442061200
2011-08-18,10.957860946655273,11.155436062234584,10.817763158502125,11.101252106373227,851435200
2011-08-19,10.657910346984863,10.986302719434043,10.657012663255669,10.841714088145718,775888400
2011-08-22,10.670180320739746,10.922836242700631,10.62976777932306,10.911759484523342,535315200
2011-08-23,11.18387508392334,11.185072528343019,10.686946840826245,10.785733607363406,656835200
2011-08-24,11.2611083984375,11.344328385657805,11.094068103076284,11.179982739861652,626267600
2011-08-25,11.187466621398926,11.239254889823075,10.92642935201178,10.928824240680784,871346000
2011-08-26,11.482634544372559,11.489219691310206,11.100058930205897,11.111134894756521,641477200
2011-08-29,11.673918724060059,11.719720577755849,11.614946579228592,11.6203342802637,405269200
2011-08-30,11.674516677856445,11.729897284806492,11.561360575048537,11.622428643473587,417922400
2011-08-31,11.520051002502441,11.737082626398479,11.43114274509298,11.691880294707564,522586400
2011-09-01,11.40629768371582,11.595190185741526,11.397017887114764,11.549688886566281,343725200
2011-09-02,11.197344779968262,11.315589606457863,11.130888220249311,11.217999495035896,438939200
2011-09-06,11.367677688598633,11.385338793010444,10.97073289609822,10.99737563213722,509698000
2011-09-07,11.493104934692383,11.543097025485906,11.435328658095417,11.54189958141797,350576800
2011-09-08,11.499393463134766,11.633205067267994,11.444611584889754,11.447305434911433,416158400
2011-09-09,11.30002498626709,11.55507425708905,11.226382952569535,11.493108505724607,564813200
2011-09-12,11.37366771697998,11.401806066297656,11.132986149048445,11.165915875480698,467832400
2011-09-13,11.513764381408691,11.561360800976331,11.382945570668175,11.439523623177756,440560400
2011-09-14,11.653861999511719,11.74097409139822,11.547890555799803,11.585609259450633,534724400
2011-09-15,11.763426780700684,11.784382061940617,11.671824663652854,11.717625722176768,417818800
2011-09-16,11.989141464233398,11.989141464233398,11.825395279069655,11.84066230107859,698513200
2011-09-19,12.322319984436035,12.37021696729174,11.830482023399961,11.884364630308529,823860800
2011-09-20,12.376799583435059,12.658492344122461,12.309145582973143,12.430682975213129,775754000
2011-09-21,12.337587356567383,12.620476827995292,12.333396300774698,12.562102607068985,605976000
2011-09-22,12.028651237487793,12.268135307323048,11.875382360053193,12.005002911012609,968480800
2011-09-23,12.102890968322754,12.175933467585597,11.969678095580964,11.982550221364862,546277200
2011-09-26,12.069063186645508,12.093311031840443,11.713730016147125,11.969976678211783,812876400
2011-09-27,11.952014923095703,12.251068993650998,11.916092399395342,12.23550301968591,632497600
2011-09-28,11.884660720825195,12.086125495656718,11.869691870149508,11.979854329733437,429637600
2011-09-29,11.691880226135254,12.040328586592906,11.561361172006482,12.031647513534898,651086800
2011-09-30,11.414977073669434,11.64158904972757,11.410786017902327,11.58860253006737,547640800
2011-10-03,11.2138090133667,11.454490533051029,11.17100237599136,11.386537564168279,669099200
2011-10-04,11.150945663452148,11.429345103647199,10.604325860266236,11.212912214800415,1233677200
2011-10-05,11.323071479797363,11.370069159423608,10.78573006375838,11.012042188551106,786469600
2011-10-06,11.29672908782959,11.518550424873876,11.129988583981843,11.175789624524935,812582400
2011-10-07,11.070119857788086,11.307806970877666,11.03090475351916,11.24913379518075,535458000
2011-10-10,11.63919448852539,11.63919448852539,11.321878858259886,11.348222639918614,442514800
2011-10-11,11.982851028442383,12.069365188291393,11.719719413102526,11.751749852126723,605687600
2011-10-12,12.039730072021484,12.251073437159507,11.97836223857464,12.19389745895221,622286000
2011-10-13,12.226527214050293,12.226527214050293,12.059486901525426,12.123248823593784,426185200
2011-10-14,12.6327486038208,12.6327486038208,12.431282200528768,12.477982527520869,573367200
2011-10-17,12.572577476501465,12.773444346288967,12.451338248613217,12.62496446165927,686044800
2011-10-18,12.639936447143555,12.71687106741582,12.452840115728252,12.625567111240242,881602400
2011-10-19,11.932860374450684,12.226227077582466,11.90831276262817,12.014583961747125,1104059600
2011-10-20,11.833773612976074,11.984648427168946,11.800845486937382,11.974171187152702,549270400
2011-10-21,11.760729789733887,11.948425602922736,11.697266835049021,11.917292847782274,621244400
2011-10-24,12.146896362304688,12.16874852137746,11.836466526571662,11.859815890675831,502138000
2011-10-25,11.907415390014648,12.170248882163012,11.89574150429752,12.124746787074262,430427200
2011-10-26,11.992131233215332,12.050505447447538,11.769111614885652,12.026855521362664,456304800
2011-10-27,12.114567756652832,12.243590404905035,12.030749038581241,12.200482402309454,494664800
2011-10-28,12.122352600097656,12.164262363841646,12.049310074551283,12.06397837195734,322842800
2011-10-31,12.117260932922363,12.253467432347668,12.005601243738923,12.046613313762014,385501200
2011-11-01,11.869697570800781,11.959204562240066,11.771210543622267,11.896640076105284,531790000
2011-11-02,11.896637916564941,11.987342336219282,11.827785659314129,11.976865096850549,327350800
2011-11-03,12.066070556640625,12.07594907234144,11.835268365845668,11.946328525856085,441386400
2011-11-04,11.981352806091309,12.077145946580229,11.949022611184272,12.03493723643865,302229200
2011-11-07,11.966090202331543,11.97417335409908,11.858323371962447,11.97147950308478,270275600
2011-11-08,12.160665512084961,12.213652018931855,12.020867497075264,12.04032556589322,400442000
2011-11-09,11.832873344421387,12.000811306897887,11.80144163123876,11.883464166008208,558684000
2011-11-10,11.531725883483887,11.890651491996348,11.439824013201003,11.88526299155208,744752400
2011-11-11,11.513764381408691,11.635900520645524,11.383245331468569,11.573335245749407,653786000
2011-11-14,11.353309631347656,11.532623338573904,11.321578153144308,11.480834266379263,432905200
2011-11-15,11.639791488647461,11.659847482658606,11.358997180784705,11.399409728940439,430810800
2011-11-16,11.5182523727417,11.70894097572378,11.504780725060252,11.652362933164877,349210400
2011-11-17,11.297927856445312,11.512564553618125,11.240751089563718,11.494602888929759,479900400
2011-11-18,11.223990440368652,11.37516423579951,11.222194273328322,11.343133789290375,371938000
2011-11-21,11.04647445678711,11.126401891649927,10.953674091791667,11.088083661468767,447980400
2011-11-22,11.270988464355469,11.31349694678473,11.104247906852656,11.106642795967668,409021200
2011-11-23,10.986000061035156,11.250928601977542,10.98270668971832,11.211113980970502,428271200
2011-11-25,10.883625030517578,11.11053520130326,10.876140601604202,11.028811600492855,254760800
2011-11-28,11.259313583374023,11.277275252698773,11.08598787088246,11.146457225551323,346413200
2011-11-29,11.171897888183594,11.340434551614724,11.082091976912448,11.250927601693817,375855200
2011-11-30,11.44132137298584,11.443716262271826,11.324572918380715,11.414080706401107,405938400
2011-12-01,11.612848281860352,11.644878717531357,11.397911828269176,11.451496261130924,387181200
2011-12-02,11.665837287902832,11.783483424700867,11.63230963771958,11.669728583258244,379055600
2011-12-05,11.76491641998291,11.866697557310815,11.686486239110952,11.77928574742547,357210000
2011-12-06,11.703253746032715,11.8134170295436,11.656256052832175,11.74995327718332,283598000
2011-12-07,11.647576332092285,11.702956945485349,11.577826383580595,11.672721869187674,304746400
2011-12-08,11.694576263427734,11.839463879476266,11.681704132157641,11.718225397354686,376356400
2011-12-09,11.783183097839355,11.79575626581494,11.705650560395403,11.76013348892741,296993200
2011-12-12,11.729893684387207,11.79156045611097,11.658348398631917,11.725103908041769,301067200
2011-12-13,11.63919448852539,11.836469892680595,11.588004930027346,11.764624014791751,338928800
2011-12-14,11.381152153015137,11.596388453308732,11.30601449232028,11.576031892277474,406887600
2011-12-15,11.34372615814209,11.487416243440157,11.324866814462673,11.475142841886571,256200000
2011-12-16,11.405996322631836,11.499694357413675,11.362590158057984,11.386239287520008,421478400
2011-12-19,11.441620826721191,11.520650572313016,11.389831746982928,11.449404216691732,235530400
2011-12-20,11.852932929992676,11.857423746764358,11.592794095094353,11.607761352700793,337215200
2011-12-21,11.867900848388672,11.893346145257137,11.734986902145769,11.875084716287544,262948000
2011-12-22,11.930765151977539,11.94812809795123,11.857423671701026,11.884364575349629,202358800
2011-12-23,12.073859214782715,12.081642606056768,11.95890691097607,11.964894135033035,269399200
2011-12-27,12.16965103149414,12.246285892070679,12.064577259529978,12.066972948245404,265076000
2011-12-28,12.05319881439209,12.221135984744704,12.014282673130783,12.180424476355125,228662000
2011-12-29,12.12744140625,12.143307947764878,11.989440304905497,12.07595288430651,215978000
2011-12-30,12.1238431930542,12.16216060191869,12.078640880829955,12.07923880347167,179662000
2012-01-03,12.310347557067871,12.348366025786364,12.243592014897812,12.255566461637851,302220800
2012-01-04,12.376504898071289,12.413625684528556,12.251973844179977,12.27352704985738,260022000
2012-01-05,12.513904571533203,12.529470548226165,12.353450231183752,12.421703757601282,271269600
2012-01-06,12.644723892211914,12.655201131360059,12.549529457507239,12.565993918843496,318292800
2012-01-09,12.624673843383789,12.804885330728988,12.613298115147911,12.737531043528147,394024400
2012-01-10,12.669867515563965,12.752489570577218,12.617779489743787,12.749794921317838,258196400
2012-01-11,12.649212837219238,12.658193669740331,12.55222224407756,12.653104131630691,215084800
2012-01-12,12.614487648010254,12.659689972288241,12.535457921192904,12.641130384591305,212587200
2012-01-13,12.567187309265137,12.586346415305268,12.532761989642127,12.56389553695734,226021600
2012-01-17,12.71357250213623,12.752189676922285,12.66148448012404,12.69860445001723,242897200
2012-01-18,12.84559154510498,12.856367746306438,12.761473066888852,12.781230101893318,276791200
2012-01-19,12.80488109588623,12.913246642107548,12.767761110123834,12.876726178048143,261738400
2012-01-20,12.581860542297363,12.797395773739611,12.56539607875784,12.797096812271251,413974400
2012-01-23,12.79470157623291,12.8258351349334,12.641731630132496,12.65280759268138,306062400
2012-01-24,12.585150718688965,12.72554826436755,12.559406465734721,12.72554826436755,547638000
2012-01-25,13.370955467224121,13.604151746764316,13.283244671658293,13.603852785373746,958314000
2012-01-26,13.310192108154297,13.434722363337752,13.265588490978399,13.421851031525957,323985200
2012-01-27,13.38951301574707,13.425435537360007,13.284440099662287,13.301502478082549,299709200
2012-01-30,13.561047554016113,13.587690294032896,13.332939975958233,13.342518732442516,379341200
2012-01-31,13.664922714233398,13.717608671312185,13.562842573270341,13.638279974900431,391683600
2012-02-01,13.656240463256836,13.740059968804635,13.637082952433069,13.722697825138933,270046000
2012-02-02,13.624208450317383,13.685575467585359,13.590082089744184,13.647557813016324,186796400
2012-02-03,13.760714530944824,13.77029408505521,13.63738096922157,13.689468995334803,286599600
2012-02-06,13.889140129089355,13.919375204248595,13.716413948875513,13.721801649979923,249412800
2012-02-07,14.034626960754395,14.062168184806378,13.907400478484892,13.927458073942962,316223600
2012-02-08,14.26961898803711,14.272910761143113,14.060668933929048,14.084617822286473,407890000
2012-02-09,14.763251304626465,14.87042016340028,14.38576541049667,14.391752631550284,884214800
2012-02-10,14.770734786987305,14.896463230437293,14.624948753522645,14.697094366833019,631302000
2012-02-13,15.045546531677246,15.082366751290214,14.880601348310098,14.953643864643618,517216000
2012-02-14,15.250898361206055,15.253891172271317,15.027580618871085,15.107208258148587,460398400
2012-02-15,14.89796257019043,15.754712388620806,14.874611606854272,15.394590206144445,1506120000
2012-02-16,15.033872604370117,15.114099796063794,14.56747831148413,14.713264397797046,944552000
2012-02-17,15.031173706054688,15.200309106554108,14.976690792906306,15.0608092517289,535805200
2012-02-21,15.412252426147461,15.412252426147461,15.091044795612268,15.173666851437163,605595200
2012-02-22,15.358074188232422,15.431415678587257,15.239229798728175,15.35927163294688,483302400
2012-02-23,15.458349227905273,15.501457214877618,15.252094680535594,15.419134133244071,568027600
2012-02-24,15.63857364654541,15.65324194914533,15.525718044493,15.556551056366791,415072000
2012-02-27,15.738847732543945,15.820870266747427,15.455059836161018,15.605634056245236,547582000
2012-02-28,16.02772331237793,16.02772331237793,15.74154054629859,15.80470452818214,600387200
2012-02-29,16.238176345825195,16.392944087017568,16.036412493606857,16.211834159086358,952011200
2012-03-01,16.298940658569336,16.410900914375976,16.128308822636065,16.40970187121145,683270000
2012-03-02,16.32019805908203,16.368692167846692,16.240568791638978,16.29205891002435,431712400
2012-03-05,15.960375785827637,16.38904979436708,15.746036383471083,16.327383790833846,809124400
2012-03-06,15.87356185913086,15.976239943763138,15.45326836433547,15.675988281006664,810238800
2012-03-07,15.88642692565918,16.098668696530737,15.665203524675789,16.069332115442787,798520800
2012-03-08,16.224700927734375,16.25463543748469,15.929237532307347,16.006171332681454,516457200
2012-03-09,16.31989288330078,16.396826672024925,16.258225308543782,16.291154223517207,418919200
2012-03-12,16.524362564086914,16.524362564086914,16.374683548109296,16.43395627216905,407282400
2012-03-13,17.006315231323242,17.008710120183746,16.636611857422626,16.690197895357496,690855200
2012-03-14,17.649328231811523,17.803195841934293,17.224842980764734,17.304173273374165,1418844000
2012-03-15,17.528993606567383,17.961560559871447,17.319146595724575,17.94958611155771,1159718000
2012-03-16,17.529285430908203,17.637950707343137,17.30267428469267,17.50384013828295,825487600
2012-03-19,17.994186401367188,18.014242398645383,17.63346462202273,17.912462808791123,901236000
2012-03-20,18.139665603637695,18.167803140354287,17.70620045562387,17.946581350262136,816662000
2012-03-21,18.036096572875977,18.250135405227727,18.003468204926328,18.043281240697315,644042000
2012-03-22,17.941497802734375,18.095964930372787,17.827443223895308,17.89479747189421,623870800
2012-03-23,17.8430118560791,18.015140107184166,17.793617669928025,17.975924998687926,430488800
2012-03-26,18.170207977294922,18.175298316269895,17.819366275537195,17.95497169079979,595742000
2012-03-27,18.39472007751465,18.448603475821386,18.142663631382472,18.146255964517866,607129600
2012-03-28,18.488727569580078,18.60338013620346,18.269898881555136,18.511477426974636,655460400
2012-03-29,18.25641632080078,18.456984242781576,18.17768715641559,18.34382815534083,608238400
2012-03-30,17.947792053222656,18.277380373801545,17.89959529492441,18.223795912731376,731038000
2012-04-02,18.518953323364258,18.523143579595924,17.97263088135337,18.0160378431794,598351600
2012-04-03,18.838958740234375,18.925473687663896,18.635099052411626,18.7784886049378,834559600
2012-04-04,18.688989639282227,18.73538942281407,18.470161014726248,18.690187083993848,572980800
2012-04-05,18.9694881439209,18.9988247435144,18.661751210996993,18.768920127462977,641298000
2012-04-09,19.045812606811523,19.153879950717,18.718619362590694,18.74346513144736,597536800
2012-04-10,18.8126220703125,19.27841682905211,18.73957954837254,19.156579638662457,889725200
2012-04-11,18.74557113647461,19.0649819642432,18.659954626924673,19.044925961548596,696614800
2012-04-12,18.642885208129883,18.899133530635165,18.574931432944197,18.709641538835765,614336800
2012-04-13,18.11781883239746,18.700662576228524,18.066330315539638,18.682999869458197,859644800
2012-04-16,17.366445541381836,18.268997635602307,17.31016723084725,18.262412488136484,1050786800
2012-04-17,18.251628875732422,18.260608909702498,17.120370015618544,17.3308164802112,1025528000
2012-04-18,18.210920333862305,18.567451881366484,18.042382798604287,18.371972641079363,954531200
2012-04-19,17.58526039123535,18.102843989667875,17.49784857455109,17.96783497117068,834719200
2012-04-20,17.152395248413086,17.800198107599826,17.075760425967093,17.703206735780622,1030985200
2012-04-23,17.114084243774414,17.262864735050847,16.662658826313354,17.081455877239623,966529200
2012-04-24,16.772220611572266,16.994041998682253,16.61416114261742,16.84196975193965,1076149200
2012-04-25,18.260610580444336,18.500094695041447,18.140869322507967,18.429447065088603,905777600
2012-04-26,18.19175910949707,18.401008139505937,18.02501855990159,18.38843417288623,536068400
2012-04-27,18.051061630249023,18.14625766791091,17.97622374765619,18.11302978233253,406722400
2012-04-30,17.481687545776367,17.913357422161344,17.452350959841585,17.895395757693915,506144800
2012-05-01,17.426313400268555,17.86426800292894,17.39937169418681,17.509234446396125,610999200
2012-05-02,17.541561126708984,17.584069607104396,17.32842080184397,17.369731837739167,427389200
2012-05-03,17.417034149169922,17.70381657817165,17.37153284629774,17.67687487000953,390549600
2012-05-04,16.920995712280273,17.313448848094158,16.918600823929545,17.27513223320632,529992400
2012-05-07,17.047626495361328,17.14611430267635,16.80065877413527,16.80874192382985,460118400
2012-05-08,17.008712768554688,17.108097474292137,16.72582327243751,17.050621731414843,497252000
2012-05-09,17.038646697998047,17.18233844832552,16.78928565974297,16.874601587337022,480704000
2012-05-10,17.078754425048828,17.239208745588968,17.016490525963935,17.20029260961802,333200000
2012-05-11,16.964704513549805,17.19700392694799,16.89405689389938,16.91351496538083,399546000
2012-05-14,16.710556030273438,16.98865575751601,16.691996437436607,16.840775339063626,352626400
2012-05-15,16.559371948242188,16.860222937018175,16.51686348866282,16.80723804223539,476336000
2012-05-16,16.347131729125977,16.670734182329685,16.196256979412567,16.585717255272296,560896000
2012-05-17,15.869369506835938,16.389647166693884,15.869369506835938,16.32408827746693,717220000
2012-05-18,15.877148628234863,16.267206907504104,15.631678947164295,15.984317492583047,732292400
2012-05-21,16.802154541015625,16.80993872898361,15.987013050106523,16.000485498659863,631106000
2012-05-22,16.673139572143555,17.179346962480327,16.54172280538254,17.049725563525943,694870400
2012-05-23,17.079959869384766,17.147015168981714,16.56117858160585,16.689001397538778,584897600
2012-05-24,16.923095703125,17.25777423625093,16.80065900519714,17.23891408627894,496230000
2012-05-25,16.8323974609375,16.93896846358524,16.718043865417137,16.901249746731533,328507200
2012-05-29,17.131145477294922,17.182934550012085,16.922796538150447,17.090135003338613,380508800
2012-05-30,17.337697982788086,17.36224479084729,16.960212071721585,17.039241794451208,529429600
2012-05-31,17.294593811035156,17.407449350336897,17.106898794947522,17.384697906387906,491674400
2012-06-01,16.79347801208496,17.142525955122036,16.77940923561126,17.038050901283427,520987600
2012-06-04,16.892261505126953,16.988354427126765,16.419582682406013,16.8087425496451,556995600
2012-06-05,16.848556518554688,16.957522374580464,16.713848002625053,16.801857779528998,388214400
2012-06-06,17.106901168823242,17.178445684981416,16.928485123176532,16.996438904305514,401455600
2012-06-07,17.11467933654785,17.282316738889104,17.078158085519465,17.281419854725783,379766800
2012-06-08,17.372127532958984,17.379911721933773,17.033258717293712,17.11109101469536,347516400
2012-06-11,17.098217010498047,17.616996593675488,17.08205071216127,17.59364722785185,591264800
2012-06-12,17.247600555419922,17.26137037168966,16.964412045594763,17.196711547910102,435380400
2012-06-13,17.127853393554688,17.31704481681689,17.074567915924074,17.19850101601184,293580000
2012-06-14,17.108991622924805,17.167965355675502,16.981168838967513,17.100310551334143,345573200
2012-06-15,17.18682861328125,17.201496910457287,17.04972359992759,17.093130568497244,335255200
2012-06-18,17.53557777404785,17.598741786330216,17.074273769289068,17.09193647924618,440412000
2012-06-19,17.584365844726562,17.661897559289173,17.455344029311966,17.464324061493965,361404400
2012-06-20,17.534378051757812,17.639451008843984,17.386496054124247,17.608317451850297,358943200
2012-06-21,17.292795181274414,17.608613522293574,17.28590947685024,17.525393541310038,326351200
2012-06-22,17.425418853759766,17.428112705231616,17.225450342128322,17.333816712642506,284471600
2012-06-25,17.086244583129883,17.35656168600232,17.074270138031828,17.281722203501626,304382400
2012-06-26,17.12396240234375,17.197602837810965,16.98326507778711,17.10300632514119,276536400
2012-06-27,17.197904586791992,17.26495988802595,17.1206718054623,17.212871845456185,202997200
2012-06-28,17.03474998474121,17.182930906052874,16.93177298145567,17.11318178012383,282836400
2012-06-29,17.48229217529297,17.48229217529297,17.190421037633005,17.302678675586993,421500800
2012-07-02,17.737335205078125,17.7657733063405,17.470311538159677,17.504138937789236,400092000
2012-07-03,17.943593978881836,17.961256684994098,17.781644805595608,17.80798698595511,241712800
2012-07-05,18.25882339477539,18.390539157272254,17.950787439844504,17.978028116607916,484383200
2012-07-06,18.137279510498047,18.2139143738748,18.008558199873672,18.17350181360699,418930400
2012-07-09,18.377056121826172,18.377355083219395,18.084288185487022,18.11991095427741,379405600
2012-07-10,18.20703125,18.556077611860484,18.120217302445184,18.499199783932273,511957600
2012-07-11,18.093875885009766,18.190566757745522,17.87804164918274,18.144465930923296,469322000
2012-07-12,17.928325653076172,18.06513007442572,17.74212705143171,17.96843923987639,428041600
2012-07-13,18.110034942626953,18.176490712209045,17.961256065291522,18.04956639535733,311427200
2012-07-16,18.168109893798828,18.30910458039199,18.111531043579625,18.11452545404757,301260400
2012-07-17,18.16901206970215,18.305517566424758,18.055555384773903,18.28426252357215,293624800
2012-07-18,18.148653030395508,18.210918546820892,18.067826324515252,18.15853154802183,252700000
2012-07-19,18.38993263244629,18.420765630059265,18.14086896630878,18.298928446864856,436861600
2012-07-20,18.089982986450195,18.393528031215705,18.072021315501896,18.351318504168358,397471200
2012-07-23,18.07590675354004,18.137873299187422,17.593347874845357,17.793615245165547,487975600
2012-07-24,17.988798141479492,18.25103209631162,17.916652508871998,18.182179835813315,565132400
2012-07-25,17.21196746826172,17.386490552383833,17.063188633375784,17.196701254763845,877312800
2012-07-26,17.20928192138672,17.37452449361359,17.073973867899156,17.355365378436712,406632800
2012-07-27,17.51701545715332,17.53707305352212,17.110792375968728,17.213171489332783,403936400
2012-07-30,17.812480926513672,17.944495609081965,17.59664511397801,17.689446279936735,379142400
2012-07-31,18.283363342285156,18.311504090687308,18.042683364543883,18.05794958466047,462327600
2012-08-01,18.165115356445312,18.452196664273636,18.05106077251501,18.437528369638567,384501600
2012-08-02,18.1944522857666,18.281264610765557,17.968739601279616,18.046272930785047,332158400
2012-08-03,18.431245803833008,18.499498551242088,18.307312678677203,18.369279241255104,344920800
2012-08-06,18.636293411254883,18.705743567571357,18.418064428553947,18.478831916447625,302103200
2012-08-07,18.58720588684082,18.70964098414129,18.501290447005253,18.64288465541457,290446800
2012-08-08,18.55577278137207,18.676113546121634,18.47315071605971,18.54170240991669,244706000
2012-08-09,18.661598205566406,18.69166284831523,18.57351080929785,18.575013640038193,221642400
2012-08-10,18.690763473510742,18.692566549567587,18.600572742129483,18.600872987207516,194938800
2012-08-13,18.940298080444336,18.940298080444336,18.737366085926865,18.741575940185673,278832400
2012-08-14,18.991098403930664,19.199142517746964,18.946604338855785,18.99651084234606,340169200
2012-08-15,18.965246200561523,19.06054912279022,18.872650300703864,18.979376985785418,257342400
2012-08-16,19.130897521972656,19.14352386931646,18.955323216944745,18.976669515003728,254534000
2012-08-17,19.484752655029297,19.487157826818933,19.205158659632826,19.240934385812203,442761200
2012-08-20,19.99704360961914,19.99704360961914,19.538567758334473,19.54187527104204,613384800
2012-08-21,19.7237606048584,20.289565227149772,19.55149378778877,20.167505167058923,812719600
2012-08-22,20.10887908935547,20.11278709188427,19.48475149732541,19.6744549955929,565322800
2012-08-23,19.921281814575195,20.1398457812437,19.87678613621393,20.025903576841948,420128800
2012-08-24,19.939016342163086,20.127216999050503,19.708426544352204,19.827479323047477,437340400
2012-08-27,20.313610076904297,20.469641128824467,20.249272555999863,20.443184248051256,427008400
2012-08-28,20.287155151367188,20.32623838075487,20.16299019457491,20.29256598379823,267416800
2012-08-29,20.24717140197754,20.37343969074229,20.22101636689523,20.300685663444284,202806800
2012-08-30,19.95855140686035,20.189442979499336,19.92788628293676,20.162085366716777,302699600
2012-08-31,19.999736785888672,20.100750731094973,19.75952480854953,20.060164684953815,338321200
2012-09-04,20.292266845703125,20.29737743340861,19.97749767281294,20.015378318661355,367892000
2012-09-05,20.149765014648438,20.333755810662122,20.13082388840646,20.310306192219794,336375200
2012-09-06,20.331348419189453,20.392078187837992,20.166899257432657,20.238150445654846,391196400
2012-09-07,20.456714630126953,20.518044884786306,20.316315583359252,20.384859745400785,329666400
2012-09-10,19.92458724975586,20.542400037825658,19.905345877335574,20.457019658887624,487998000
2012-09-11,19.85995101928711,20.14585818337523,19.736988621047512,19.995840011439622,503983200
2012-09-12,20.13653564453125,20.13984315672695,19.72195504668473,20.048148000660728,712233200
2012-09-13,20.533079147338867,20.6088404380732,20.286253659624332,20.364420121670495,598360000
2012-09-14,20.78260612487793,20.95397053449877,20.68068821398594,20.742922411318585,600474000
2012-09-17,21.03815460205078,21.038755092105077,20.88272401329031,21.02522640441118,398031200
2012-09-18,21.10219383239746,21.114820181545035,20.937142530302836,21.041163802203112,373503200
2012-09-19,21.107898712158203,21.164718867901644,21.031837189141616,21.052581386835964,326874800
2012-09-20,21.00568962097168,21.04657754407592,20.852964413495116,21.019518556874328,336568400
2012-09-21,21.047473907470703,21.197191816119975,21.0255271194074,21.117222273866048,571589200
2012-09-24,20.767873764038086,20.89805163293792,20.533676266946326,20.649723355311526,639766400
2012-09-25,20.249277114868164,20.82770802093127,20.233041404308015,20.691817435590202,518789600
2012-09-26,19.997943878173828,20.22372334237501,19.87828899881634,20.104970803769483,576503200
2012-09-27,20.483179092407227,20.50873364424153,19.852738215557075,19.971190531564602,594090000
2012-09-28,20.0556697845459,20.476865499584235,20.045146755562055,20.40591453058879,535110800
2012-10-01,19.823871612548828,20.345782592888543,19.73698679843784,20.177724042831052,543594800
2012-10-02,19.881595611572266,20.033118217386463,19.56111370792567,19.896627131892195,627992400
2012-10-03,20.18643569946289,20.198763403600484,19.92127285258561,19.988315782250808,424281200
2012-10-04,20.046642303466797,20.27061864827396,20.009063511296215,20.180426335888136,370725600
2012-10-05,19.61944580078125,20.02260282552185,19.580062303394346,19.998552704956055,594006000
2012-10-08,19.185914993286133,19.468215977412573,19.123982629895988,19.447772019642976,637994000
2012-10-09,19.116165161132812,19.255661886405093,18.746378901713033,19.200344551677464,838597200
2012-10-10,19.268293380737305,19.390653694455022,19.150743410940883,19.233118142209992,510356000
2012-10-11,18.88317108154297,19.45739376713123,18.88317108154297,19.43634931813222,546081200
2012-10-12,18.931570053100586,19.102032134882748,18.79898861233536,18.927059956011764,460014800
2012-10-15,19.08338737487793,19.09451088632216,18.75538989575196,19.010933625248544,432502000
2012-10-16,19.535259246826172,19.550592618060307,18.97035697790872,19.101737477173174,549771600
2012-10-17,19.379531860351562,19.62545509514739,19.36119282395444,19.50760487000742,389037600
2012-10-18,19.01966094970703,19.30286266633403,18.940291896454077,19.228605806667492,476624400
2012-10-19,18.33420753479004,18.99350886773624,18.32759250883781,18.971863924808563,744086000
2012-10-22,19.061450958251953,19.102037025678396,18.36186230863104,18.411768817603907,546730800
2012-10-23,18.440021514892578,19.05753544554504,18.39011663117472,18.97034881033343,707145600
2012-10-24,18.54435157775879,18.836573531309188,18.358255823698368,18.682947596793774,558527200
2012-10-25,18.325178146362305,18.699776281282926,18.205223059940202,18.63964701000416,656325600
2012-10-26,18.158628463745117,18.459268470383915,17.767797739585404,18.321875059319886,1018432800
2012-10-31,17.897674560546875,18.097298981274626,17.668587591296596,17.88444611709853,510003200
2012-11-01,17.934349060058594,18.12856100344536,17.863097874446204,17.984856046691508,361298000
2012-11-02,17.34089469909668,17.946683388201837,17.279264169461637,17.914815659865344,599373600
2012-11-05,17.575986862182617,17.670687664228705,17.36493711265645,17.542916562434502,529135600
2012-11-06,17.522777557373047,17.75998240203623,17.43980234353123,17.744650636387213,374917200
2012-11-07,16.85230827331543,17.351836597221453,16.784354266216766,17.33069603157995,793648800
2012-11-08,16.240732192993164,16.9800600620878,16.166437789016015,16.931736924943184,1056146000
2012-11-09,16.52191162109375,16.7580853833123,16.119026208875137,16.321375377322873,929913600
2012-11-12,16.39415740966797,16.746606683198976,16.26791561414728,16.736035592117673,515802000
2012-11-13,16.396265029907227,16.625190184937864,16.198748292597127,16.27576206188385,532949200
2012-11-14,16.214448928833008,16.53367662605331,16.19330837422498,16.47478404419606,477170400
2012-11-15,15.87439250946045,16.293586089758055,15.783789843842696,16.234090237184006,789910800
2012-11-16,15.936606407165527,16.006673344410082,15.274292315852447,15.861707156116395,1266893600
2012-11-19,17.08576202392578,17.139217470476687,16.305059598180982,16.330126012243127,823317600
2012-11-20,16.940189361572266,17.2736124752417,16.749016238648583,17.272404397106357,642754000
2012-11-21,16.964048385620117,17.13528901646076,16.810020851120473,17.041062152869937,373002000
2012-11-23,17.260028839111328,17.27513062965949,16.99123858051153,17.129257945992325,272826400
2012-11-26,17.8045654296875,17.818759149814184,17.32678061638224,17.39292173924984,630579600
2012-11-27,17.661100387573242,17.831436237885004,17.51975842256458,17.805160126098578,533330000
2012-11-28,17.605533599853516,17.691908812865428,17.282983018681772,17.43429125614531,520864400
2012-11-29,17.799419403076172,17.947103361112728,17.675293780732876,17.825393895613775,514698800
2012-11-30,17.676204681396484,17.770433217663765,17.597681169994143,17.72180844775483,391319600
2012-12-03,17.703685760498047,17.95737745567908,17.682846805582898,17.928988411912705,364280000
2012-12-04,17.391399383544922,17.571096604972453,17.279051321338002,17.571096604972453,557068400
2012-12-05,16.27214241027832,17.1920723692957,16.271537564596493,17.181804509000962,1044638000
2012-12-06,16.527341842651367,16.710661676708444,15.66328198164369,15.97465811584178,1177212400
2012-12-07,16.104829788208008,16.767747198142576,16.006675417492474,16.71338527372229,787040800
2012-12-10,16.001239776611328,16.26368799765999,15.7523804236662,15.855668724629316,630484400
2012-12-11,16.35066795349121,16.597412764289384,16.229258474191884,16.301741576901122,592345600
2012-12-12,16.27849006652832,16.55030135855751,16.196040700419953,16.543354501876326,487144000
2012-12-13,15.99731159210205,16.237412767626918,15.879827969635079,16.04140565257792,625259600
2012-12-14,15.3963041305542,15.648182827945504,15.269157509937559,15.546102624061112,1009579200
2012-12-17,15.669329643249512,15.704665546782984,15.137787846587903,15.370337382627357,757607200
2012-12-18,16.124462127685547,16.15466248269819,15.712213733216611,15.855670258293221,625685200
2012-12-19,15.895231246948242,16.11841932103751,15.87076805981392,16.05107015231721,449369200
2012-12-20,15.756909370422363,16.012713937198896,15.67083579585267,16.006673544867528,481689600
2012-12-21,15.684429168701172,15.694697031097704,15.409898528593335,15.477247705820727,596268400
2012-12-24,15.709789276123047,15.83301001435387,15.66569523269467,15.715226433939897,175753200
2012-12-26,15.493256568908691,15.68835727289989,15.436478475292583,15.674463559519708,302436400
2012-12-27,15.555463790893555,15.591402908802506,15.241369900528362,15.509556817824508,455120400
2012-12-28,15.390262603759766,15.53794815889933,15.345866936191547,15.411404780344116,354278400
2012-12-31,16.072208404541016,16.16975952261937,15.372445545526498,15.418652526738923,659492400
2013-01-02,16.581401824951172,16.761703896777707,16.357913773009457,16.726066390497785,560518000
2013-01-03,16.372106552124023,16.600730133928707,16.338885204532,16.546669838388492,352965200
2013-01-04,15.916070938110352,16.267312127550873,15.880735042505128,16.217177672415893,594333600
2013-01-07,15.822446823120117,15.985532589794465,15.559695381804367,15.765063898037305,484156400
2013-01-08,15.865032196044922,16.06375711948188,15.742416234381711,15.982817455597122,458707200
2013-01-09,15.617072105407715,15.855963497093482,15.583547535482532,15.780157807321356,407604400
2013-01-10,15.810667037963867,15.968014006071447,15.569357815394058,15.962880076150723,601146000
2013-01-11,15.713726043701172,15.86533590009991,15.675067522278521,15.734866616143039,350506800
2013-01-14,15.153487205505371,15.327144041694705,15.055634467055587,15.181573012432024,734207600
2013-01-15,14.675402641296387,15.070133030616429,14.59869046033594,15.049294078996216,876772400
2013-01-16,15.284557342529297,15.385732684363772,14.87412365206808,14.938753417839465,690804800
2013-01-17,15.181571006774902,15.425296358661049,15.16194175132546,15.412007497884717,453678400
2013-01-18,15.100634574890137,15.167680505553763,14.991909133682855,15.055935674859318,472922800
2013-01-22,15.24468994140625,15.338615185968804,14.998851706629832,15.238347934955957,461546400
2013-01-23,15.523757934570312,15.553355056003753,15.244698208967757,15.366710930770239,861509600
2013-01-24,13.605674743652344,14.06563978333277,13.598123042711576,13.892586152974596,1460852400
2013-01-25,13.284934997558594,13.778725382157667,13.137552648966906,13.641612507098234,1208026400
2013-01-28,13.58543586730957,13.6875160658981,13.163524595095055,13.223021242623604,785517600
2013-01-29,13.840332984924316,13.898622356568064,13.654595391714558,13.847279838010168,571158000
2013-01-30,13.796844482421875,13.971106147707738,13.726475937766683,13.801978411954227,417155200
2013-01-31,13.756373405456543,13.870835991007784,13.740971618270725,13.801373914670528,319334400
2013-02-01,13.699898719787598,13.8768781645296,13.5407388338148,13.865703843100107,539484400
2013-02-04,13.358624458312988,13.769965450110433,13.34895983172086,13.708656684857873,477117200
2013-02-05,13.827349662780762,13.884732582100405,13.355605516934558,13.410873895758149,573347600
2013-02-06,13.8125581741333,14.088898596754746,13.668496762887804,13.785980434906689,593706400
2013-02-07,14.223248481750488,14.277318837315722,13.794928008130938,14.072273614240029,704580800
2013-02-08,14.428604125976562,14.544948961022202,14.224163951983027,14.398834513997373,633158400
2013-02-11,14.578970909118652,14.731162577422628,14.376052470131825,14.474777265549955,517490400
2013-02-12,14.213534355163574,14.653397857933701,14.208673877409936,14.566214254969585,609053200
2013-02-13,14.186491012573242,14.387892493889847,14.07136134442082,14.192566606621531,475207600
2013-02-14,14.173736572265625,14.32714170959976,14.09566719739075,14.110855375096968,355275200
2013-02-15,13.978410720825195,14.282184010706574,13.971120006125139,14.24238845405495,391745200
2013-02-19,13.973248481750488,14.056483349345394,13.786733332301086,14.006968450622749,435783600
2013-02-20,13.634842872619629,13.903377695827983,13.633322757051912,13.903377695827983,476302400
2013-02-21,13.550087928771973,13.64456220783057,13.451665729974234,13.548265250396412,447182400
2013-02-22,13.694382667541504,13.71838005327825,13.566494219980626,13.646994644463467,330654800
2013-02-25,13.451062202453613,13.825309995744174,13.444074861427145,13.786731177631932,372579200
2013-02-26,13.638490676879883,13.716560062658658,13.294923406747719,13.48204690876096,501499600
2013-02-27,13.504831314086914,13.743900783146286,13.385752857702434,13.622087091374011,587350400
2013-02-28,13.408535957336426,13.60507624769866,13.408535957336426,13.489035589667047,322515200
2013-03-01,13.076508522033691,13.31071744634826,13.061623719253364,13.305248599462976,552448400
2013-03-04,12.759979248046875,13.007553708351914,12.728082773723902,12.995402516007726,582755600
2013-03-05,13.096861839294434,13.219889816146647,12.781242341036457,12.803417860300023,638433600
2013-03-06,12.930398941040039,13.221717776733149,12.893034419523152,13.199238064495615,460250000
2013-03-07,13.079848289489746,13.123288385277728,12.790656475960187,12.895154269545737,468473600
2013-03-08,13.114482879638672,13.227182359124576,13.020009379053619,13.056158773762617,391482000
2013-03-11,13.301301002502441,13.335931898376868,12.91459784909501,13.054637492471132,474236000
2013-03-12,13.01453685760498,13.331979780266446,12.988412612012267,13.23234246240984,465911600
2013-03-13,13.012106895446777,13.198926971781058,12.92127959340736,13.015145503968904,405549200
2013-03-14,13.138175010681152,13.203181448412414,13.075900562995798,13.14819852641668,303875600
2013-03-15,13.477185249328613,13.494500290913939,13.282466063881344,13.303123088570368,643960800
2013-03-18,13.843535423278809,13.896390670148659,13.402456928060216,13.41005101678329,606197200
2013-03-19,13.806170463562012,14.003014870915587,13.624209235777906,13.958358842920248,526775200
2013-03-20,13.732962608337402,13.90155755999763,13.657323465266575,13.895178589712916,308660800
2013-03-21,13.752707481384277,13.912188223052343,13.67281623460445,13.676461592133423,383255600
2013-03-22,14.031571388244629,14.037341987481286,13.764251663808526,13.808906075950487,395105200
2013-03-25,14.082301139831543,14.275805211246576,14.02762240125067,14.116019478980157,501135600
2013-03-26,14.008183479309082,14.15095595183189,13.989653314191695,14.138804757931592,294294000
2013-03-27,13.732962608337402,13.876343430759324,13.691953551659632,13.866015728614745,331237200
2013-03-28,13.446807861328125,13.725063641205498,13.415215576426675,13.664309309561244,442839600
2013-04-01,13.029117584228516,13.478397640781358,12.993576574506317,13.423718103536952,389732000
2013-04-02,13.055853843688965,13.309503907208978,12.952874513615233,12.98932809165997,529519200
2013-04-03,13.122682571411133,13.28337842958662,13.071648378014109,13.103848224490914,363216000
2013-04-04,12.99297046661377,13.214117269488913,12.917938892248705,13.17645020079394,358447600
2013-04-05,12.855669975280762,12.908830233792653,12.748741087378628,12.895159734575415,383695200
2013-04-08,12.947100639343262,12.986287011544123,12.834097813548851,12.90578740324725,300829200
2013-04-09,12.970490455627441,13.016663353792781,12.841994464650815,12.951656922905421,306614000
2013-04-10,13.235082626342773,13.276700064332667,12.941030191718358,13.004518969912546,375928000
2013-04-11,13.193764686584473,13.30494483171424,13.098682840486868,13.175233716041806,328364400
2013-04-12,13.056156158447266,13.188296709702042,13.034588200108173,13.188296709702042,238613200
2013-04-15,12.753900527954102,12.998133756122897,12.744787135928181,12.971097765359753,317520000
2013-04-16,12.948012351989746,12.959250986312384,12.775772879152086,12.806150043839812,305771200
2013-04-17,12.235968589782715,12.77668522924984,12.093499526527838,12.766660091164441,945056000
2013-04-18,11.909415245056152,12.32679896790954,11.839243326049873,12.302497394396001,666299200
2013-04-19,11.863238334655762,12.13876046309287,11.698288782104752,11.785472346934762,609274400
2013-04-22,12.110509872436523,12.217742911002855,11.885719339265735,11.927335138494213,429920400
2013-04-23,12.337121963500977,12.405470361926156,12.114759298987616,12.272113924732988,664238400
2013-04-24,12.316773414611816,12.614166942200978,11.923083718889322,11.95467681790424,969651200
2013-04-25,12.405473709106445,12.574371196819609,12.363552914142458,12.492048911244725,384837600
2013-04-26,12.673401832580566,12.721094040571344,12.4015250173366,12.448913851132488,764097600
2013-04-29,13.065877914428711,13.172198408212214,12.758459254020424,12.772128939088477,640326400
2013-04-30,13.45045280456543,13.525485193187722,13.125112367499174,13.217155612573336,691538400
2013-05-01,13.34443473815918,13.51576245496718,13.195586722013068,13.501485212829918,506909200
2013-05-02,13.533684730529785,13.626941452260741,13.385139289834415,13.420072740112019,421828400
2013-05-03,13.669172286987305,13.767898702344327,13.643958155897355,13.709572975864734,361300800
2013-05-06,13.995122909545898,14.040384081337308,13.80070704140945,13.843234600007964,496641600
2013-05-07,13.932844161987305,14.148218746640426,13.78217264052272,14.124524735711745,483753200
2013-05-08,14.090200424194336,14.136678331388552,13.846271310790447,13.94438935425117,472598000
2013-05-09,13.967273712158203,14.157776723634194,13.930885863462848,14.060232401292291,398487600
2013-05-10,13.851079940795898,14.057178727820975,13.774940120772307,14.003971978589066,334852000
2013-05-13,13.905197143554688,14.001825303003455,13.806124293304924,13.80642967552255,316948800
2013-05-14,13.572508811950684,13.919267123734846,13.52021903716315,13.877986625067495,447118000
2013-05-15,13.113524436950684,13.485052129929246,12.915071713894646,13.428788312123007,741613600
2013-05-16,13.288740158081055,13.388731619095662,12.80927204311442,12.94198186572642,603204000
2013-05-17,13.24837875366211,13.457229226266273,13.179577915350656,13.425427822875386,427904400
2013-05-20,13.544068336486816,13.631828166025416,13.151747710337524,13.207094564379847,451578400
2013-05-21,13.444079399108887,13.622045415362464,13.277121842581355,13.397906251164333,456022000
2013-05-22,13.495757102966309,13.709806409048793,13.400046700472405,13.578318919845968,443038400
2013-05-23,13.519913673400879,13.642839022734027,13.325741168504562,13.33063381721794,353021200
2013-05-24,13.611954689025879,13.627549598652731,13.465484691446196,13.480468019979247,276166800
2013-05-28,13.498505592346191,13.794198048369102,13.48046517867671,13.757199441317796,386145200
2013-05-29,13.605839729309082,13.683815098851875,13.436129639547385,13.454477073509295,330576400
2013-05-30,13.808573722839355,13.897862930787134,13.592384293917148,13.62724360024631,353519600
2013-05-31,13.752009391784668,13.977371800684024,13.7449757983417,13.836709730190277,384302800
2013-06-03,13.782273292541504,13.832421298050734,13.530307653489077,13.782578674755593,372352400
2013-06-04,13.73916244506836,13.895723963513703,13.680452283916502,13.858723709801216,292728800
2013-06-05,13.61073112487793,13.782275942237304,13.567921266106286,13.627242997392763,290589600
2013-06-06,13.407384872436523,13.668524275371597,13.272534919980338,13.621739547997198,416934000
2013-06-07,13.509820938110352,13.553547754537684,13.23339204357559,13.347449858026373,404535600
2013-06-10,13.420533180236816,13.732125974028893,13.356625000636605,13.59911076754076,450153200
2013-06-11,13.381088256835938,13.53887292399784,13.250213159691256,13.32421366070839,286112400
2013-06-12,13.215659141540527,13.49269966172946,13.194560002038385,13.439187540738267,265227200
2013-06-13,13.330938339233398,13.36702080463595,13.110468678260046,13.225138083754672,285832400
2013-06-14,13.15022087097168,13.341030079326503,13.10282374701584,13.313815130380853,271866000
2013-06-17,13.209848403930664,13.322988454214011,13.159700388398253,13.192724950209644,259414400
2013-06-18,13.202817916870117,13.298528331206903,13.155116217396026,13.19639672267867,195025600
2013-06-19,12.93464183807373,13.19944986392817,12.93464183807373,13.191499311375683,310940000
2013-06-20,12.746280670166016,13.025765859651287,12.69521487757738,12.821503505826843,357310800
2013-06-21,12.644145965576172,12.842905686842034,12.479023195742187,12.796731734505073,481118400
2013-06-24,12.30900764465332,12.49614732611798,12.171710584064732,12.457618544153787,480746000
2013-06-25,12.311762809753418,12.469546640518608,12.195564857991064,12.405638461099915,314162800
2013-06-26,12.17232608795166,12.3778124331817,12.09863179205784,12.350597483184016,367724000
2013-06-27,12.041145324707031,12.273846645793595,12.033807167407058,12.208409912064887,337246000
2013-06-28,12.125234603881836,12.239596995318939,11.891003958439278,11.967144575173073,578516400
2013-07-01,12.513275146484375,12.606540045859928,12.268648405354284,12.313599211033832,391053600
2013-07-02,12.796732902526855,12.89274948504549,12.52091722437998,12.535900550393169,469865200
2013-07-03,12.8673734664917,12.934034999652381,12.764936475051963,12.869208210061176,240928800
2013-07-05,12.764017105102539,12.943512487571855,12.70072050116563,12.854835675683722,274024800
2013-07-08,12.691546440124512,12.873488153817622,12.557001856237319,12.84627401804314,298138400
2013-07-09,12.914770126342773,12.949934818671416,12.548747371236844,12.647209489593363,352584400
2013-07-10,12.86523151397705,12.989686235009511,12.789397901983483,12.830678404260214,281405600
2013-07-11,13.065824508666992,13.09518040002013,12.878685600471536,12.933114682628547,326292400
2013-07-12,13.041974067687988,13.142270916662687,12.9471814485126,13.076833373220117,279563200
2013-07-15,13.070406913757324,13.193332221168662,12.989680687107517,12.996102694618777,241917200
2013-07-16,13.154804229736328,13.17039831736246,12.970416269026007,13.042274981013536,216538000
2013-07-17,13.158170700073242,13.216576283533202,13.094262520086886,13.139518702380338,198990400
2013-07-18,13.202510833740234,13.297608838109472,13.167346144851068,13.252047270391863,218878800
2013-07-19,12.994270324707031,13.270392202214149,12.975922894938767,13.243483455084057,268721600
2013-07-22,13.035858154296875,13.141047651154947,13.010172565298898,13.13218013370198,207796400
2013-07-23,12.81202507019043,13.055734005848445,12.803462935096634,13.026378930628434,369395600
2013-07-24,13.470071792602539,13.594831075648912,13.309535422104206,13.421757700386625,591936800
2013-07-25,13.408607482910156,13.497285101947702,13.326351873151639,13.475880581764557,229493600
2013-07-26,13.484748840332031,13.48627738477342,13.281402621288258,13.3107576967222,200152400
2013-07-29,13.692680358886719,13.759952639259149,13.460590664989805,13.478937279395884,248057600
2013-07-30,13.861780166625977,13.978895087458001,13.736713875097008,13.759036176607891,309422400
2013-07-31,13.83762264251709,13.984704223800973,13.742830020885997,13.91284630185956,322957600
2013-08-01,13.964523315429688,13.968192802176278,13.859945392742507,13.936086834469135,206250800
2013-08-02,14.143709182739258,14.153189096208136,13.963909273536261,14.005189764951641,274783600
2013-08-05,14.355010032653809,14.392315666644416,14.131788626396487,14.209456983627854,318855600
2013-08-06,14.226580619812012,14.429620655369382,14.132398759047884,14.311282564815704,334857600
2013-08-07,14.218320846557617,14.28008971091047,14.120164137568812,14.182238384156067,298858000
2013-08-08,14.190008163452148,14.2851192887345,14.095819234220256,14.277731857271478,255777200
2013-08-09,13.988085746765137,14.173075610247828,13.963462623602501,14.117055087231641,266865200
2013-08-12,14.38546085357666,14.425166237605085,14.055188135514603,14.062268167352412,364434000
2013-08-13,15.069092750549316,15.225764160525848,14.406699548135213,14.495656124192628,881941200
2013-08-14,15.343955993652344,15.520941974561104,15.186977223688919,15.324872622371068,756372400
2013-08-15,15.325793266296387,15.4639976934338,15.05400360987412,15.27993170014387,490294000
2013-08-16,15.461844444274902,15.48062041726833,15.3550373991624,15.394742779278252,362306000
2013-08-19,15.628368377685547,15.813049221319428,15.513250043598472,15.523714748936161,510518400
2013-08-20,15.423065185546875,15.715478600891098,15.415370355223596,15.68900779279544,358688400
2013-08-21,15.462769508361816,15.610205784944563,15.427063595064304,15.500628855958842,335879600
2013-08-22,15.481241226196289,15.562193942453773,15.334727100230461,15.543417962169222,244207600
2013-08-23,15.421524047851562,15.493241630187185,15.370121077290571,15.490779153375533,222731600
2013-08-26,15.481537818908691,15.704079527088801,15.405510118871536,15.413204944036377,330965600
2013-08-27,15.038923263549805,15.467385973723108,14.968436925515908,15.328565087960273,424188800
2013-08-28,15.11003589630127,15.260860220991065,14.959213215455406,14.959213215455406,307608000
2013-08-29,15.134651184082031,15.282396496401235,15.117106448792162,15.13311254712604,239657600
2013-08-30,14.99675464630127,15.173124181753403,14.974592357973586,15.143883506425347,272297200
2013-09-03,15.038615226745605,15.408593279912028,15.00075588342211,15.177741861376497,331928800
2013-09-04,15.349804878234863,15.459076054272328,15.275624818814245,15.37658472462101,345032800
2013-09-05,15.244536399841309,15.41105933938296,15.194364667698974,15.397823115562966,236367600
2013-09-06,15.335335731506348,15.371039993814833,15.080783409821562,15.342108363214956,359525600
2013-09-09,15.580042839050293,15.633908291149172,15.497244103797348,15.544029523480765,340687200
2013-09-10,15.22514820098877,15.6194437368166,15.066938148749509,15.580967941102454,743195600
2013-09-11,14.396233558654785,14.580297934685133,14.306969602065639,14.37468606605837,898696400
2013-09-12,14.549521446228027,14.632934982173785,14.343907893824126,14.420552083435911,404051200
2013-09-13,14.309743881225586,14.523050644064561,14.303589331552963,14.446408089594387,298835600
2013-09-16,13.85480785369873,14.208472438612137,13.76554553932757,14.189698108628656,543706800
2013-09-17,14.014863967895508,14.14998948445596,13.774162651757253,13.788321069223406,399380800
2013-09-18,14.30296802520752,14.354370990699298,14.17923104338908,14.256797411463753,456862000
2013-09-19,14.537511825561523,14.646166539346098,14.443631969828566,14.488263942565487,404541200
2013-09-20,14.38699722290039,14.729888025848318,14.34359648662974,14.71295973321461,699302800
2013-09-23,15.102025032043457,15.295017130990514,14.854551044768142,15.270084964310533,762106800
2013-09-24,15.054624557495117,15.250693948524788,15.015226568857027,15.232534413310328,364344400
2013-09-25,14.82161808013916,15.071245525815643,14.818540805758783,15.057703545930206,316957200
2013-09-26,14.965968132019043,15.037993076570217,14.894557984438363,14.959197146132787,237221600
2013-09-27,14.859169006347656,14.918266807418382,14.796684888617985,14.89087216318474,228040400
2013-09-30,14.67448616027832,14.825616136968822,14.602459543587859,14.689875816692783,260156400
2013-10-01,15.01953411102295,15.0558548229476,14.724658259180101,14.726813337402922,353883600
2013-10-02,15.06878662109375,15.137734350759589,14.889954526045306,14.947821106397136,289184000
2013-10-03,14.879481315612793,15.154657309950943,14.797299039474838,15.09802035067469,322753200
2013-10-04,14.86778736114502,14.91611141392118,14.731430583998282,14.893334325263613,258868400
2013-10-07,15.013065338134766,15.163887884811988,14.939192701348633,14.976437240204936,312292400
2013-10-08,14.803451538085938,15.102019340763297,14.791139158705812,15.080471854926891,290917200
2013-10-09,14.977365493774414,15.01430100518567,14.721581858049506,14.917343849368377,301725200
2013-10-10,15.071245193481445,15.155582564530487,14.991216335238553,15.122957210213942,278602800
2013-10-11,15.168819427490234,15.20052258715273,14.933350398166647,14.989678328737789,267738800
2013-10-14,15.268238067626953,15.315639926613308,15.062318776822272,15.077093638403953,261898000
2013-10-15,15.349499702453613,15.451690861469705,15.252235141635431,15.313486384695924,320073600
2013-10-16,15.42428970336914,15.467997832896351,15.366423157970035,15.41443979881737,251101200
2013-10-17,15.52863597869873,15.53725464613933,15.380275884506682,15.389509349128815,253593200
2013-10-18,15.663762092590332,15.67515063546774,15.565881117259453,15.574499785028829,290542000
2013-10-21,16.04759407043457,16.13808762335857,15.744716011828821,15.752410840552477,398106800
2013-10-22,16.00173568725586,16.26583063956106,15.63729724491528,16.20303910860907,534063600
2013-10-23,16.158409118652344,16.180264019628225,15.974957814101197,15.974957814101197,313723200
2013-10-24,16.372325897216797,16.389563234657672,16.081145415598307,16.1596339861485,384764800
2013-10-25,16.189186096191406,16.412957541931927,16.16302268753327,16.354167133082367,337792000
2013-10-28,16.309844970703125,16.344319652325204,16.104540449826416,16.283988959486567,550440800
2013-10-29,15.903548240661621,16.59825959765354,15.837679424023587,16.506534763623453,635807200
2013-10-30,16.156558990478516,16.237202650541843,15.914009925242592,15.993731389266628,354163600
2013-10-31,16.08884620666504,16.236284196679478,16.044830646345424,16.15964162555826,275696400
2013-11-01,16.006654739379883,16.153476204125276,15.877685407590901,16.129467879831687,274890000
2013-11-04,16.213504791259766,16.215659870112862,15.969109643794877,16.03959601003587,244627600
2013-11-05,16.173480987548828,16.27936581881335,16.098069709790302,16.146702792133322,265213200
2013-11-06,16.127666473388672,16.249649055523584,16.04345508889917,16.227666562409606,223375600
2013-11-07,15.86667251586914,16.19794430530688,15.863268081623323,16.086179986294717,262620400
2013-11-08,16.116519927978516,16.134167099003996,15.869768727005292,15.931379228902731,279316800
2013-11-11,16.06976890563965,16.150883384004928,15.926114698184554,16.098871109840946,227452400
2013-11-12,16.09949493408203,16.2205482933792,16.006305358687666,16.027047773182126,204276800
2013-11-13,16.118688583374023,16.16884405221368,16.005064141537765,16.037263244860224,197220800
2013-11-14,16.35181999206543,16.386494302177354,16.15708102414008,16.18618323825863,282419200
2013-11-15,16.253673553466797,16.380608190457842,16.238194042309964,16.302899787835656,317920400
2013-11-18,16.0567684173584,16.321786865505025,16.043456565658417,16.253675026114998,244944000
2013-11-19,16.085248947143555,16.203825428218753,16.03633191175891,16.069149397590056,208938800
2013-11-20,15.944377899169922,16.112182232091595,15.923635492614443,16.075338625453433,193916800
2013-11-21,16.13448143005371,16.136649091309344,15.903211319338313,16.024883088078404,262026800
2013-11-22,16.092985153198242,16.16605067008135,16.053666348231502,16.084316166888712,223725600
2013-11-25,16.214975357055664,16.280919538700665,16.130145573957687,16.13076396083769,229311600
2013-11-26,16.51404571533203,16.598877139695073,16.223023632103185,16.22673725973191,401382800
2013-11-27,16.902894973754883,16.904133400150858,16.514037352617617,16.604131632844968,363448400
2013-11-29,17.215906143188477,17.285874775121627,16.96017680372819,17.011879880991454,318127600
2013-12-02,17.066055297851562,17.471629208006622,17.05336184025116,17.275653598322457,472544800
2013-12-03,17.533248901367188,17.53510736871695,17.265755264494956,17.28495005761184,450968000
2013-12-04,17.492385864257812,17.622108233262338,17.362972688724835,17.50786537912755,377809600
2013-12-05,17.58216094970703,17.806311228322418,17.53603162064893,17.72922123090298,447580000
2013-12-06,17.33820343017578,17.54656509918177,17.32427319011789,17.51684284454905,344352400
2013-12-09,17.53665542602539,17.634178667977338,17.365446597325136,17.365446597325136,320493600
2013-12-10,17.509408950805664,17.581546912573796,17.37473290363663,17.448418485845636,278269600
2013-12-11,17.379680633544922,17.677207254078933,17.327979215895663,17.554295479356593,359718800
2013-12-12,17.354293823242188,17.502901711072113,17.338505123884303,17.403830888145553,262290000
2013-12-13,17.16513442993164,17.426746767546746,17.141605969693476,17.425817533909793,332822000
2013-12-16,17.26017951965332,17.419314901673523,17.183091162690072,17.183400356065704,282592800
2013-12-17,17.18247413635254,17.32024543769035,17.132627856512027,17.207861066417596,229902400
2013-12-18,17.051816940307617,17.072870195104695,16.68122641510276,17.018690264751232,565863200
2013-12-19,16.85645866394043,17.027976625391798,16.833857790407365,17.01249711862345,320308800
2013-12-20,16.997642517089844,17.07782943523155,16.867610972800133,16.886496573538622,436413600
2013-12-23,17.649967193603516,17.669471178591536,17.42303082164771,17.585259796815947,501306400
2013-12-24,17.575042724609375,17.70538342920949,17.524267224196272,17.64377293403241,167554800
2013-12-26,17.458322525024414,17.631698970321157,17.44222297660794,17.588354032276808,204008000
2013-12-27,17.340360641479492,17.47410739984526,17.322095090241184,17.45584184860695,225884400
2013-12-30,17.16792106628418,17.3403683166828,17.099809230423546,17.25894462981197,253629600
2013-12-31,17.36915397644043,17.37720292231941,17.15181424986807,17.15707880280124,223084400
2014-01-02,17.124879837036133,17.245623946739524,17.09051474000117,17.20382829032835,234684800
2014-01-03,16.748722076416016,17.142531915588886,16.73169329293808,17.116526603758516,392467600
2014-01-06,16.84005355834961,16.92890779823009,16.52023682657414,16.63943335336072,412610800
2014-01-07,16.719627380371094,16.902909686186486,16.653992377694948,16.852135813197293,317209200
2014-01-08,16.825504302978516,16.890519241447546,16.677825600903287,16.68153922852724,258529600
2014-01-09,16.610637664794922,16.930763538385186,16.574414095808415,16.928905071544726,279148800
2014-01-10,16.49980354309082,16.743148650041576,16.44314675060042,16.713117210071836,304976000
2014-01-13,16.586183547973633,16.79578194633505,16.405067317483265,16.40599655110358,378492800
2014-01-14,16.916217803955078,16.926743607408312,16.645936467592104,16.663274446701536,332561600
2014-01-15,17.255842208862305,17.34376884981394,17.079370540338324,17.136956554311464,391638800
2014-01-16,17.15955924987793,17.240055339287128,17.079990740498282,17.17968327223023,229278000
2014-01-17,16.73912239074707,17.092065764215693,16.71528308802679,17.073800208857744,426739600
2014-01-21,16.999189376831055,17.030148397843668,16.73138491649295,16.749032087571116,328526800
2014-01-22,17.07473373413086,17.25368066602264,16.960181705631555,17.05615732732106,379985200
2014-01-23,17.219316482543945,17.22922390004371,16.86730223506985,17.026126801621057,403239200
2014-01-24,16.906301498413086,17.201967954285553,16.865433426285403,17.15181251066695,429354800
2014-01-27,17.043460845947266,17.17658927060743,16.89640218409497,17.03014899554562,554878800
2014-01-28,15.681224822998047,15.944383135209348,15.54407026490961,15.751193472376938,1065523200
2014-01-29,15.503206253051758,15.708161831883254,15.43726206796712,15.602278780847723,502810000
2014-01-30,15.473167419433594,15.681219793839789,15.377811872390918,15.558617206521825,678501600
2014-01-31,15.49856185913086,15.527354879918665,15.280294425562664,15.330759096945723,464797200
2014-02-03,15.527353286743164,15.719306187819658,15.458313866757042,15.560790819742312,401464000
2014-02-04,15.752121925354004,15.772865993311184,15.565433580943257,15.66110001071645,376681200
2014-02-05,15.869769096374512,15.953051245542579,15.673482549960289,15.683080772595654,328344800
2014-02-06,15.962271690368652,15.993106647649675,15.81588797850795,15.885966065961115,257765200
2014-02-07,16.185585021972656,16.286807459475092,16.11395170517897,16.23853239902594,370280400
2014-02-10,16.475553512573242,16.568989895367466,16.13326670443168,16.153822242911602,345559200
2014-02-11,16.69263458251953,16.74838302946858,16.491433853320014,16.526006340187063,282256800
2014-02-12,16.691377639770508,16.804747388499887,16.607909707011494,16.723458427700663,308100800
2014-02-13,16.956432342529297,16.969512832946624,16.637814949229377,16.652141279845406,307398000
2014-02-14,16.94272232055664,17.004703271217437,16.856140606128218,16.895382067845993,272924400
2014-02-18,17.005020141601562,17.166974393558252,16.99318382686532,17.005331185847723,260251600
2014-02-19,16.736539840698242,17.033043050730974,16.642481433665004,16.96639145512673,313768000
2014-02-20,16.542821884155273,16.7250222725869,16.47585922028688,16.60012887054948,305858000
2014-02-21,16.35906982421875,16.649344032660334,16.338825330164195,16.59390495724843,278784800
2014-02-24,16.430696487426758,16.50451209765396,16.270922900154137,16.29365906618676,288909600
2014-02-25,16.25971221923828,16.49361248797357,16.226698284378923,16.487695994306968,231952000
2014-02-26,16.11301612854004,16.35127765039836,16.058511869705377,16.307985952867543,276217200
2014-02-27,16.434431076049805,16.46900188171948,16.072522112539044,16.106470830000458,301882000
2014-02-28,16.3898983001709,16.59265420468638,16.261578431677407,16.478349621650672,371968800
2014-03-03,16.437232971191406,16.527242809707495,16.283063220248202,16.302061859704363,238781200
2014-03-04,16.545623779296875,16.589228184515797,16.437550057202877,16.538150401740186,259140000
2014-03-05,16.58050537109375,16.654941400486564,16.479905038280926,16.535656794290585,200062800
2014-03-06,16.530363082885742,16.645289760455494,16.447828250034686,16.593899268803614,185488800
2014-03-07,16.520706176757812,16.568670183679195,16.38397815161755,16.540950660328352,220729600
2014-03-10,16.53565788269043,16.610717668694633,16.45530202881765,16.455925780529558,178584000
2014-03-11,16.69667625427246,16.77921107558366,16.587667748640644,16.6767444774935,279224400
2014-03-12,16.712873458862305,16.735920669099738,16.56929412949631,16.64746934845915,199326400
2014-03-13,16.52724838256836,16.80786679844534,16.480841254258095,16.738725167276844,257742800
2014-03-14,16.341623306274414,16.534723534810226,16.288986977052627,16.469317760196255,237199200
2014-03-17,16.40546417236328,16.506062812180648,16.377744656282655,16.435364323642332,199544800
2014-03-18,16.55060577392578,16.568358578750942,16.357505556764462,16.379306925905603,209647200
2014-03-19,16.54623794555664,16.701340795922725,16.47584884957826,16.577383931241105,224756000
2014-03-20,16.466508865356445,16.590156371728014,16.424463024576475,16.5035713475251,208398400
2014-03-21,16.596389770507812,16.62379825255403,16.392700736983375,16.567113359991037,374046400
2014-03-24,16.793228149414062,16.83402816245642,16.664597246865867,16.769246144927752,355700800
2014-03-25,16.973865509033203,16.997536463140158,16.805680477579582,16.86516973860377,282293200
2014-03-26,16.81159782409668,17.09875803712509,16.782945175944576,17.021517643404014,299768000
2014-03-27,16.739343643188477,16.865171803933993,16.666464507414037,16.81907572976494,222031600
2014-03-28,16.720657348632812,16.78543936214901,16.639368371752692,16.76612967475564,200564000
2014-03-31,16.716920852661133,16.843682150814942,16.691691347348154,16.7944723067561,168669200
2014-04-01,16.869844436645508,16.876697388252186,16.71785528470092,16.74868857691766,200760000
2014-04-02,16.89786720275879,16.926832553287703,16.826544975508916,16.892572801085795,180420800
2014-04-03,16.780763626098633,16.896312334640285,16.744946986192094,16.861741534295813,162344000
2014-04-04,16.56368637084961,16.818454840296138,16.525066992500427,16.812538347541032,275251200
2014-04-07,16.303625106811523,16.535035345590295,16.25441691480992,16.44533651615308,289850400
2014-04-08,16.302688598632812,16.386158209900078,16.155059063181337,16.35719284760666,243888400
2014-04-09,16.516965866088867,16.522260269204246,16.258459939047235,16.277769623548156,206169600
2014-04-10,16.303932189941406,16.576764441327537,16.294276516062737,16.528176691169087,239652000
2014-04-11,16.183401107788086,16.283688718680953,16.106471746107708,16.164400802956195,271717600
2014-04-14,16.24786949157715,16.262817903764283,16.108649824096226,16.254720777857198,205674000
2014-04-15,16.13200569152832,16.24661959364537,15.925512377964644,16.20395167188084,266490000
2014-04-16,16.164714813232422,16.22949682600747,16.013036713174813,16.134814655026545,214765600
2014-04-17,16.349407196044922,16.43723808995613,16.17063330303147,16.19555010461449,284334400
2014-04-21,16.543447494506836,16.573657043858752,16.318888513653672,16.361869174112513,182548800
2014-04-22,16.55994987487793,16.563998439064076,16.397994000729792,16.454366181844268,202563200
2014-04-23,16.343490600585938,16.542197933618542,16.334145968382014,16.47772695743057,394940000
2014-04-24,17.6833553314209,17.752809646315082,17.464092537004134,17.6970595679477,759911600
2014-04-25,17.8132381439209,17.81479336488749,17.564698863418535,17.582450005830772,390275200
2014-04-28,18.503103256225586,18.55480478181797,17.832232590133984,17.84002033722479,669485600
2014-04-29,18.448284149169922,18.561964950727475,18.36045493906467,18.4921995858913,337377600
2014-04-30,18.37851905822754,18.669416831569972,18.3694871354584,18.457940098445018,456640800
2014-05-01,18.42181396484375,18.52521535092352,18.26234978269194,18.43800822037134,244048000
2014-05-02,18.456071853637695,18.506529201186858,18.366685751776988,18.448598477585662,191514400
2014-05-05,18.717071533203125,18.71831903657519,18.37571968051158,18.38008095230032,287067200
2014-05-06,18.5130672454834,18.824518866365,18.5130672454834,18.74322990183134,374564400
2014-05-07,18.448284149169922,18.602764956308064,18.305015900131124,18.539228790415965,282864400
2014-05-08,18.415401458740234,18.61647141231713,18.36560397880569,18.423543811700107,230297200
2014-05-09,18.33867073059082,18.360906648138734,18.17549582670153,18.307350770000728,291597600
2014-05-12,18.566987991333008,18.59298230440945,18.396923530741834,18.399743581693954,213208800
2014-05-13,18.596113204956055,18.620541937803953,18.50027830750633,18.540991747167453,159737200
2014-05-14,18.599563598632812,18.710120996697647,18.532854156486003,18.554464516602764,166404000
2014-05-15,18.441396713256836,18.685060150562535,18.41696798049978,18.625554734844286,230846000
2014-05-16,18.713552474975586,18.71417803755904,18.334275887779555,18.43543638255857,276256400
2014-05-19,18.935298919677734,19.02111308797386,18.70792022652223,18.724206603224292,317755200
2014-05-20,18.939071655273438,18.992000328848867,18.814420648146168,18.932807659490983,234836000
2014-05-21,18.989173889160156,19.001387421280256,18.85606779869376,18.91150204705372,196859600
2014-05-22,19.01923942565918,19.100044100820675,18.91995889784122,18.998256303119312,200760000
2014-05-23,19.234086990356445,19.252878966625012,18.99418194752593,19.01861068036104,232209600
2014-05-27,19.594255447387695,19.601457782510565,19.28106259034714,19.28889216087899,348866000
2014-05-28,19.543521881103516,19.72579987280838,19.53631787190641,19.6064729120165,315481600
2014-05-29,19.899621963500977,19.946288289425382,19.661282485139978,19.66378808213764,376474000
2014-05-30,19.825084686279297,20.174919916210868,19.69667533792151,19.981053931380536,564020800
2014-06-02,19.6888427734375,19.882395947366266,19.49622961647885,19.855148836257367,369350800
2014-06-03,19.967273712158203,20.004857671456787,19.67631833592555,19.682895110645713,292709200
2014-06-04,20.19527244567871,20.291423460409717,19.922481889124924,19.964137014302985,335482000
2014-06-05,20.274505615234375,20.33777107965254,20.126053229739185,20.23848892621903,303805600
2014-06-06,20.218759536743164,20.396967989233673,20.18431009531526,20.354372850594956,349938400
2014-06-09,20.54229164123535,20.58175395590837,20.114784626134412,20.32305693141372,301660000
2014-06-10,20.662870407104492,20.838258835579396,20.513790744689228,20.768103798715035,251108000
2014-06-11,20.57737159729004,20.77468318599352,20.491870187623235,20.63656423758697,182724000
2014-06-12,20.23317527770996,20.634375271630756,20.14767385902237,20.616836090200376,218996000
2014-06-13,20.011735916137695,20.266048879090434,19.924041733304772,20.21343136581423,218100000
2014-06-16,20.213441848754883,20.33402162176274,20.04901579790505,20.06217101936027,142244000
2014-06-17,20.187137603759766,20.323062087854446,20.125752137055265,20.237560663140528,118904000
2014-06-18,20.20905303955078,20.23316898836417,20.027087852187176,20.22878335805562,134056000
2014-06-19,20.13890266418457,20.23536648173962,20.024899666596184,20.23317366607839,142112000
2014-06-20,19.930620193481445,20.290164838030257,19.928427378936263,20.13669959978838,403592000
2014-06-23,19.9130859375,20.086281531515954,19.86266122627902,20.0205104599456,174776000
2014-06-24,19.79250717163086,20.112589612268046,19.77277685276505,19.89554774160454,156144000
2014-06-25,19.81005096435547,19.884589972055917,19.654394501838382,19.777165419287734,147476000
2014-06-26,19.92843246459961,19.961318000659954,19.68727465453682,19.812238353463858,130516000
2014-06-27,20.165205001831055,20.169588959126838,19.89992958817361,19.910891990354664,256116000
2014-06-30,20.373476028442383,20.548864416951414,20.189318053245135,20.191510868074097,197929200
2014-07-01,20.50282859802246,20.623408353190957,20.417327198040446,20.50282859802246,152892000
2014-07-02,20.494062423706055,20.62121729049425,20.40855934382884,20.57956383095509,113860000
2014-07-03,20.61463737487793,20.629983736080597,20.432672183026366,20.535712753656238,91567200
2014-07-07,21.039958953857422,21.044342912844403,20.629989374496837,20.638758965099182,225872000
2014-07-08,20.904027938842773,21.221919251768117,20.590522256511154,21.105723457826308,260888000
2014-07-09,20.91279411315918,21.035564987691902,20.77467687930987,20.92375651522577,145744000
2014-07-10,20.836071014404297,20.947881206172294,20.50283325495453,20.555450799685598,158744000
2014-07-11,20.87552833557129,21.02241518267582,20.79660371001076,20.906221059663938,136072000
2014-07-14,21.145185470581055,21.24164927074101,20.96979871975964,21.01583780457381,171240000
2014-07-15,20.897443771362305,21.232872470092627,20.833865531273354,21.221911742742574,181911600
2014-07-16,20.77906608581543,21.28769055931937,20.77029649647231,21.25919064842534,213585200
2014-07-17,20.408550262451172,20.888674622302908,20.29454899439003,20.8338659665254,229192000
2014-07-18,20.702333450317383,20.770295674251003,20.39321171056497,20.52475387287634,199952000
2014-07-21,20.594907760620117,20.827296001820528,20.546675860153318,20.825103186537135,156316000
2014-07-22,20.765911102294922,20.803180599955144,20.63437061649953,20.757141513558157,220788000
2014-07-23,21.307424545288086,21.458695375870104,20.864569441517826,20.91937812556466,371672000
2014-07-24,21.272350311279297,21.33592859782263,21.138616962451703,21.274543127402477,182916000
2014-07-25,21.41265106201172,21.44992055664722,21.18683960640759,21.232878689068134,173876000
2014-07-28,21.708614349365234,21.756846240079685,21.38634081824417,21.445533437903407,221272000
2014-07-29,21.568307876586914,21.80069778188869,21.539807969460398,21.776581832540128,172572000
2014-07-30,21.51789093017578,21.638469038443954,21.412657514790737,21.581469208045934,132040000
2014-07-31,20.958826065063477,21.364409714212098,20.899633462861587,21.30083315625076,227372000
2014-08-01,21.075037002563477,21.182463239897785,20.785647184539698,20.805379182824396,194044000
2014-08-04,20.956642150878906,21.173685687258036,20.864563987181747,21.127646605409456,159832000
2014-08-05,20.85360336303711,20.976374248592016,20.68698453790697,20.906219217899515,223732000
2014-08-06,20.818523406982422,20.932526368464433,20.763714741208155,20.772484328447366,154232000
2014-08-07,20.816329956054688,21.14020665527921,20.732605286870957,20.915475644253263,186844000
2014-08-08,20.873607635498047,20.89123405379244,20.55193306589028,20.76785248762721,167460000
2014-08-11,21.149011611938477,21.168841750407026,20.895637342058013,20.990377227980357,146340000
2014-08-12,21.14461326599121,21.34510835758855,21.065296046187296,21.16003596534485,135180000
2014-08-13,21.42441749572754,21.42441749572754,21.16002798341227,21.18426388481838,127664000
2014-08-14,21.481706619262695,21.497129315751433,21.32747965437533,21.44425173935403,112464000
2014-08-15,21.58745765686035,21.63372573390377,21.340692898348063,21.56983124247789,195804000
2014-08-18,21.847444534301758,21.893712618013254,21.587460768007908,21.699825393758264,190288000
2014-08-19,22.1492919921875,22.18234110823553,21.88269870304301,21.902528845050973,277596000
2014-08-20,22.15810775756836,22.272676134674878,22.02150551325653,22.129466083528744,210796000
2014-08-21,22.160310745239258,22.239627957892193,22.056757624223035,22.15810702240223,133912000
2014-08-22,22.323345184326172,22.356394294575445,22.074378358217125,22.09641053806745,176736000
2014-08-25,22.371822357177734,22.510626636396736,22.314537331062027,22.426903660495302,161080000
2014-08-26,22.228607177734375,22.363005671417728,22.221997691315146,22.345379253667975,132608000
2014-08-27,22.501811981201172,22.598755606718225,22.18674687921862,22.257250875699786,209476000
2014-08-28,22.52825355529785,22.64502565196287,22.376228616874627,22.382838104467286,273840000
2014-08-29,22.583335876464844,22.67146630387969,22.517237635666685,22.662653093043396,178380000
2014-09-02,22.75959587097168,22.85653782461028,22.63180684009804,22.706716607952778,214256000
2014-09-03,21.798973083496094,22.7375571071356,21.71965588699872,22.715524926096922,501684000
2014-09-04,21.61830711364746,22.05234630317765,21.5455994013349,21.779143552577743,342872000
2014-09-05,21.805580139160156,21.898116297776692,21.660164734807765,21.768125267474534,233828000
2014-09-08,21.671188354492188,21.880496637064347,21.60288807551668,21.878294595189523,185426800
2014-09-09,21.58966636657715,22.711122534083316,21.182065073530087,21.829821714112192,759385200
2014-09-10,22.252845764160156,22.27708167125042,21.53899256872776,21.5940738701242,403478400
2014-09-11,22.347578048706055,22.349781770675804,21.948790100496048,22.122847155264644,249412400
2014-09-12,22.398263931274414,22.515036035487597,22.270474893062648,22.29911656813158,250504400
2014-09-15,22.39164924621582,22.704512304597426,22.34978860168034,22.651633046845465,245266000
2014-09-16,22.22199821472168,22.310128624598505,21.78795733286022,21.98845405735369,267632400
2014-09-17,22.38063621520996,22.42910803248407,22.162513037476458,22.31233425407461,243706000
2014-09-18,22.426902770996094,22.550284347630516,22.37622723433672,22.457748165154698,149197600
2014-09-19,22.244037628173828,22.550289599319434,22.142688212199943,22.537070621872324,283609600
2014-09-22,22.26606559753418,22.504017232173574,22.160310436104215,22.42910746623968,211153600
2014-09-23,22.614173889160156,22.68027210837365,22.15149139750832,22.164710368972003,253608800
2014-09-24,22.4180908203125,22.660448222720873,22.29691127863431,22.508424966099515,240687200
2014-09-25,21.563232421875,22.18895531339038,21.53018329879959,22.14489093658865,400368000
2014-09-26,22.19776153564453,22.19776153564453,21.67999770698281,21.708639374790856,249482000
2014-09-29,22.0567569732666,22.129464696210654,21.730674921878347,21.735082367422326,199065200
2014-09-30,22.19776153564453,22.371818626818893,22.14928972785576,22.210980508333215,221056400
2014-10-01,21.85185432434082,22.184545861029893,21.746097484265874,22.16251199534282,205965200
2014-10-02,22.01049041748047,22.08099442257501,21.600685362572182,21.871684449269164,191031200
2014-10-03,21.948795318603516,22.07878636961793,21.821006309135022,21.90913671845632,173878400
2014-10-06,21.948795318603516,22.175729987966132,21.904729273468995,22.021501351416923,148204800
2014-10-07,21.75711441040039,22.058960552172014,21.7527086458331,21.906935619907394,168376800
2014-10-08,22.208776473999023,22.277076734692063,21.660165623379154,21.759312952490628,229618800
2014-10-09,22.25725555419922,22.55689802246631,22.166923077664055,22.371825623156283,309506000
2014-10-10,22.193359375,22.479781142426432,22.09861946647136,22.184546164794085,265326400
2014-10-13,21.990659713745117,22.42470066695437,21.990659713745117,22.32555499013769,214333600
2014-10-14,21.75711441040039,22.147089291101356,21.717455805503008,22.118447619044115,254754400
2014-10-15,21.490514755249023,21.84523837169316,20.9705472807451,21.5852546344412,403734400
2014-10-16,21.208499908447266,21.530174433298715,21.021223862732402,21.052069249982026,288618000
2014-10-17,21.5191593170166,21.812192201535378,21.329679533113307,21.481704440906054,272718800
2014-10-20,21.97963523864746,22.023699591865928,21.640334339833814,21.662366516443047,310069200
2014-10-21,22.57672119140625,22.69789903037691,22.312329970024653,22.69789903037691,378495600
2014-10-22,22.691293716430664,22.93805856557183,22.60536701594226,22.658244597562508,273052400
2014-10-23,23.096691131591797,23.145162944568984,22.832299882883824,22.931447231504766,284298800
2014-10-24,23.1826171875,23.242104250278015,23.03059226569821,23.17380397802403,188215600
2014-10-27,23.15838050842285,23.239901432642732,23.068046375021268,23.101095489215695,136750800
2014-10-28,23.517515182495117,23.517515182495117,23.211263239419036,23.222280173580742,192243600
2014-10-29,23.649707794189453,23.656318962642178,23.433790024610847,23.497684538736596,210751600
2014-10-30,23.570390701293945,23.65190994971445,23.332439081203425,23.565983255950854,162619200
2014-10-31,23.795114517211914,23.803927724302344,23.62105745930751,23.797318239221365,178557200
2014-11-03,24.10356903076172,24.301861979612195,23.797317241238822,23.843585315812717,209130400
2014-11-04,23.927318572998047,24.12340788446306,23.73343298440006,24.094766210983774,166297600
2014-11-05,23.984603881835938,24.081547517744443,23.823765729619375,24.037481464627827,149743600
2014-11-06,24.053192138671875,24.07310826359489,23.854041018860176,24.031064424052396,139874000
2014-11-07,24.121795654296875,24.19039209146036,24.02000679364768,24.0642622328041,134766000
2014-11-10,24.081966400146484,24.192606692322215,24.04656069629655,24.124008563172183,108782000
2014-11-11,24.274473190307617,24.285537891976674,23.986809517513088,24.05319266281808,109769200
2014-11-12,24.617460250854492,24.657290815868482,24.201453440447906,24.203665030333397,187769600
2014-11-13,24.964866638183594,25.104272749303473,24.694904150542566,24.73916126471765,238091600
2014-11-14,25.26581382751465,25.268027105770045,24.608610309304684,25.037895126071955,176254400
2014-11-17,25.223772048950195,25.951785336864077,25.07108960154861,25.28573033928554,186986800
2014-11-18,25.551271438598633,25.599953441262375,25.201647681501772,25.21271238692063,176896000
2014-11-19,25.374242782592773,25.61101292707092,25.181729765450644,25.54462976842207,167476800
2014-11-20,25.737140655517578,25.85884563532315,25.414071249767915,25.427349230988206,173582000
2014-11-21,25.772546768188477,26.01595504347046,25.675182782781015,26.002678750273688,228717200
2014-11-24,26.250511169433594,26.28149031152891,25.80573847724948,25.856632058590368,189803200
2014-11-25,26.02259063720703,26.498344126180324,25.98939821923466,26.34787329451055,275361600
2014-11-26,26.332386016845703,26.354513734674715,26.07348817294931,26.09782916903222,163073200
2014-11-28,26.3168888092041,26.420890909882612,26.122162585280954,26.39212336563935,99257600
2014-12-01,25.46275520324707,26.38770805631444,24.621888359281545,26.290344064969418,335256000
2014-12-02,25.365388870239258,25.613223694312257,24.949382043487752,25.11534245619388,237395600
2014-12-03,25.653059005737305,25.74599644886586,25.47160898848001,25.61322843179122,172253600
2014-12-04,25.55568504333496,25.934074504201718,25.51142961764057,25.61764331460162,168178000
2014-12-05,25.447269439697266,25.686252897003484,25.36760828726186,25.66633676477612,153275600
2014-12-08,24.871929168701172,25.36981030633348,24.699330644439776,25.24810535295107,230659600
2014-12-09,25.252538681030273,25.29236925025259,24.19702944075726,24.38290599320698,240832000
2014-12-10,24.772356033325195,25.41406994359419,24.681631888872037,25.31670765299038,178261200
2014-12-11,24.6993408203125,25.181732588821667,24.637380835095133,24.840960267192532,165606800
2014-12-12,24.281116485595703,24.75465674686896,24.247924064093308,24.442650348277784,224112400
2014-12-15,23.949193954467773,24.694908305237607,23.53318545241372,24.49575547853477,268872400
2014-12-16,23.621706008911133,24.37627372784001,23.513278978625806,23.53761998170333,243162800
2014-12-17,24.21031379699707,24.30546284427454,23.637196104970553,23.703580967231815,213647200
2014-12-18,24.927257537841797,24.927257537841797,24.486909658764827,24.754658956506947,236024800
2014-12-19,24.7347412109375,25.05781063227413,24.70818862368914,24.840956624641127,353719200
2014-12-22,24.991426467895508,25.113129760427327,24.77678405903291,24.81882790479596,180670000
2014-12-23,24.902912139892578,25.077723968840214,24.88520929154019,25.055596252517997,104113600
2014-12-24,24.7856388092041,24.940534543475888,24.7856388092041,24.91176867517881,57918400
2014-12-26,25.223772048950195,25.341050482547352,24.785637459729237,24.80555190094983,134884000
2014-12-29,25.206069946289062,25.396369678836002,25.159599542033536,25.179515670748295,110395600
2014-12-30,24.89849281311035,25.208285996281294,24.807768643375997,25.146327697294513,119526000
2014-12-31,24.424945831298828,25.033467327108088,24.3873285440074,24.96487089872529,165613600
2015-01-02,24.19260597229004,24.659508126434403,23.754469685489944,24.648443422251393,212818400
2015-01-05,23.51106071472168,24.042134423807454,23.32518584507189,23.96247328303275,257142000
2015-01-06,23.513267517089844,23.772165309183304,23.152579204524255,23.575225789908487,263188400
2015-01-07,23.84298324584961,23.942558834690647,23.610637954237987,23.721278247722207,160423600
2015-01-08,24.759084701538086,24.816618126764887,24.053199089993452,24.170479219019555,237458000
2015-01-09,24.7856388092041,25.060026262015647,24.387333080738237,24.931683117483658,214798000
2015-01-12,24.17490005493164,24.922827705158852,24.075324482860438,24.916189558785653,198603200
2015-01-13,24.389541625976562,24.960445829902344,24.099664655994744,24.65729087939062,268367600
2015-01-14,24.296600341796875,24.449282743613015,24.008935007427194,24.128426683785232,195826400
2015-01-15,23.637187957763672,24.35413645717828,23.60178394813456,24.34086016459694,240056000
2015-01-16,23.453529357910156,23.805366375341244,23.278717488502334,23.68366137504563,314053200
2015-01-20,24.057621002197266,24.11294113817059,23.566377924636292,23.862893043099756,199599600
2015-01-21,24.24128532409668,24.57541774452879,23.95804479734744,24.108515641336837,194303600
2015-01-22,24.871929168701172,24.887418736564726,24.27889734612524,24.39838902174535,215185600
2015-01-23,25.00028419494629,25.170669522737423,24.679426295780132,24.849813311808354,185859200
2015-01-26,25.02682876586914,25.305642719304203,24.960445616732773,25.168448176577243,222460000
2015-01-27,24.15056037902832,24.889638333300006,24.126219382172156,24.876360351591465,382274800
2015-01-28,25.51586151123047,26.137661049350434,25.51586151123047,26.02923235653945,585908400
2015-01-29,26.310258865356445,26.374430430207553,25.571180918654623,25.73935461660109,337745600
2015-01-30,25.92523193359375,26.553667930939003,25.85663381010451,26.1996193628405,334982000
2015-02-02,26.250511169433594,26.370002869616926,25.68624677706615,26.122169732854424,250956400
2015-02-03,26.254932403564453,26.352294678311385,26.024800474481754,26.22173998998051,207662800
2015-02-04,26.4563045501709,26.666522105734966,26.179703836194584,26.221747684954753,280598800
2015-02-05,26.6451416015625,26.70956644149515,26.49185485500207,26.66291262696814,168984800
2015-02-06,26.420753479003906,26.713996449152905,26.314118901268312,26.662900325573553,174826400
2015-02-09,26.596256256103516,26.62291363042409,26.309677617863073,26.336336687082827,155559200
2015-02-10,27.10721778869629,27.1360988800661,26.694013099240877,26.69623341788492,248034000
2015-02-11,27.742576599121094,27.75146295792522,27.213850962022807,27.27383176532612,294247200
2015-02-12,28.093576431274414,28.320174313577628,27.895859634991865,28.004714549879026,297898000
2015-02-13,28.231311798095703,28.275741890345774,27.913631723299513,28.275741890345774,217088800
2015-02-17,28.39792823791504,28.631190468113697,28.195767412422946,28.32239504441379,252609600
2015-02-18,28.59564208984375,28.608970777658705,28.313505768499276,28.3534935268434,179566800
2015-02-19,28.535655975341797,28.664505590828465,28.50899860310252,28.542320318401615,149449600
2015-02-20,28.768932342529297,28.768932342529297,28.446809839820006,28.573435810214793,195793600
2015-02-23,29.54646873474121,29.54646873474121,28.804475521420645,28.88445106110666,283896400
2015-02-24,29.362077713012695,29.679759521946426,29.139923834524474,29.5331371485924,276912400
2015-02-25,28.611194610595703,29.235449814940566,28.469016273438623,29.22656176210634,298846800
2015-02-26,28.973308563232422,29.07327713106697,28.126902824541162,28.61119665484146,365150000
2015-02-27,28.53788185119629,29.006626557541264,28.489007738512104,28.87999725018723,248059200
2015-03-02,28.677837371826172,28.942200974389138,28.502337335981014,28.713382798513294,192386800
2015-03-03,28.737821578979492,28.773367007798193,28.455685246153877,28.6489613967314,151265200
2015-03-04,28.555654525756836,28.78225240299768,28.506783797135036,28.680063529790168,126665200
2015-03-05,28.08247184753418,28.60231109584079,27.938071491371385,28.56454534427654,226068400
2015-03-06,28.12468147277832,28.740046987832674,28.049149965508676,28.52455744842278,291368400
2015-03-09,28.244640350341797,28.784475968478535,27.782559935616113,28.426806439526047,354114000
2015-03-10,27.66037368774414,28.262410360171007,27.502644672745152,28.082466301280466,275426400
2015-03-11,27.156089782714844,27.718138827229005,27.127210388514765,27.713696495390376,275756000
2015-03-12,27.647045135498047,27.747015381976055,27.020571364853275,27.171636046173965,193450800
2015-03-13,27.455989837646484,27.858089404925604,27.231615699468243,27.635935584623006,207309200
2015-03-16,27.75812339782715,27.75812339782715,27.296044669322946,27.520418841684812,143497200
2015-03-17,28.222423553466797,28.28462635641722,27.913629856749154,27.96916831579764,204092400
2015-03-18,28.54010581970215,28.69339252092788,28.073583066505737,28.213539383994842,261083600
2015-03-19,28.324615478515625,28.713384710573685,28.302400432806465,28.602307787128524,183238000
2015-03-20,27.96917724609375,28.52456031900796,27.804783829392747,28.491238588858963,274780400
2015-03-23,28.260194778442383,28.40237312558268,28.106908059378792,28.240201742859963,150838800
2015-03-24,28.14467430114746,28.44457999143216,28.115793213344112,28.26463759420105,131369200
2015-03-25,27.409345626831055,28.173555530969583,27.409345626831055,28.11135271456754,206620800
2015-03-26,27.60039520263672,27.74257353801557,27.23606300636597,27.27160843766041,190291600
2015-03-27,27.38046646118164,27.702588918059213,27.304934953461245,27.673709523030762,158184800
2015-03-30,28.073579788208008,28.080244131848396,27.547074606928014,27.558182976261453,188398800
2015-03-31,27.642601013183594,28.10023735860415,27.627050312947922,28.01137548801493,168362400
2015-04-01,27.602617263793945,27.795891733269624,27.34713998434433,27.72924489692644,162485600
2015-04-02,27.840322494506836,27.893638947918962,27.58928923541274,27.77589766980492,128880400
2015-04-06,28.291297912597656,28.3268433490019,27.620393902014577,27.651495311418447,148776000
2015-04-07,27.993610382080078,28.462353501011048,27.986946036985735,28.35572058970243,140049200
2015-04-08,27.90252113342285,28.08024487808575,27.762564828557807,27.9580595917676,149316800
2015-04-09,28.11579704284668,28.120241069990733,27.693705988748246,27.958067977227838,129936000
2015-04-10,28.235750198364258,28.26018725416947,27.826987982893712,27.980272966245597,160752000
2015-04-13,28.18021583557129,28.56232242775019,28.126899385571637,28.517888945434937,145460400
2015-04-14,28.058032989501953,28.2779648347118,27.971393120331427,28.213540012397917,102098400
2015-04-15,28.164661407470703,28.242414906537324,27.993603709524145,28.08246557769992,115881600
2015-04-16,28.029151916503906,28.23575507267787,28.015823227363466,28.053588976527664,113476000
2015-04-17,27.713695526123047,28.022489272545602,27.649270699868765,27.891419301645175,207828000
2015-04-20,28.346830368041992,28.462349622032768,27.806996455276874,27.895858332523268,188217200
2015-04-21,28.193553924560547,28.48013098094247,28.140235765089624,28.457917623512692,129740400
2015-04-22,28.573429107666016,28.628967574063935,28.062476233744846,28.211318916915396,150618000
2015-04-23,28.806697845458984,28.97331328225374,28.466802625581657,28.502348065649812,183083600
2015-04-24,28.94219970703125,29.01995490077968,28.708937515584285,28.98885350123997,178103600
2015-04-27,29.468708038330078,29.575344331297668,29.135477249853828,29.39317653982719,387816800
2015-04-28,29.004405975341797,29.8885773449825,28.784475834361594,29.87080802009011,475696000
2015-04-29,28.577871322631836,29.233224506626065,28.502339826670195,28.91554612607042,253544400
2015-04-30,27.802562713623047,28.577879399958032,27.675935050268052,28.577879399958032,332781600
2015-05-01,28.64674186706543,28.90888520558984,27.835881568938238,28.013603654255334,234050400
2015-05-04,28.591205596923828,29.006635685468652,28.493457340795633,28.768929390811504,203953200
2015-05-05,27.946958541870117,28.535664962892916,27.942514515164522,28.469018121505634,197085600
2015-05-06,27.771455764770508,28.1580030240195,27.40490154027082,28.115793246349376,288564000
2015-05-07,27.94322395324707,28.12615094289495,27.666601323454554,27.833912656741475,175763600
2015-05-08,28.469703674316406,28.469703674316406,28.132849635444217,28.26000621009435,222201600
2015-05-11,28.179697036743164,28.456318032718876,28.02577002755684,28.41839452963739,168143200
2015-05-12,28.079303741455078,28.30461510965887,27.845067196000144,28.019070708862035,192640000
2015-05-13,28.11054039001465,28.373777003589282,28.079309071622678,28.141771708406623,138776800
2015-05-14,28.766401290893555,28.766401290893555,28.36708631302993,28.42285677051672,180814000
2015-05-15,28.726247787475586,28.886866975073346,28.601322509112556,28.793173016301076,152832000
2015-05-18,29.043018341064453,29.161251415641654,28.634778263125877,28.63924085196594,203531600
2015-05-19,29.01624870300293,29.196944399824076,28.920321767728332,29.154558317071896,178532800
2015-05-20,29.01402473449707,29.219259627089205,28.85340553091038,29.000640368191327,145819600
2015-05-21,29.310718536376953,29.36425939557472,28.962711461487057,29.016252320684828,158921600
2015-05-22,29.5672607421875,29.66318768776386,29.312947622321087,29.357566706193726,182384000
2015-05-26,28.915857315063477,29.64979822876504,28.804316432466926,29.580643426188395,282790400
2015-05-27,29.45571517944336,29.504793440770733,29.011784639197113,29.07647685424266,183332800
2015-05-28,29.397724151611328,29.43564765535413,29.246030136640115,29.41557110701242,122933200
2015-05-29,29.063095092773438,29.32410037647806,28.978322923995577,29.275022110760137,203538000
2015-06-01,29.12110137939453,29.310722301615094,29.011793458266705,29.06310132744831,128451200
2015-06-02,28.991716384887695,29.147872986498268,28.848944148563945,28.96940684010392,134670400
2015-06-03,29.027406692504883,29.210335427396807,28.978328417483077,29.147872787179708,123934000
2015-06-04,28.857860565185547,29.130020622006,28.757474440217543,28.906938831429102,153800400
2015-06-05,28.699474334716797,28.93148133012239,28.634782105665426,28.889095240348773,142507200
2015-06-08,28.50985336303711,28.8243995030071,28.293463755025808,28.755241288975867,210699200
2015-06-09,28.425090789794922,28.572325637437768,28.023544454548144,28.264471574904388,224301600
2015-06-10,28.750791549682617,28.853407300291966,28.52101580147365,28.5366314637811,156349200
2015-06-11,28.686086654663086,29.040785884994175,28.66154752152306,28.817704094251404,141563600
2015-06-12,28.369314193725586,28.6280899177964,28.35592982936992,28.596858599647057,147544800
2015-06-15,28.313549041748047,28.384935168311724,28.043620197492285,28.130621986054905,175955600
2015-06-16,28.46523666381836,28.521007112494328,28.19084700944085,28.338080108916312,125976400
2015-06-17,28.398313522338867,28.52769967147499,28.273386558306026,28.492007468879212,131672400
2015-06-18,28.52770233154297,28.62362758155856,28.380469216390665,28.38270051112941,141628800
2015-06-19,28.24216079711914,28.51432091610068,28.197545109605183,28.489781777374187,218867600
2015-06-22,28.467472076416016,28.56785821776298,28.34923898043604,28.4407016444665,136157200
2015-06-23,28.33808135986328,28.46746921497815,28.304618748784733,28.438469193098925,121075600
2015-06-24,28.579008102416992,28.956016870163037,28.358157608035224,28.378234152079482,221123600
2015-06-25,28.442930221557617,28.822168610386743,28.442930221557617,28.74632161341256,127752400
2015-06-26,28.275617599487305,28.55223854954749,28.222078445083824,28.480852443016506,176267200
2015-06-29,27.780376434326172,28.213155673337432,27.76922336545233,27.987842577545283,196645600
2015-06-30,27.981157302856445,28.135084328331757,27.854000712848862,28.012388626579046,177482800
2015-07-01,28.24216079711914,28.31800950826813,28.106080737628375,28.30908603036946,120955200
2015-07-02,28.20646858215332,28.26223904252488,28.05700245485321,28.20423728718423,108844000
2015-07-06,28.108312606811523,28.159622180282202,27.851768143416965,27.871846394593984,112241600
2015-07-07,28.039154052734375,28.141771484058385,27.610835671669097,28.083769735230312,187787200
2015-07-08,27.343141555786133,27.80492090486777,27.336449372781665,27.769228694850813,243046400
2015-07-09,26.785432815551758,27.67552875946639,26.595813617752484,27.628681783679212,314380000
2015-07-10,27.501522064208984,27.62867861303297,27.039742839324095,27.20259329054447,245418000
2015-07-13,28.032461166381836,28.05476900706943,27.733530654834784,27.8919185362896,165762000
2015-07-14,28.02130699157715,28.19084964797463,27.89415042477383,28.117232240357136,127072400
2015-07-15,28.291236877441406,28.364854287903665,28.014615891982935,28.045847211213122,134596800
2015-07-16,28.668243408203125,28.681631176702723,28.40946938252491,28.496471156000958,144889600
2015-07-17,28.915857315063477,28.915857315063477,28.623620747293728,28.795394659600547,184658800
2015-07-20,29.462411880493164,29.66318411792523,29.156787531745444,29.217020564558172,235600800
2015-07-21,29.167943954467773,29.652031028831786,29.072020418957113,29.63641707363706,307025600
2015-07-22,27.934309005737305,27.99677165024984,27.213753894871886,27.213753894871886,461802400
2015-07-23,27.92091941833496,28.35146566635156,27.898609876341503,28.15292299685926,203998000
2015-07-24,27.7736873626709,28.050308350612383,27.639838607343037,27.956614392080805,168649200
2015-07-27,27.38775062561035,27.57514021435014,27.242748823607876,27.45913673037337,177822000
2015-07-28,27.52383804321289,27.642072853388193,27.33868140119759,27.52383804321289,134472400
2015-07-29,27.43682861328125,27.550600801647835,27.27620945369995,27.47252251628997,148046800
2015-07-30,27.298526763916016,27.34314245339669,27.151291925066765,27.287371990556117,134513200
2015-07-31,27.059829711914062,27.358758580880675,26.972827924559333,27.349835102436668,171540000
2015-08-03,26.421812057495117,27.343139387606957,26.216575483749125,27.10444190149192,279904000
2015-08-04,25.574100494384766,26.256730339924655,25.26401689121604,26.194267700722214,496554400
2015-08-05,25.74364471435547,26.19873187286403,25.00747396047822,25.197093184361943,397250400
2015-08-06,25.799663543701172,26.10666963037693,25.573332274014806,25.987901363976874,211612000
2015-08-07,25.887060165405273,26.050647781151817,25.658487491973187,25.67641522980246,154681600
2015-08-10,26.828245162963867,26.888749139404773,26.113392450836592,26.113392450836592,219806400
2015-08-11,25.432153701782227,26.48314379074808,25.39629993693712,26.400229288163885,388331200
2015-08-12,25.824316024780273,25.864652581979026,24.567161986716236,25.217027981725828,404870000
2015-08-13,25.804140090942383,26.084254504196895,25.667444120499564,26.00358141640498,194143200
2015-08-14,25.985660552978516,26.06409226748677,25.548682636658828,25.61815048241141,171718000
2015-08-17,26.254575729370117,26.364380147426203,25.882582809469096,26.00359249270135,163538800
2015-08-18,26.106666564941406,26.317313177027447,25.99686217998892,26.09098022423391,138242800
2015-08-19,25.77277183532715,26.1111488736232,25.698821207216227,26.017030824945476,193146000
2015-08-20,25.243921279907227,25.624876349203426,25.015346870582803,25.564372364196007,274006400
2015-08-21,23.69992446899414,25.07584654572496,23.67527425999058,24.74643167057096,513102000
2015-08-24,23.10832977294922,24.381170314711177,20.616430202546656,21.25957380369911,648825200
2015-08-25,23.24726676940918,24.898822808248347,23.19348525333025,24.898822808248347,414406400
2015-08-26,24.580604553222656,24.625422182789382,23.54081981819115,23.997965110757313,387098400
2015-08-27,25.304426193237305,25.376135445724387,24.654560130876177,25.149804132686572,338464400
2015-08-28,25.387338638305664,25.391819718233755,24.99517832179051,25.13635542024998,212657600
2015-08-31,25.268569946289062,25.665211336256274,25.098259847186128,25.104982321810155,224917200
2015-09-01,24.139144897460938,25.071364966794416,24.05847179313516,24.683687496818415,307383600
2015-09-02,25.174449920654297,25.174449920654297,24.455116078463785,24.701618210100655,247555200
2015-09-03,24.73298454284668,25.27304427956988,24.659033922356738,25.208057526080186,212935600
2015-09-04,24.48648452758789,24.75091264237606,24.316176169352293,24.41925808397372,199985200
2015-09-08,25.167720794677734,25.223743680755945,24.721779100206344,25.042230076961033,219374400
2015-09-09,24.68368148803711,25.550914583902948,24.598525615487812,25.492652019159635,340043200
2015-09-10,25.225988388061523,25.385093200258346,24.627664296486913,24.71057708457534,251571200
2015-09-11,25.5935001373291,25.5935001373291,25.04447642895034,25.051198903061266,199662000
2015-09-14,25.839998245239258,26.1940633341851,25.739157723175833,26.124595494971757,233453600
2015-09-15,26.057373046875,26.113395951330677,25.640562500950097,25.978941322573725,173364800
2015-09-16,26.086503982543945,26.11563527506457,25.8691348569455,26.050648505887892,148694000
2015-09-17,25.52851104736328,26.104426309438182,25.48369341758183,25.918431607130465,256450400
2015-09-18,25.423194885253906,25.61367413959176,25.069131407185214,25.145321741173582,297141200
2015-09-21,25.81759262084961,25.853448096928165,25.470251672175387,25.472491357167897,200888000
2015-09-22,25.411985397338867,25.58677655538758,25.21478371364652,25.407502608336912,201384800
2015-09-23,25.61815071105957,25.707787689733248,25.389578039640703,25.46352696558956,143026800
2015-09-24,25.77053451538086,25.882580317621645,25.181174211080297,25.37837420753811,200878000
2015-09-25,25.705547332763672,26.149249454783625,25.550923581051936,26.09322655456149,224607600
2015-09-28,25.196861267089844,25.674175782638905,25.196861267089844,25.51282954930308,208436000
2015-09-29,24.43942642211914,25.43663494850679,24.17051721819608,25.28425261036825,293461600
2015-09-30,24.71729850769043,24.99517154939205,24.365474844587325,24.688165512159813,265892000
2015-10-01,24.555957794189453,24.564921663298826,24.047268907752663,24.441670600148974,255716400
2015-10-02,24.735227584838867,24.876406372152566,24.101049723055393,24.204131643026145,232079200
2015-10-05,24.824859619140625,24.957074511937023,24.441663304926312,24.62317689858501,208258800
2015-10-06,24.943634033203125,25.039993484121485,24.598532783627668,24.791251685464392,192787200
2015-10-07,24.824859619140625,25.046709756910445,24.51785531477297,25.03998728450571,187062400
2015-10-08,24.53803062438965,24.69265437816253,24.248952250228,24.69265437816253,247918400
2015-10-09,25.12514877319336,25.161002537255133,24.535786818714605,24.650074004172488,211064400
2015-10-12,25.00861167907715,25.266317252412986,24.97275792722171,25.261836174561996,121868800
2015-10-13,25.051198959350586,25.19909851917271,24.802457158588552,24.833829844298798,132197200
2015-10-14,24.697132110595703,24.99069152478597,24.551472245882195,24.939151420302792,177849600
2015-10-15,25.06688690185547,25.120668407978943,24.75988078960425,24.858481642233333,150694000
2015-10-16,24.88312530517578,25.098252982722897,24.76883813877541,25.04895256938616,156930400
2015-10-19,25.037750244140625,25.042231322989416,24.674721308804738,24.82934502917273,119036800
2015-10-20,25.49490737915039,25.58454438499294,24.833837666718484,24.950364577535222,195871200
2015-10-21,25.4926700592041,25.900516849435743,25.479223395785496,25.546451583827,167180800
2015-10-22,25.88257598876953,25.88257598876953,25.56884745302967,25.620389265700716,166616400
2015-10-23,26.684829711914062,26.71844379583291,26.068577775574017,26.151490578266074,237467600
2015-10-26,25.833276748657227,26.47193740180466,25.75260364408249,26.460733848753367,265335200
2015-10-27,25.669687271118164,26.115628968824417,25.54419484280834,25.86016474322925,279537600
2015-10-28,26.727397918701172,26.73412210120959,26.00806426175372,26.2030245221103,342205600
2015-10-29,27.00975227355957,27.04560773958633,26.503304928869266,26.599664356712783,204909200
2015-10-30,26.77895164489746,27.164389548816906,26.76774637874583,27.112847718076413,197461200
2015-11-02,27.15541648864746,27.195753039586744,26.803592792553772,27.070262307634753,128813200
2015-11-03,27.466903686523438,27.67306752074972,27.04785183483226,27.068020965182114,182076000
2015-11-04,27.339176177978516,27.747022836180697,27.254021982418337,27.592399079550855,179544400
2015-11-05,27.2131404876709,27.611481338312984,27.046603387668622,27.422437786228294,158210800
2015-11-06,27.244651794433594,27.41343990989622,27.145630600923205,27.255905022265036,132169200
2015-11-09,27.134376525878906,27.413439053970233,27.017350858292687,27.22214620581893,135485600
2015-11-10,26.279186248779297,26.571753032227548,26.119400355881204,26.308443957325128,236511600
2015-11-11,26.13065528869629,26.425471363562412,25.928109172871483,26.18916899260163,180872000
2015-11-12,26.042875289916992,26.290430792668833,26.027121804750998,26.164402911340865,130102400
2015-11-13,25.282207489013672,26.009122369930957,25.266454000795722,25.925852951063824,183249600
2015-11-16,25.696306228637695,25.709808730253343,24.980644453978773,25.066163159214113,152426800
2015-11-17,25.586029052734375,25.892098314595156,25.502759628683492,25.86284060822513,110467600
2015-11-18,26.39621353149414,26.441223013208187,25.99337231724725,26.051886017076846,186698800
2015-11-19,26.731534957885742,26.94983451847588,26.276933076812536,26.474977171646167,173183200
2015-11-20,26.848567962646484,26.988098395291118,26.747294046660585,26.8260615033151,137148400
2015-11-23,26.499740600585938,26.945342089732687,26.407468917433594,26.84181717600013,129930000
2015-11-24,26.754043579101562,26.85981774995822,26.3579553319384,26.40521580289531,171212800
2015-11-25,26.562744140625,26.832806115487394,26.537988416670917,26.828304138222336,85553200
2015-11-27,26.513233184814453,26.648265033252525,26.46597272466164,26.621258320164657,52185600
2015-11-30,26.623506546020508,26.873313035905824,26.499727936797658,26.55373964036713,156721200
2015-12-01,26.4074649810791,26.7382899936015,26.299441538419742,26.7247874925195,139409600
2015-12-02,26.16891098022461,26.580754422891076,26.12390149974809,26.407464317353075,133546400
2015-12-03,25.925857543945312,26.28368929257516,25.70530866982279,26.229677568688263,166278000
2015-12-04,26.787805557250977,26.83731702480531,25.905606533379768,25.946115759833138,231108000
2015-12-07,26.619014739990234,26.974595501438618,26.513240563875687,26.776551368012537,128336800
2015-12-08,26.607759475708008,26.691027181077096,26.29943923103996,26.44797188091549,137238000
2015-12-09,26.020374298095703,26.486229388709443,25.898846659196288,26.474976161829343,185445600
2015-12-10,26.144149780273438,26.317439849550986,25.99561715217966,26.114893795785594,116850800
2015-12-11,25.471256256103516,25.968618447785566,25.396989060652793,25.92360896284671,187544800
2015-12-14,25.3137149810791,25.358724454708142,24.708327773860752,25.246199053634182,257274800
2015-12-15,24.865859985351562,25.385728450194634,24.834353013785456,25.192184643716466,213292400
2015-12-16,25.057153701782227,25.20343705615663,24.485526216013525,24.996390745011965,224954000
2015-12-17,24.52603530883789,25.261950620429094,24.52603530883789,25.210188184389988,179091200
2015-12-18,23.862138748168945,24.647565648243024,23.812627291848816,24.51028622435749,385813200
2015-12-21,24.154706954956055,24.163709194553643,23.758616997670288,24.143453726208655,190362400
2015-12-22,24.1322078704834,24.24248232664674,23.95666673269015,24.170466109988755,131157600
2015-12-23,24.442768096923828,24.49677980942645,24.12544563734299,24.141199125031314,130629600
2015-12-24,24.31224250793457,24.530542102280638,24.29423802825616,24.530542102280638,54281600
2015-12-28,24.039926528930664,24.235721344204507,23.895894153442327,24.213214890470855,106816800
2015-12-29,24.472028732299805,24.627314366870127,24.04893375615379,24.071438497554865,123724800
2015-12-30,24.152454376220703,24.463023895390158,24.12094739820358,24.43601889537635,100855200
2015-12-31,23.6888484954834,24.087187669568237,23.58982559067075,24.082687408895573,163649200
2016-01-04,23.7091007232666,23.7136027006519,22.955180909349973,23.092462030579718,270597600
2016-01-05,23.11496925354004,23.821628682951236,23.047455038507994,23.79912394460722,223164000
2016-01-06,22.66261863708496,23.038454840426148,22.47582774698311,22.631111657212283,273829600
2016-01-07,21.706151962280273,22.534339089007176,21.70165170114115,22.208016070870872,324377600
2016-01-08,21.8209228515625,22.304782359296947,21.77591338354117,22.178754475236307,283192000
2016-01-11,22.17425537109375,22.293532022104593,21.906444365766593,22.273278273971293,198957600
2016-01-12,22.496082305908203,22.660370178573043,22.24402474087501,22.628863197569107,196616800
2016-01-13,21.91769790649414,22.772891657948627,21.8974441580709,22.577096838183675,249758400
2016-01-14,22.397052764892578,22.61310302363857,21.54636109520953,22.045974099182413,252680400
2016-01-15,21.85918426513672,21.989714145273158,21.46084509223923,21.649886945952915,319335600
2016-01-19,21.753408432006836,22.201258987245012,21.49234871249039,22.147247282759277,212350800
2016-01-20,21.78267478942871,22.09774636350111,21.024252708904672,21.40233825439116,289337600
2016-01-21,21.672391891479492,22.02797083685336,21.36632267791624,21.843429256646218,208646000
2016-01-22,22.82465362548828,22.833655864278438,22.13824965850337,22.196761635137154,263202000
2016-01-25,22.37905502319336,22.84941043244113,22.327292576954793,22.84715944338687,207178000
2016-01-26,22.502832412719727,22.7031275176358,22.070735223485162,22.48932991211915,300308000
2016-01-27,21.02424430847168,21.74665713553977,21.006239833260953,21.6138779941135,533478800
2016-01-28,21.175031661987305,21.271803587071275,20.792445939749225,21.107517443534352,222715200
2016-01-29,21.906444549560547,21.906444549560547,21.233543122909527,21.33256602661787,257666000
2016-02-01,21.70165252685547,21.764666487210278,21.46985043683529,21.71065476647782,163774000
2016-02-02,21.26280403137207,21.613882790889953,21.217792833355904,21.474350652542302,149428800
2016-02-03,21.683645248413086,21.79391966479839,21.172780664055452,21.37982699763643,183857200
2016-02-04,21.857873916625977,22.023053229116783,21.5388313080044,21.69043312718145,185886800
2016-02-05,21.274089813232422,21.930278870059077,21.199421375297714,21.839769736993652,185672400
2016-02-08,21.49810218811035,21.654228686840714,21.052346092950472,21.072709743355976,216085600
2016-02-09,21.493579864501953,21.70853933097506,21.25373206268932,21.33519013242165,177324800
2016-02-10,21.330659866333008,21.801306022687154,21.292194042117465,21.70400899734777,169374400
2016-02-11,21.201690673828125,21.432489134607646,20.95052855691329,21.22205605628221,200298800
2016-02-12,21.267303466796875,21.382702662950162,21.0455578874008,21.31255889975809,161405600
2016-02-16,21.866928100585938,21.91444501811858,21.407596171451875,21.500366802924592,196231600
2016-02-17,22.201810836791992,22.222174489604072,21.75605468895267,21.87371537772114,179452800
2016-02-18,21.78093910217285,22.376033728646146,21.742471557414063,22.364719440249203,156084000
2016-02-19,21.731155395507812,21.8940714540553,21.676850618097898,21.722104311553203,141496800
2016-02-22,21.921232223510742,21.925758630555652,21.704011295953993,21.79225724382647,137123200
2016-02-23,21.425691604614258,21.83524328373193,21.39401366956195,21.81261643388285,127770400
2016-02-24,21.744741439819336,21.808097331140345,21.115705481248508,21.26504584763537,145022800
2016-02-25,21.894081115722656,21.894081115722656,21.552409882510005,21.733428188848517,110330800
2016-02-26,21.928016662597656,22.17917695216546,21.853346500833084,21.993634012407416,115964400
2016-02-29,21.87824249267578,22.2267016158335,21.869191404582505,21.916708322333303,140865200
2016-03-01,22.74711799621582,22.801422778791125,22.043412120248583,22.095455426358438,201628400
2016-03-02,22.796905517578125,22.828583461581438,22.545743442752926,22.742600717332223,132678400
2016-03-03,22.966609954833984,23.014126871720247,22.72902364408416,22.758440111431735,147822800
2016-03-04,23.30827522277832,23.47571599081362,22.93718934425789,23.163461305615133,184220400
2016-03-07,23.050325393676758,23.26754627006933,22.844417079594944,23.16798605435346,143315600
2016-03-08,22.86026382446289,23.02544317251674,22.717713061364464,22.80369581471164,126247600
2016-03-09,22.880619049072266,22.984703933653588,22.688286520238503,22.92360954350327,108806800
2016-03-10,22.891939163208008,23.134050148301274,22.661142469303154,22.946245689330233,134054400
2016-03-11,23.13857650756836,23.143101188243314,22.966609294506334,23.134050100574946,109632800
2016-03-14,23.197404861450195,23.285652530351765,23.029964063512647,23.059380528585958,100304400
2016-03-15,23.663522720336914,23.799285555257,23.498343424866768,23.52323347933923,160270800
2016-03-16,23.978044509887695,24.054976162517963,23.66578803991725,23.670314446729847,153214000
2016-03-17,23.9395751953125,24.09117700139507,23.74950584220155,23.87621759339676,137682800
2016-03-18,23.966720581054688,24.09795870474891,23.801543051506524,24.06175437008111,176820800
2016-03-21,23.964468002319336,24.358180793260605,23.79023759809888,23.96899268267387,142010800
2016-03-22,24.147750854492188,24.276725840064824,23.80607961237857,23.815130700563138,129777600
2016-03-23,24.01424789428711,24.226944136945665,23.962206298520723,24.093444479153383,102814000
2016-03-24,23.9101619720459,24.041400147165657,23.733670087176467,23.86490826229623,104532000
2016-03-28,23.80154800415039,24.027819963953874,23.77213154453238,23.984827739169436,77645600
2016-03-29,24.364971160888672,24.38986122117192,23.731408814927196,23.73367201849436,124760400
2016-03-30,24.790353775024414,24.984947786090817,24.573132914691254,24.584447202483602,182404400
2016-03-31,24.66138458251953,24.867292929364638,24.63649452463016,24.826563900665512,103553600
2016-04-01,24.887662887573242,24.889926091496275,24.48263570128973,24.613873907725036,103496000
2016-04-04,25.143348693847656,25.38545969784602,24.951016086537226,24.984957236434276,149424800
2016-04-05,24.846921920776367,25.055093423792876,24.75867599964724,24.77904137254055,106314800
2016-04-06,25.107139587402344,25.111665993901667,24.70890040505678,24.94196200286057,105616400
2016-04-07,24.55956268310547,24.98495341463235,24.464528858985368,24.87860530017105,127207600
2016-04-08,24.586711883544922,24.83787216971988,24.475837380731146,24.64327987327185,94326800
2016-04-11,24.668170928955078,25.027944281096357,24.62518042590393,24.656858365549297,117630000
2016-04-12,24.989477157592773,25.00305292350047,24.586713323361767,24.74057660716404,108929200
2016-04-13,25.351512908935547,25.419393467312176,25.070936136412072,25.070936136412072,133029200
2016-04-14,25.365087509155273,25.430706587658513,25.190858851715603,25.256477930218843,101895600
2016-04-15,24.85598373413086,25.410351278747903,24.828832193644583,25.367359037886366,187756000
2016-04-18,24.319713592529297,24.65233195880117,24.19752651404814,24.63875619218712,243286000
2016-04-19,24.190736770629883,24.437372385517694,24.03687176433501,24.41021912805927,129539600
2016-04-20,24.240522384643555,24.45774333015846,23.99841137727936,24.12964957133585,122444000
2016-04-21,23.978044509887695,24.195265426295872,23.87622107242492,24.195265426295872,126210000
2016-04-22,23.91242027282715,24.09343852734962,23.672572552955188,23.760818477297438,134732400
2016-04-25,23.77665901184082,23.905633965633438,23.6476840580482,23.75855683993214,112126400
2016-04-26,23.61148452758789,23.826443978608584,23.51192601443075,23.51192601443075,224064800
2016-04-27,22.133930206298828,22.33531217762968,21.6497081936248,21.72211517515591,458408400
2016-04-28,21.45737648010254,22.14750511847199,21.32613829168342,22.086412431487112,328970800
2016-04-29,21.210739135742188,21.43248647977647,20.93242551178816,21.267307141980485,274126000
2016-05-02,21.188106536865234,21.28766675328731,20.907529785324392,21.262776699181792,192640400
2016-05-03,21.53656768798828,21.66327944767617,21.19715970912294,21.31482038221623,227325200
2016-05-04,21.312559127807617,21.69948402059538,21.22883787067222,21.541092593013676,164102000
2016-05-05,21.226055145263672,21.415004791770283,21.098571883441945,21.39906938404257,143562000
2016-05-06,21.1076717376709,21.2738549773596,20.90961595527273,21.255644328876752,174799600
2016-05-09,21.123607635498047,21.34670328189043,21.07807667115257,21.17141384543927,131745600
2016-05-10,21.26702880859375,21.301176601729335,20.968808337989397,21.246541174809746,134747200
2016-05-11,21.059864044189453,21.301172053655105,21.048480869965076,21.28068442424547,114876400
2016-05-12,20.565866470336914,21.121332116024682,20.36781240640932,21.10767369418935,305258800
2016-05-13,20.60684585571289,20.86864330441437,20.488468800183266,20.488468800183266,177571200
2016-05-16,21.371746063232422,21.487847857715877,20.864088374636538,21.032548609984925,245039200
2016-05-17,21.282962799072266,21.55841863488551,21.17369195249664,21.52427258084862,187667600
2016-05-18,21.526552200317383,21.67452483291446,21.3740273385334,21.435493721946084,168249600
2016-05-19,21.444595336914062,21.544761734036086,21.30117668934936,21.544761734036086,121768400
2016-05-20,21.676794052124023,21.724600257195345,21.5174382983911,21.544756874215505,128104000
2016-05-23,21.952260971069336,22.125275231987118,21.779246710151554,21.824777692934866,152074400
2016-05-24,22.286895751953125,22.330147994064664,22.045585999624066,22.1320939575043,140560800
2016-05-25,22.678451538085938,22.705768375818476,22.334700189714447,22.46218339734215,152675200
2016-05-26,22.858304977416992,22.93115280482657,22.455364075159952,22.69211994844838,225324800
2016-05-27,22.84463882446289,22.871957403887855,22.59422459196804,22.637478575183707,145364800
2016-05-31,22.733095169067383,22.856026193792353,22.496339314429928,22.67390577120075,169228800
2016-06-01,22.414379119873047,22.660241101556068,22.384785297511208,22.541862338451534,116693200
2016-06-02,22.245922088623047,22.273238932612223,21.997783089138686,22.218603507805028,160766400
2016-06-03,22.29144859313965,22.37112560641008,22.1844530023928,22.26185477016167,114019600
2016-06-06,22.453083038330078,23.195221340147576,22.20722275072929,22.307387409815206,93170000
2016-06-07,22.544147491455078,22.735374125458055,22.528212083357264,22.594230698856553,89638000
2016-06-08,22.523658752441406,22.664800435311093,22.464469352331687,22.541869405927436,83392400
2016-06-09,22.685287475585938,22.762687521221583,22.41438384220326,22.42349003642433,106405600
2016-06-10,22.49861717224121,22.616994235748717,22.418940135569898,22.43032157690629,126851600
2016-06-13,22.15941619873047,22.564634036521227,22.10478076879256,22.466744617100094,152082000
2016-06-14,22.18672752380371,22.418931064526006,22.025096532860527,22.1548567220306,127727600
2016-06-15,22.1138916015625,22.403007691650878,22.088849995749197,22.268693466213215,117780800
2016-06-16,22.20722198486328,22.252751215893166,21.8702997700241,21.956806003712416,125307200
2016-06-17,21.70183563232422,22.002333018892624,21.695006422579475,21.99550380914788,244032800
2016-06-20,21.649471282958984,21.9841163904685,21.633535884355112,21.854356219886053,137647600
2016-06-21,21.833879470825195,21.93404413901869,21.553869628070824,21.61305902529588,142185600
2016-06-22,21.751924514770508,22.056974208762426,21.70639354317016,21.911278573299274,116876400
2016-06-23,21.87712860107422,21.92038258558164,21.68362676731434,21.840705564248605,128960800
2016-06-24,21.26247787475586,21.549316923000653,21.09174063551022,21.1509300314275,301245600
2016-06-27,20.952871322631836,21.18279792612506,20.8299403188878,21.171414750344976,181958400
2016-06-28,21.305728912353516,21.321666054463222,20.97563763003897,21.148651842251095,161779600
2016-06-29,21.49012565612793,21.524273448369915,21.31483446647255,21.392236244676305,146124000
2016-06-30,21.76329803466797,21.801998043822323,21.467354642699664,21.499225442806583,143345600
2016-07-01,21.829330444335938,21.961367692318017,21.70184716315569,21.738270213423142,104106000
2016-07-05,21.62444496154785,21.717782174146095,21.503790895958446,21.715505190787027,110820800
2016-07-06,21.747371673583984,21.776967240861612,21.483298971964736,21.535657420975962,123796400
2016-07-07,21.840707778930664,21.968191025990517,21.767859961063753,21.786070612908745,100558400
2016-07-08,22.009166717529297,22.056972932321376,21.86574807315307,21.96591273121933,115648400
2016-07-11,22.077463150024414,22.229987994048525,22.020550739254617,22.025102967911465,95179600
2016-07-12,22.177629470825195,22.24137109776262,22.109335614890412,22.12071705579834,96670000
2016-07-13,22.05242156982422,22.234540242351116,22.045590621589493,22.17535258561507,103568800
2016-07-14,22.4895076751709,22.535036907490163,22.154862433454767,22.170797838449396,155676000
2016-07-15,22.487224578857422,22.605603329629844,22.42348297620846,22.519095380181902,120548000
2016-07-18,22.72626495361328,22.794558806447593,22.44625512018853,22.469019737799965,145975600
2016-07-19,22.73537254333496,22.76496637436316,22.614716762614393,22.664799966530648,95119600
2016-07-20,22.755861282348633,22.869686119737427,22.705778076004894,22.76496747775924,105104000
2016-07-21,22.635196685791016,22.99260643918441,22.566901120448225,22.726256860638607,130808000
2016-07-22,22.45992088317871,22.605616556432643,22.380242096418137,22.596510359750596,113254800
2016-07-25,22.15941619873047,22.50089067529316,22.063803762131876,22.366578214856425,161531600
2016-07-26,22.00688934326172,22.302834557369803,21.949976935689307,22.041037135170935,224959200
2016-07-27,23.43653106689453,23.755240928260108,23.391001831054744,23.737028539192586,369379200
2016-07-28,23.752960205078125,23.778001801895453,23.406933551428555,23.4092105339107,159479200
2016-07-29,23.723369598388672,23.800771381822965,23.602715562898634,23.718817369635584,110934800
2016-08-01,24.14225196838379,24.165016591572975,23.76890659022699,23.76890659022699,152671600
2016-08-02,23.784833908081055,24.14679598308204,23.675561322388425,24.142243754724728,135266400
2016-08-03,24.083053588867188,24.09443502780804,23.85085000306549,23.859956196315437,120810400
2016-08-04,24.231821060180664,24.261575193565164,24.09677930907887,24.16544484302718,109634800
2016-08-05,24.600332260131836,24.639241929922044,24.302783823087015,24.323382443715563,162213600
2016-08-08,24.804031372070312,24.804031372070312,24.527083374554618,24.609479581688284,112148800
2016-08-09,24.904747009277344,24.93450290293659,24.72164174276166,24.771996258580785,105260800
2016-08-10,24.719343185424805,24.92533806121746,24.664411800625842,24.881849769039775,96034000
2016-08-11,24.70332908630371,24.932211964247323,24.685018036971154,24.83836914609631,109938000
2016-08-12,24.760547637939453,24.82005766994111,24.668994145530196,24.668994145530196,74641600
2016-08-15,25.05809211730957,25.071824527831648,24.73765581730807,24.751388227830148,103472800
2016-08-16,25.03521156311035,25.22976342968378,24.99630188829086,25.0924322894583,135177600
2016-08-17,24.998586654663086,25.032919433468297,24.797168616999258,24.97112008237138,101424000
2016-08-18,24.966541290283203,25.08555960199935,24.952807132065452,25.000874066471287,87938800
2016-08-19,25.030630111694336,25.10616187580563,24.801747248014788,24.895588314079816,101472400
2016-08-22,24.836082458496094,24.971122523094618,24.685018915482996,24.91619111937978,103280800
2016-08-23,24.91390037536621,25.021475605068048,24.840657925859944,24.854390339443075,85030800
2016-08-24,24.726215362548828,24.891011302987323,24.64610670990169,24.8498123178777,94700400
2016-08-25,24.620935440063477,24.69188858590681,24.417229782571646,24.579736444939392,100344800
2016-08-26,24.476736068725586,24.707906523282393,24.332538734832134,24.58431130314203,111065200
2016-08-29,24.44926643371582,24.591174432069376,24.32795880029892,24.403490561337307,99881200
2016-08-30,24.261587142944336,24.37602859173181,24.147145694156862,24.215811261924518,99455600
2016-08-31,24.28447914123535,24.392054400468783,24.17919320030682,24.18377183691662,118649600
2016-09-01,24.428667068481445,24.444688797948064,24.174606968198237,24.29362528048776,106806000
2016-09-02,24.65755844116211,24.71935606297476,24.449274139844583,24.650690486526795,107210000
2016-09-06,24.650684356689453,24.788015475435525,24.607197798908395,24.696461978350715,107521600
2016-09-07,24.801748275756836,24.893301774270007,24.506489159826664,24.68044063237792,169457200
2016-09-08,24.151714324951172,24.552259258738772,24.087627414943128,24.54768237069705,212008000
2016-09-09,23.604692459106445,24.197500068374616,23.604692459106445,23.950306121353805,186228000
2016-09-12,24.13340950012207,24.197496422009813,23.46735953427949,23.494826106333228,181171200
2016-09-13,24.707904815673828,24.900167332164877,24.54539818951082,24.60719754154775,248704800
2016-09-14,25.582239151000977,25.87063207350197,24.856680828536582,24.886436721019322,443554800
2016-09-15,26.451993942260742,26.488616040660265,25.97591714049353,26.0606044333641,359934400
2016-09-16,26.303218841552734,26.58016690302219,26.101802545821595,26.348996463017336,319547600
2016-09-19,25.99651527404785,26.5916103520135,25.920983512266076,26.365016812905786,188092000
2016-09-20,25.994226455688477,26.1201127277421,25.751611181808023,25.87520813630495,138057200
2016-09-21,25.989646911621094,26.090354172737744,25.735586822150456,26.058310715168247,144012800
2016-09-22,26.234554290771484,26.307796736816936,26.09264628757944,26.172754940092023,124296000
2016-09-23,25.797388076782227,26.273464865638555,25.531884855537015,26.188777575064645,209924800
2016-09-26,25.836299896240234,25.953030658642643,25.53188698083939,25.552485602666827,119477600
2016-09-27,25.884361267089844,25.904961632109924,25.712699125618776,25.863762648307365,98429600
2016-09-28,26.08120346069336,26.239133206587653,25.962185131514705,26.021695169222927,118564400
2016-09-29,25.67608070373535,26.046871585785244,25.589105840841654,25.900386687102312,143548000
2016-09-30,25.87520408630371,25.94844652051524,25.589100554815335,25.74016231139776,145516400
2016-10-03,25.753902435302734,25.875211835824874,25.698971029751696,25.7973907439095,86807200
2016-10-04,25.86376190185547,26.163597874842022,25.779074619195026,25.87749431398079,118947200
2016-10-05,25.87520408630371,26.014822749369028,25.792806129536068,25.95531272587298,85812400
2016-10-06,26.06747055053711,26.170467146015195,25.8935190762136,26.023982245396795,115117200
2016-10-07,26.106372833251953,26.22081423861776,25.980488335091923,26.163593535934858,97433600
2016-10-10,26.561861038208008,26.722078368474566,26.257446364463615,26.326110186190167,144944000
2016-10-11,26.619075775146484,27.166105639172304,26.596186093481776,26.939510363601958,256164000
2016-10-12,26.85711097717285,27.003597597873863,26.722070942935716,26.85940029446563,150347200
2016-10-13,26.774717330932617,26.880003235410353,26.486324442696798,26.731229029386608,140769600
2016-10-14,26.923484802246094,27.04708173144671,26.809043395160778,26.98070550578875,142608800
2016-10-17,26.90518569946289,26.97156020403492,26.728944887875503,26.854831181866494,94499600
2016-10-18,26.886869430541992,27.05624225539342,26.882290795519253,27.049376049096928,98214000
2016-10-19,26.806760787963867,26.953245676457854,26.046869774062202,26.836514930670027,80138400
2016-10-20,26.793025970458984,26.866268412905413,26.625942467176934,26.747250098769054,96503200
2016-10-21,26.687744140625,26.7586990226796,26.614501687003166,26.735809337104534,92770800
2016-10-24,26.92807388305664,26.94867250612925,26.779299646881928,26.802187587930813,94154800
2016-10-25,27.065401077270508,27.090578334250715,26.850250607162486,26.996735513463065,192516000
2016-10-26,26.45656967163086,26.48174692661736,25.93471701597914,26.16359988222903,264536800
2016-10-27,26.20250701904297,26.518364694258125,26.11553042647492,26.410789485284422,138248000
2016-10-28,26.028560638427734,26.369595630794517,25.96676128472614,26.062893418679984,151446800
2016-10-31,25.987363815307617,26.145293569875925,25.90954272383994,26.012541073173228,105677600
2016-11-01,25.518150329589844,26.040002986475454,25.29842298701894,25.969049856566283,175303200
2016-11-02,25.541044235229492,25.714995743584726,25.45864799046975,25.497557667819258,113326800
2016-11-03,25.26726722717285,25.64226108581835,25.202851276505207,25.531834243303255,107730400
2016-11-04,25.039518356323242,25.363901062752824,24.871576955783258,24.968200919535334,123348000
2016-11-07,25.400707244873047,25.423712696207485,25.182151069187302,25.32478767578631,130240000
2016-11-08,25.550241470336914,25.70208059611489,25.237362443161036,25.377697966609183,97016800
2016-11-09,25.508834838867188,25.61006093811463,24.85777191973571,25.27877679890741,236705600
2016-11-10,24.79795265197754,25.557143017878346,24.347039171303557,25.557143017878346,228538000
2016-11-11,24.945192337036133,25.04641843220124,24.512683871227594,24.643816878508083,136575600
2016-11-14,24.319427490234375,24.8025488700783,23.944433635754226,24.779543424410114,204702000
2016-11-15,24.641515731811523,24.77264873869325,24.422961305409807,24.517284184996708,129058000
2016-11-16,25.304088592529297,25.359303797363093,24.524191815092042,24.5471972728375,235362000
2016-11-17,25.294876098632812,25.386899648584652,25.03721226501154,25.262668119430153,110528000
2016-11-18,25.3201847076416,25.43061332773471,25.22816290530128,25.24196582461165,113715600
2016-11-21,25.704381942749023,25.764195760935156,25.308681889132192,25.333988410366057,117058400
2016-11-22,25.720487594604492,25.863122445096884,25.628464034646015,25.75499489378593,103862000
2016-11-23,25.58935546875,25.653771436366686,25.382302890551035,25.61926238079961,109705600
2016-11-25,25.718185424804688,25.736590487051203,25.524935781622954,25.566346294075945,45903600
2016-11-28,25.66758155822754,25.87463419452057,25.626171030968933,25.635373565382398,108776000
2016-11-29,25.64226531982422,25.77339831396523,25.32248482963467,25.48582580442763,114115200
2016-11-30,25.426008224487305,25.812505717013426,25.368493727118555,25.67447127436906,144649200
2016-12-01,25.18905258178711,25.522637770046657,25.083226101264454,25.39150476644213,148347600
2016-12-02,25.283376693725586,25.327086523891644,25.041815071172717,25.115433567203517,106112000
2016-12-05,25.101627349853516,25.313280278734737,24.903777338663584,25.306378819889094,137298000
2016-12-06,25.294876098632812,25.389200720014333,25.12003328444787,25.19135070193901,104782000
2016-12-07,25.5433406829834,25.580150807244582,25.113133325701664,25.136138775763236,119994800
2016-12-08,25.794103622436523,25.86542104085599,25.44441447910836,25.504230050636142,108273200
2016-12-09,26.215110778808594,26.387654294479216,25.837815764958435,25.837815764958435,137610400
2016-12-12,26.065576553344727,26.4566745180519,25.879228347983513,26.06327548149486,105497600
2016-12-13,26.500383377075195,26.66832474553946,26.169099272965543,26.18980365187071,174935200
2016-12-14,26.500383377075195,26.732740709071145,26.45207140442643,26.465874323696543,136127200
2016-12-15,26.64531898498535,26.854672619230723,26.509585599866277,26.544092897640045,186098000
2016-12-16,26.679834365844727,26.801764860773584,26.606215854461052,26.794863399581953,177404400
2016-12-19,26.833965301513672,27.00420773209918,26.629213819473506,26.640717421692816,111117600
2016-12-20,26.905282974243164,27.031815579034852,26.84316808520206,26.856971003832687,85700000
2016-12-21,26.930591583251953,27.008812223697966,26.86617561771019,26.870777761079413,95132800
2016-12-22,26.753448486328125,26.804061533698256,26.60391041597186,26.767251406445986,104343600
2016-12-23,26.806360244750977,26.806360244750977,26.592406211739476,26.592406211739476,56998000
2016-12-27,26.976604461669922,27.1008360056042,26.799458799777113,26.806360259684002,73187600
2016-12-28,26.861574172973633,27.151446006509776,26.732740491754218,27.036416999651617,83623600
2016-12-29,26.85466766357422,26.94208906047427,26.77874811207514,26.790249957476107,60158000
2016-12-30,26.64531898498535,26.96279841092744,26.555596500366864,26.83626755694915,122345200
2017-01-03,26.721235275268555,26.76264578272473,26.401454816935974,26.640715331660193,115127600
2017-01-04,26.691329956054688,26.804059646424857,26.629215064694332,26.65222051500545,84472400
2017-01-05,26.827064514160156,26.884579016290644,26.64301740526128,26.668323926614956,88774400
2017-01-06,27.12613868713379,27.183653185150572,26.79485461689209,26.86617203276788,127007600
2017-01-09,27.37459945678711,27.475825533009875,27.133039622896174,27.135338939026216,134247600
2017-01-10,27.402212142944336,27.464327038866397,27.215865699974678,27.323991499898003,97848400
2017-01-11,27.5494441986084,27.590854706860362,27.284877160065474,27.31708513812776,110354400
2017-01-12,27.434415817260742,27.44591941905576,27.195155292590645,27.35389587030523,108344800
2017-01-13,27.3861026763916,27.519536728605953,27.333188567684832,27.402206665093118,104447600
2017-01-17,27.606962203979492,27.662175636930506,27.19745921211967,27.225065050993486,137759200
2017-01-18,27.60466194152832,27.721992025791536,27.540245975329984,27.606963013236385,94852000
2017-01-19,27.55634880065918,27.62766622376003,27.46202592706161,27.468927386690293,102389200
2017-01-20,27.606962203979492,27.710487610163064,27.54484731131003,27.710487610163064,130391600
2017-01-23,27.625362396240234,27.793303737125175,27.55404322958216,27.606957336766985,88200800
2017-01-24,27.60005760192871,27.629964509038164,27.491930064774497,27.503433666464463,92844000
2017-01-25,28.039466857910156,28.090079895944434,27.671374429301515,27.703582407104573,129510400
2017-01-26,28.053272247314453,28.168301243893303,27.975051616935176,27.991155606248086,105350400
2017-01-27,28.05557632446289,28.147599888382786,27.975056364234295,28.09928791224563,82251600
2017-01-30,27.981950759887695,27.981950759887695,27.758795999365482,27.82091088008753,121510000
2017-01-31,27.91753387451172,27.926736403793036,27.749592541935872,27.871522983308115,196804000
2017-02-01,29.619970321655273,30.020272543535167,29.21966985497879,29.224270243127602,447940000
2017-02-02,29.569353103637695,29.76720311498404,29.396809611547503,29.44282226256012,134841600
2017-02-03,29.69588279724121,29.72118931402373,29.48422988888106,29.51873717976359,98029200
2017-02-06,29.974252700805664,30.02256642123465,29.65447224868922,29.707388111636728,107383600
2017-02-07,30.25952911376953,30.388361034891503,30.01106604714577,30.03177042509611,152735200
2017-02-08,30.376850128173828,30.418262384523125,30.188204434865806,30.218113091651087,92016400
2017-02-09,30.596351623535156,30.60328300257409,30.295978937889107,30.41843800174382,113399600
2017-02-10,30.52704620361328,30.716513372844734,30.510874154762057,30.605607739377785,80262000
2017-02-13,30.797382354736328,30.919844998644407,30.672613950957338,30.748862679899332,92141600
2017-02-14,31.19709587097168,31.213267912938225,30.78812689428164,30.838959355819387,132904800
2017-02-15,31.310317993164062,31.485922364828532,31.104678814998433,31.312630803712807,142492400
2017-02-16,31.27335548400879,31.400433156603963,31.155514952191538,31.347291392120912,90338400
2017-02-17,31.358850479125977,31.38426672331697,31.215597207664135,31.215597207664135,88792800
2017-02-21,31.58527374267578,31.59682721826465,31.418913565948206,31.47667741826679,98028800
2017-02-22,31.680007934570312,31.682317219483558,31.44895252071614,31.52288841982405,83347600
2017-02-23,31.546001434326172,31.765503414548835,31.49285966610156,31.742399984098633,83152800
2017-02-24,31.57603645324707,31.57603645324707,31.257178826160466,31.402744877765418,87106400
2017-02-27,31.638429641723633,31.756270209527685,31.48824496881444,31.686952850636004,81029600
2017-02-28,31.65228271484375,31.75625694694413,31.585274669836803,31.673076856138653,93931600
2017-03-01,32.29922866821289,32.38240874255942,31.793220368698762,31.860224874821586,145658400
2017-03-02,32.10747528076172,32.41246672120439,32.06126135817369,32.3477714603339,104844000
2017-03-03,32.29692077636719,32.30847425050728,32.02196430970943,32.06586539606659,84432400
2017-03-06,32.19525909423828,32.29461475112016,32.02428035196002,32.20219047429682,87000000
2017-03-07,32.23685073852539,32.34313424930706,32.06817775627844,32.130563702118074,69785200
2017-03-08,32.1167106628418,32.30155574588277,32.0751223701116,32.105157184096726,74828800
2017-03-09,32.04275894165039,32.068175174900205,31.66614106338095,32.0566252262074,88623600
2017-03-10,32.149051666259766,32.199884141766816,32.03352395385757,32.17446790401329,78451200
2017-03-13,32.16290283203125,32.216044573401916,32.075104199685086,32.082035577880184,69686800
2017-03-14,32.1143913269043,32.266885211484286,32.07973090151632,32.18601793683025,61236400
2017-03-15,32.45405197143555,32.521056504609845,32.12364082513216,32.21144302950852,102767200
2017-03-16,32.5071907043457,32.58343942329321,32.40783503094396,32.51412208555673,76928000
2017-03-17,32.34545135498047,32.57881607322998,32.32234440141568,32.57881607322998,175540000
2017-03-20,32.68509292602539,32.69433358919256,32.40089229347851,32.44017128178275,86168000
2017-03-21,32.310791015625,32.99471665093121,32.2853747768826,32.83528783751306,158119600
2017-03-22,32.67586135864258,32.71745317302266,32.292308464990825,32.31310613499406,103440800
2017-03-23,32.56034851074219,32.71284602376999,32.48872185252161,32.63890655358876,81385200
2017-03-24,32.49565124511719,32.74981375124967,32.42864668929741,32.69435915201319,89582400
2017-03-27,32.55108642578125,32.6296444169478,32.0288989566286,32.20681260478574,94300400
2017-03-28,33.225772857666016,33.281223906665865,32.491014727782115,32.55802277949188,133499200
2017-03-29,33.299713134765625,33.38520605590323,33.08483324044029,33.19804816408955,116760000
2017-03-30,33.25580596923828,33.387509255140365,33.15645382776915,33.315882636755454,84829200
2017-03-31,33.193416595458984,33.33436051768321,33.043228483724,33.207279354099846,78646800
2017-04-03,33.202667236328125,33.29971010159959,33.052482605089835,33.20498004721343,79942800
2017-04-04,33.44989776611328,33.477623291318075,33.080207643793266,33.0986925024719,79565600
2017-04-05,33.27660369873047,33.609324078860624,33.22808050761731,33.322814079164985,110871600
2017-04-06,33.193416595458984,33.39212436243698,33.14489341459069,33.3389790868133,84596000
2017-04-07,33.11948776245117,33.31357349667773,33.10331571407883,33.209599248029676,66688800
2017-04-10,33.08020782470703,33.24425874286062,33.01782186702875,33.17956349994475,75733600
2017-04-11,32.72438430786133,33.121799961435954,32.36162556132028,33.02706638137571,121517600
2017-04-12,32.76365661621094,32.84452389130721,32.581120874796,32.71744624106655,81400000
2017-04-13,32.590362548828125,32.897666631967866,32.590362548828125,32.789070319669406,71291600
2017-04-17,32.770591735839844,32.782145212350784,32.548776973958354,32.68972092588931,66328400
2017-04-18,32.625022888183594,32.819108584656504,32.604228747624155,32.673546075114686,58790000
2017-04-19,32.5048713684082,32.80986618297272,32.45172961458277,32.78214066369432,69313600
2017-04-20,32.91154098510742,33.02244662108617,32.6157902720797,32.629653035873716,93278400
2017-04-21,32.87227249145508,32.96700258288371,32.775229588236755,32.9115515099748,69283600
2017-04-24,33.188804626464844,33.260431251712454,33.08251756841505,33.156457004558625,68537200
2017-04-25,33.394447326660156,33.47993672371542,33.24194986789126,33.251194061188805,75486000
2017-04-26,33.19805908203125,33.410633286423845,33.128745238890005,33.380594937310754,80164800
2017-04-27,33.22345733642578,33.30895023936952,33.11255172184781,33.25349566926757,56985200
2017-04-28,33.191104888916016,33.34129300564496,33.103306239396055,33.2927698231632,83441600
2017-05-01,33.86810302734375,34.01135625590871,33.49379438464133,33.526142001595545,134411600
2017-05-02,34.08297348022461,34.21698600657856,33.92816681847734,34.08990485868905,181408800
2017-05-03,33.97901153564453,34.07836720551908,33.33436842652095,33.63935976585729,182788000
2017-05-04,33.85655212402344,33.99749607838162,33.690191931153905,33.854242838931896,93487600
2017-05-05,34.418006896972656,34.422625465577745,33.90968230042189,33.90968230042189,109310800
2017-05-08,35.35379409790039,35.51322292684159,34.43419436903658,34.43419436903658,195009600
2017-05-09,35.580230712890625,35.78586992640068,35.455458793091545,35.55250166092058,156521600
2017-05-10,35.41156005859375,35.56867961150019,35.145847678377294,35.49705297990931,103222800
2017-05-11,35.71781539916992,35.745658910310475,35.337320455257014,35.369801601438134,109020400
2017-05-12,36.21662521362305,36.29086629146974,35.884850329613776,35.89181032003133,130108000
2017-05-15,36.12382125854492,36.34422922660591,35.97301673833962,36.19574352326371,104038800
2017-05-16,36.07045364379883,36.207338157780946,35.896446825631735,36.1794981997311,80194000
2017-05-17,34.859375,35.86165623339559,34.7340916159149,35.63660707330941,203070800
2017-05-18,35.390655517578125,35.57626344772051,35.06352547914888,35.09600660141054,134272800
2017-05-19,35.51132583618164,35.72477386484505,35.41156358438235,35.58557047581027,107843200
2017-05-22,35.727088928222656,35.863973471889224,35.47651863090263,35.7294077451704,91865600
2017-05-23,35.68300247192383,35.93821037343643,35.56931673150193,35.93821037343643,79675600
2017-05-24,35.57627487182617,35.768842851420054,35.420829198216694,35.69227942289396,76712000
2017-05-25,35.69925308227539,35.810620042871896,35.50436621150047,35.66677193714624,76942400
2017-05-26,35.63893127441406,35.78509819474404,35.56932781043888,35.72941471552804,87710400
2017-05-30,35.65285110473633,35.82917681122101,35.57396883132312,35.59484880837146,80507600
2017-05-31,35.441715240478516,35.768848980184664,35.353554173882166,35.7224478598426,97804800
2017-06-01,35.53916931152344,35.573972817349585,35.31644245102639,35.53685049387354,65616400
2017-06-02,36.06582260131836,36.06582260131836,35.47187972823621,35.631966612345444,111082800
2017-06-05,35.71316146850586,35.83380719987951,35.60412044112713,35.80828605555389,101326800
2017-06-06,35.83381652832031,36.14934914931527,35.67837080520811,35.70621077347326,106499600
2017-06-07,36.0472526550293,36.1887783473258,35.84076469808959,35.96605159431426,84278400
2017-06-08,35.95909881591797,36.08670101408541,35.822210729231124,36.01941991941855,85003200
2017-06-09,34.56471633911133,36.00549447499846,33.87797135357596,36.00549447499846,259530800
2017-06-12,33.738765716552734,33.89421140172117,33.06361832949146,33.813010334042374,289229200
2017-06-13,34.01021957397461,34.20974757944908,33.67612584014028,34.14246648535844,136661600
2017-06-14,33.67845153808594,34.221352139331366,33.37219773829891,34.221352139331366,126124800
2017-06-15,33.47659683227539,33.52067913475004,32.99402094249624,33.251551226267416,128661600
2017-06-16,33.00795364379883,33.52533322761829,32.991711298658295,33.358286301332036,201444400
2017-06-19,33.95221710205078,34.045022883262455,33.330434298736115,33.330434298736115,130165600
2017-06-20,33.64365005493164,34.075187273103715,33.62741125315838,34.075187273103715,99600400
2017-06-21,33.843170166015625,33.88957482348066,33.55083994094887,33.76196909580847,85063200
2017-06-22,33.78749084472656,34.03573877374179,33.66916392232728,33.81997198142515,76425200
2017-06-23,33.93829345703125,34.142462613482856,33.66684321411892,33.67148438772323,141757600
2017-06-26,33.831581115722656,34.402321729330055,33.72949650771373,34.14479139191816,102769600
2017-06-27,33.346675872802734,33.910459977521306,33.32115472336808,33.64364731703564,99047600
2017-06-28,33.83389663696289,33.89885891933453,33.214432597089726,33.523005208444474,88329600
2017-06-29,33.335086822509766,33.67150306192424,33.01027529363114,33.57405960326066,125997600
2017-06-30,33.41395950317383,33.63204867536002,33.35827603149477,33.51372174056437,92096400
2017-07-03,33.29330825805664,33.710925376297865,33.20050602741556,33.61348197207128,57111200
2017-07-05,33.43019104003906,33.592596705261684,33.11233969951921,33.33738881424841,86278400
2017-07-06,33.11466598510742,33.29331402723533,33.04042489576544,33.18195062313297,96515200
2017-07-07,33.45107650756836,33.58332341824197,33.15410508801684,33.15410508801684,76806800
2017-07-10,33.65525436401367,33.86174241272838,33.263158245175966,33.434846329571144,84362400
2017-07-11,33.764286041259766,33.838530656946226,33.49747697651507,33.57867804222174,79127200
2017-07-12,33.81302261352539,33.91510368937792,33.59957457099455,33.84318140267704,99538000
2017-07-13,34.28398895263672,34.451035803707775,33.74340727350098,33.75732725439386,100797600
2017-07-14,34.57864761352539,34.64593226014043,34.18191388693586,34.33039962475415,80528400
2017-07-17,34.69929122924805,35.01018267036603,34.46960441447506,34.527606707527475,95174000
2017-07-18,34.8199348449707,34.831536010902305,34.49280108266514,34.61576565314673,71475200
2017-07-19,35.038021087646484,35.13082332697542,34.7897696101649,34.91273417035607,83692000
2017-07-20,34.88025665283203,35.2050716045532,34.845456694516386,35.14938813106929,68974800
2017-07-21,34.86402130126953,34.90346243798861,34.54152867498606,34.79905901253468,105010400
2017-07-24,35.28626251220703,35.36746711176589,34.77816202624112,34.93593005219546,85972800
2017-07-25,35.437068939208984,35.69227680875969,35.218979832746115,35.218979832746115,75415600
2017-07-26,35.60411834716797,35.71315936813375,35.51131258227014,35.57859720434331,63124000
2017-07-27,34.931304931640625,35.727098336417974,34.174956206611974,35.671414853401714,129905200
2017-07-28,34.685367584228516,34.85473327081453,34.61344531486372,34.7758510102324,68854800
2017-07-31,34.5067138671875,34.87792985848564,34.367510525584244,34.77816410050082,79383600
2017-08-01,34.81297302246094,34.85241415241093,34.43247816509669,34.59256504206811,141474400
2017-08-02,36.457908630371094,37.06345250301335,36.230540711117264,36.95440794639433,279747200
2017-08-03,36.09366226196289,36.47415709575455,35.96605653168981,36.43703478509722,108389200
2017-08-04,36.283912658691406,36.51824063755716,36.12150695352806,36.209671567836246,82239600
2017-08-07,36.84537887573242,36.87090002822453,36.34887935103253,36.43936279347197,87481200
2017-08-08,37.14002227783203,37.54603825885882,36.72008631531287,36.79664975369933,144823600
2017-08-09,37.36738967895508,37.41611315363051,36.91497258630468,36.949772539516886,104526000
2017-08-10,36.17717742919922,37.267242568364914,36.01646187697015,37.2439491201272,163217200
2017-08-11,36.680274963378906,36.93416070229305,36.351860156850435,36.47530758815783,105028400
2017-08-14,37.232303619384766,37.31615505207782,36.97608992113349,37.10885617043124,88490800
2017-08-15,37.63990783691406,37.779657832245334,37.29984276218854,37.420962268073296,117862000
2017-08-16,37.4885139465332,37.851868971949614,37.302177033630144,37.71910627608485,110686400
2017-08-17,36.76877975463867,37.432603689228664,36.764120355896594,37.38834828637868,111762400
2017-08-18,36.684932708740234,37.15077312408931,36.503255231080516,36.76878412566628,109712400
2017-08-21,36.61738204956055,36.775766061624765,36.12824826344732,36.684927336098575,105474000
2017-08-22,37.21599197387695,37.26723470592403,36.806053671580756,36.854964926847224,86418400
2017-08-23,37.262577056884766,37.37670924800208,37.00636693869412,37.050622350639216,77596400
2017-08-24,37.09720993041992,37.43960298887121,36.929507062848636,37.367394724546074,79275600
2017-08-25,37.23463821411133,37.397681708539366,37.09721609409924,37.185723388742105,101920400
2017-08-28,37.60963439941406,37.73308185201082,37.25093521127621,37.29985002932449,103864000
2017-08-29,37.94502639770508,37.99393764395831,37.267227838414755,37.29052127744569,118067600
2017-08-30,38.047523498535156,38.17329886722519,37.875161237511655,38.15233689812367,109078400
2017-08-31,38.19892883300781,38.32004838298705,38.07780928302857,38.11507738365014,107140400
2017-09-01,38.210567474365234,38.41786635335139,38.11274139649231,38.385257660727085,66364400
2017-09-05,37.75170135498047,38.257137694377036,37.39766170354924,38.14067761007148,117874000
2017-09-06,37.71212387084961,37.963678202961646,37.3883648196657,37.89846080805276,86606800
2017-09-07,37.56071853637695,37.788982942143555,37.351091731330314,37.75404277191512,87714000
2017-09-08,36.94814682006836,37.53510339320149,36.924853369385254,37.46755807275102,114446000
2017-09-11,37.61662292480469,37.74472978180447,37.24162115472234,37.38370265901643,126323200
2017-09-12,37.46754837036133,38.18960250557941,36.98074594224573,37.87515877319203,286856000
2017-09-13,37.18571090698242,37.257919159067484,36.78043200745177,37.23695363861418,179629600
2017-09-14,36.86661911010742,37.12748866854169,36.82236369128421,37.03199406138133,95042800
2017-09-15,37.23929214477539,37.493174374096036,36.80140092056649,36.91087372661872,196458400
2017-09-18,36.95746612548828,37.38371073039949,36.801409940206355,37.292871949292646,113077600
2017-09-19,36.97142791748047,37.213666952238235,36.903882613105765,37.153105416508424,83242400
2017-09-20,36.35186004638672,36.86195233721681,35.830117479786594,36.77810091676466,211805600
2017-09-21,35.727638244628906,36.28897691957961,35.57856942162137,36.28897691957961,150046800
2017-09-22,35.37826156616211,35.46677241081668,35.068477163952586,35.29673804565591,186581600
2017-09-25,35.066139221191406,35.36427681327334,34.74238026319241,34.93570446891562,177549200
2017-09-26,35.669395446777344,35.85107289889718,35.33166190394329,35.35262386670793,146640000
2017-09-27,35.92328643798828,36.03741863130181,35.76257090902376,35.82313244404268,102016800
2017-09-28,35.70200729370117,35.934927489278074,35.56691315377695,35.84408875516629,88022000
2017-09-29,35.897666931152344,35.899998408208205,35.40387715030918,35.68571220984077,105199200
2017-10-02,35.8254508972168,35.97451966434531,35.57156876405851,35.93026426324657,74795200
2017-10-03,35.98151397705078,36.12359545099182,35.84875130203596,35.87204119119061,64921200
2017-10-04,35.74860763549805,35.83711848924705,35.511031481879925,35.78354781391141,80655200
2017-10-05,36.193485260009766,36.20513198582134,35.88137291111724,35.91165013332926,85135200
2017-10-06,36.17251968383789,36.21677510506576,36.000157399603395,36.09565556603391,69630400
2017-10-09,36.298301696777344,36.50560063873421,36.21678171749391,36.29131437152682,65051600
2017-10-10,36.312259674072266,36.80139354150929,36.12592634750615,36.34952776101765,62468000
2017-10-11,36.46365737915039,36.563811357429444,36.2773205116134,36.328563239038075,67622400
2017-10-12,36.33555603027344,36.65465560938733,36.27266657277076,36.41707953274286,64500400
2017-10-13,36.56615447998047,36.63369979450911,36.431060296841906,36.50559293514657,65576800
2017-10-16,37.23929214477539,37.26724143854835,36.71987740828723,36.778107473034964,96486000
2017-10-17,37.3766975402832,37.46986418060929,37.087875268745115,37.21598206475312,75989200
2017-10-18,37.211334228515625,37.43261128768263,37.17406969325437,37.3650624314904,65496800
2017-10-19,36.330902099609375,36.587115813870575,36.10730063450979,36.51025169959222,170336800
2017-10-20,36.39378356933594,36.74316389160156,36.326238270826636,36.47763498884291,95896400
2017-10-23,36.37515640258789,36.72919619122614,36.21910025562893,36.542859273307,87937200
2017-10-24,36.591773986816406,36.66630662132224,36.3821436219765,36.403105592236166,71028800
2017-10-25,36.431053161621094,36.69658207534849,36.1655242478937,36.547513273853816,84828400
2017-10-26,36.66397476196289,36.7618008334198,36.517233877737176,36.62204727186381,68002000
2017-10-27,37.97764587402344,38.10575271694487,36.96444140755853,37.10186349629206,177816800
2017-10-30,38.83246612548828,39.146909898881574,38.13370534379751,38.173301361603585,178803200
2017-10-31,39.372840881347656,39.51492238822658,38.88371044674246,39.10731191568161,144187200
2017-11-01,38.87206268310547,39.58247019850598,38.573925029770365,39.566164074081144,134551200
2017-11-02,39.15622329711914,39.2470620522876,38.497058564350645,38.80451499973989,165573600
2017-11-03,40.17872619628906,40.588664384098536,39.85729524941332,40.52810642408288,237594400
2017-11-06,40.58635330200195,40.75871556536482,39.997065357610694,40.14846209750659,140105200
2017-11-07,40.7167854309082,40.81927090225437,40.43495393878697,40.50715864248612,97446000
2017-11-08,41.049861907958984,41.049861907958984,40.6049834233386,40.681847524405,97638000
2017-11-09,40.96601486206055,41.0172576015806,40.327812095180505,40.78666527374036,117930400
2017-11-10,40.83043670654297,40.996406160345416,40.73693509982965,40.933290614042214,100582000
2017-11-13,40.66679382324219,40.79068501674107,40.53355033201329,40.55692750948182,67928400
2017-11-14,40.05200958251953,40.55225049469837,40.01460752611114,40.44939662300351,99130000
2017-11-15,39.52372360229492,39.81358422357712,39.36009404465854,39.7317676613305,116632400
2017-11-16,39.99592208862305,40.175912851342744,39.808915317218215,40.01461955559179,94550000
2017-11-17,39.77384948730469,40.06371016093212,39.65463440953874,39.98189358391045,87598000
2017-11-20,39.73411178588867,39.869691608046615,39.63593403195173,39.80657606378088,65049600
2017-11-21,40.47279357910156,40.603697273647384,39.92112546147407,39.92112546147407,100525200
2017-11-22,40.898216247558594,40.90756497870825,40.45173853945968,40.52420279815348,102355600
2017-11-24,40.90056228637695,41.024453513062106,40.82575815192538,40.93095191185509,56106800
2017-11-27,40.69485092163086,40.92627217962039,40.51953275956953,40.91925973848651,82867200
2017-11-28,40.45641326904297,40.87717392629052,40.17356511741134,40.74393400265719,105715200
2017-11-29,39.61723709106445,40.42136380660984,39.074921313258585,40.353575671955824,166665600
2017-11-30,40.17123031616211,40.239018425988334,39.374116335223185,39.8392915065516,166108800
2017-12-01,39.98422622680664,40.129154754037586,39.38814381183188,39.7270915170193,159037200
2017-12-04,39.69203186035156,40.3512262825852,39.652293505718426,40.31850036895455,130169600
2017-12-05,39.654624938964844,40.09409021118591,39.364764334563795,39.51904515143161,109400800
2017-12-06,39.50737380981445,39.785545946464794,38.9112947362588,39.15440109002704,114240000
2017-12-07,39.579830169677734,39.84163748488926,39.48398871791025,39.51203848258087,102693200
2017-12-08,39.59151077270508,39.97253667893352,39.46294698774947,39.85332162553846,93420800
2017-12-11,40.36292266845703,40.41434962364538,39.455942077161914,39.55178354518181,141095200
2017-12-12,40.13617706298828,40.29747036907101,40.08007752477358,40.241367263998576,77636800
2017-12-13,40.269405364990234,40.56627482068347,40.20628984151923,40.323168591058526,95273600
2017-12-14,40.257720947265625,40.470441149509966,40.124477446896066,40.29979558936755,81906000
2017-12-15,40.66679382324219,40.71354461132274,40.31382127134904,40.5873171268196,160677200
2017-12-18,41.239505767822266,41.421836368046534,40.874844567373735,40.87952071700584,117684400
2017-12-19,40.800045013427734,40.99874037620498,40.69485481948698,40.91458750768088,109745600
2017-12-20,40.75563430786133,41.005753056380755,40.49849955063809,40.877185677769134,93902400
2017-12-21,40.90990447998047,41.146001870600934,40.69718783621033,40.71354900872024,83799600
2017-12-22,40.90990447998047,41.00574592435399,40.79068942247038,40.83276406623033,65397600
2017-12-26,39.87202835083008,40.082408726132456,39.66398070018009,39.925791590410505,132742000
2017-12-27,39.8790397644043,39.92111441163747,39.67099568597355,39.76216098850259,85992800
2017-12-28,39.99124526977539,40.171239596342964,39.85098930185255,39.97254423626185,65920800
2017-12-29,39.558799743652344,39.87671023915788,39.5564634515975,39.86034906105778,103999600
2018-01-02,40.26707077026367,40.27642306888876,39.565798181369,39.7761820981515,102223600
2018-01-03,40.260066986083984,40.80238628352514,40.19695500765061,40.33019497342311,118071600
2018-01-04,40.44706726074219,40.5499211500562,40.224998308918046,40.33252478094121,89738400
2018-01-05,40.90756607055664,40.994055211711675,40.451739619141776,40.54290490942475,94640000
2018-01-08,40.75563430786133,41.05016756597909,40.65745298829791,40.75563430786133,82271200
2018-01-09,40.7509651184082,40.921607177245335,40.53590854238624,40.80239207863717,86336000
2018-01-10,40.741607666015625,40.74394752463994,40.44006195266457,40.47746402207704,95839600
2018-01-11,40.973026275634766,41.02211693438228,40.78835936614299,40.81173298285246,74670800
2018-01-12,41.3961296081543,41.459245154422774,41.0595181171993,41.18340935111223,101672400
2018-01-16,41.18574142456055,41.93376483703263,41.17405283422285,41.58546481936825,118263600
2018-01-17,41.8659782409668,41.901040446396664,40.92393560860837,41.176390621417674,137547200
2018-01-18,41.903377532958984,42.099736587663685,41.66728368925117,41.9290910063812,124773600
2018-01-19,41.71637725830078,41.97818459371661,41.470931097919724,41.75143946684489,129700400
2018-01-22,41.375083923339844,41.557414516297534,41.2815823355666,41.44521189759825,108434400
2018-01-23,41.38444519042969,41.94546558756909,41.333021798378475,41.44522445106315,130756400
2018-01-24,40.725242614746094,41.44521633156787,40.48680890350173,41.433527740131495,204420400
2018-01-25,39.99825668334961,40.89588486778186,39.862676869004524,40.793030969529916,166116000
2018-01-26,40.09176254272461,40.206305044653156,39.75281475426623,40.206305044653156,156572000
2018-01-29,39.26192855834961,39.776194571434615,39.053884434411934,39.776194571434615,202561600
2018-01-30,39.03050994873047,39.124011569632586,38.49987915462252,38.69389840650971,184192800
2018-01-31,39.138023376464844,39.37412077565685,38.92063057543217,39.00711972420556,129915600
2018-02-01,39.219844818115234,39.41620032091382,38.98141109794126,39.07725255770871,188923200
2018-02-02,37.51809310913086,38.990766636131845,37.42459150008796,38.8037598511883,346375200
2018-02-05,36.580726623535156,38.30819507475602,36.46618412011472,37.19083407744985,290954000
2018-02-06,38.1094856262207,38.270778874823534,35.998655648541124,36.19267480505928,272975200
2018-02-07,37.29368209838867,38.195986484247946,37.18381931919892,38.12352220639921,206434400
2018-02-08,36.26747512817383,37.63495794612659,36.23942536923537,37.46898854974237,217562000
2018-02-09,36.711082458496094,37.05845311203358,35.2629186182967,36.86599229990847,282690400
2018-02-12,38.18976593017578,38.46672273816519,36.96926786105699,37.20163266035302,243278000
2018-02-13,38.57233428955078,38.66856648297439,37.9409622819946,38.011376169411854,130196800
2018-02-14,39.28351593017578,39.32341630642415,38.22966752219258,38.26721850010876,162579600
2018-02-15,40.60258865356445,40.626057565112156,39.6660920548011,39.85151185604618,204588800
2018-02-16,40.471153259277344,41.032115117639805,40.31624696133215,40.454725377080166,160704400
2018-02-20,40.335018157958984,40.900667983713674,40.23409073734247,40.381959561813375,135722000
2018-02-21,40.151947021484375,40.867811539145606,40.13786137607023,40.56503641863772,149886400
2018-02-22,40.487579345703125,40.82790900653201,40.30215954364588,40.32328263855121,123967600
2018-02-23,41.191707611083984,41.22691276622604,40.73167328929835,40.76218681135434,135249600
2018-02-26,42.006168365478516,42.104746415864476,41.358368213770554,41.39122756389921,152648800
2018-02-27,41.87002944946289,42.36057381022389,41.81604700695905,42.03667557380085,155712400
2018-02-28,41.806663513183594,42.393440189851454,41.79023562856521,42.074233534488116,151128400
2018-03-01,41.07435607910156,42.19627249006448,40.52513412020834,41.90523004911441,195208000
2018-03-02,41.358367919921875,41.37949102026867,40.475853526050166,40.55800369148841,153816000
2018-03-05,41.501529693603516,41.71746301418378,40.96169460145311,41.12364548723818,113605600
2018-03-06,41.466312408447266,41.83715550694427,41.339570287355286,41.75735477953826,95154000
2018-03-07,41.08139419555664,41.27385859802717,40.90301543683224,41.06027110203652,126814000
2018-03-08,41.529693603515625,41.57193979190114,41.09078593320187,41.187014556102035,95096400
2018-03-09,42.24321746826172,42.2479126835741,41.63531780640628,41.76910458230956,128740800
2018-03-12,42.6516227722168,42.80887848962803,42.297210953699,42.315984655461044,128828400
2018-03-13,42.240875244140625,43.06940353794993,42.069537475364825,42.855815990569,126774000
2018-03-14,41.88176345825195,42.36996197589975,41.73389462212503,42.323020568345115,117473600
2018-03-15,41.93104553222656,42.30423809273555,41.79491654145905,41.89584037623486,90975200
2018-03-16,41.78318786621094,42.04136741352731,41.689301464223135,41.93105312956666,157618800
2018-03-19,41.14476776123047,41.65408931941201,40.75984253110528,41.61888416294302,133787200
2018-03-20,41.13069534301758,41.49684338174766,41.060281432169425,41.13069534301758,78597600
2018-03-21,40.19889831542969,41.095491231721496,40.196548916582934,41.083754981689786,148219600
2018-03-22,39.63088607788086,40.52982452051389,39.57220842812468,39.90080183419946,165963200
2018-03-23,38.71318054199219,39.88203873797201,38.71318054199219,39.52293168028302,164115200
2018-03-26,40.55094909667969,40.62840402011539,39.06523065201155,39.44781005466082,150164800
2018-03-27,39.51118469238281,41.10956343270425,39.17789604359712,40.76453853670361,163690400
2018-03-28,39.07463455200195,39.90551239771122,38.77185933862034,39.2553627855558,166674000
2018-03-29,39.37974166870117,40.31154297775571,39.17319520783287,39.386782699739925,153594000
2018-04-02,39.12156677246094,39.65201509761951,38.60285827668735,39.11217992291302,150347200
2018-04-03,39.52291488647461,39.60741083952156,38.6990820303163,39.34688194941007,121112000
2018-04-04,40.278690338134766,40.372573155198666,38.673270529102645,38.69908884100521,138422000
2018-04-05,40.55799865722656,40.89363314796675,40.38900671262728,40.506362030743446,107732800
2018-04-06,39.520565032958984,40.48287617510632,39.47831527005165,40.128464520656294,140021200
2018-04-09,39.91255187988281,40.62607077179569,39.865610460128146,39.872651494021305,116070800
2018-04-10,40.66360855102539,40.83964148847571,40.25990606129403,40.60493090520861,113634400
2018-04-11,40.473506927490234,40.820877702734585,40.29981974916783,40.424216112898584,89726400
2018-04-12,40.87251663208008,41.07436795500068,40.61433345808838,40.7011788428314,91557200
2018-04-13,41.01097869873047,41.27150758615567,40.80443582338923,41.02271494402695,100497200
2018-04-16,41.266815185546875,41.35365695260684,41.03445042603608,41.0813918249496,86313600
2018-04-17,41.83482360839844,41.999120331657075,41.40530272955087,41.42408000955185,106421600
2018-04-18,41.74094772338867,41.97096677529501,41.5156274694162,41.73390668928958,83018000
2018-04-19,40.55799865722656,41.16589834553228,40.525139311410044,40.78331886242555,139235200
2018-04-20,38.89623260498047,40.18714062906674,38.828164539945334,40.04162123421735,261964400
2018-04-23,38.78358840942383,39.177900575378345,38.51366901785712,39.15677747678798,146062000
2018-04-24,38.243751525878906,39.03942043706122,37.84004894625956,38.88451055807703,134768000
2018-04-25,38.4103889465332,38.82582771877816,38.11935008940759,38.16863731070807,113528400
2018-04-26,38.54418182373047,38.89859360300027,38.3446763459467,38.52070932702644,111852000
2018-04-27,38.098228454589844,38.56999549782901,37.70156694524858,38.49254056570322,142623200
2018-04-30,38.788265228271484,39.257686340671036,37.985555555836115,38.05362362271741,169709600
2018-05-01,39.68955993652344,39.71302884534446,38.790617998357064,39.058187912431194,214277600
2018-05-02,41.44285583496094,41.719812647104675,40.792706415671205,41.12834088273352,266157600
2018-05-03,41.51795959472656,41.66113320985868,40.94291931740563,41.28090316830111,136272800
2018-05-04,43.1468505859375,43.245428609444815,41.81838771321594,41.8371649912268,224805200
2018-05-07,43.459022521972656,44.04814493310454,43.36279030101084,43.46371415611706,169805600
2018-05-08,43.66790771484375,43.70780808695571,43.10929534247727,43.41911505261652,113611200
2018-05-09,43.97538375854492,43.98477060792433,43.47310315384662,43.78526872136192,92844800
2018-05-10,44.604408264160156,44.681863204805836,44.04344998015062,44.064576659526814,111957200
2018-05-11,44.434757232666016,44.78111254653238,44.16615551938289,44.64681348749568,104848800
2018-05-14,44.33108901977539,44.65623981059255,44.26276205405801,44.53371864959899,83115200
2018-05-15,43.92818832397461,44.076627354090526,43.612464172969005,44.008296792998124,94780800
2018-05-16,44.338157653808594,44.404133352868826,43.82451718880194,43.841012012369504,76732400
2018-05-17,44.05778503417969,44.51016678779434,43.909345979246076,44.295755618492585,69176000
2018-05-18,43.89756393432617,44.250987512042556,43.85515483070127,44.104906917053825,73190800
2018-05-21,44.208580017089844,44.594989665645436,44.038936405996104,44.29575668563138,73603200
2018-05-22,44.097843170166016,44.50310253434082,44.008308037668286,44.385294663248395,60962800
2018-05-23,44.380577087402344,44.41356314433773,43.76797477836174,43.90699078528495,80233600
2018-05-24,44.33108901977539,44.49366441518397,43.873997617810524,44.47717318699425,92936000
2018-05-25,44.432395935058594,44.68450278963979,44.21327152965852,44.34992902647819,69844000
2018-05-29,44.272186279296875,44.472461051919346,44.02950240859062,44.20150444915725,90056400
2018-05-30,44.17793655395508,44.29574438476563,44.00829298997112,44.2297722871285,74762000
2018-05-31,44.02949905395508,44.349936508610654,43.857500621703196,44.111965976448204,109931200
2018-06-01,44.82352066040039,44.82823038465097,44.23683642236109,44.293385470252254,93770000
2018-06-04,45.19816207885742,45.57279019489144,45.085067544721014,45.153394518725605,105064800
2018-06-05,45.546875,45.6953140564857,45.323040781395484,45.49032952721355,86264000
2018-06-06,45.704742431640625,45.72830544485563,45.21937455918444,45.622279075810226,83734400
2018-06-07,45.582218170166016,45.756571499725034,45.31832612251338,45.74243513194571,85388800
2018-06-08,45.16753387451172,45.238219311227645,44.71279724984477,45.04265782757154,106627200
2018-06-11,45.056785583496094,45.231142481373176,44.81646017789385,45.08506190990398,73234000
2018-06-12,45.30418395996094,45.381937568012425,45.0379370834704,45.09448614256514,67644400
2018-06-13,44.931922912597656,45.44556711832646,44.87066411172824,45.33718229117637,86553600
2018-06-14,44.955474853515625,45.13689994342156,44.81881732042377,45.132186622912144,86440400
2018-06-15,44.49365997314453,44.80467436726028,44.35700246014303,44.774043181267466,246876800
2018-06-18,44.47011184692383,44.583206384745495,44.10726162839729,44.267482185920976,73939600
2018-06-19,43.75148391723633,43.90227783524535,43.22370340659945,43.62189455131984,134314000
2018-06-20,43.94231414794922,44.10724436672811,43.76088910968787,43.90697324221414,82514800
2018-06-21,43.69728469848633,44.37821385591246,43.57476354074038,44.119035175144084,102847600
2018-06-22,43.570045471191406,43.8598517133983,43.51820974068812,43.852783531530534,108801600
2018-06-25,42.92210388183594,43.570046939756935,42.58281675990922,43.211910133811,126652400
2018-06-26,43.45458984375,43.94938411540659,43.00927643734278,43.11530634927581,98276800
2018-06-27,43.3909912109375,44.12611109590688,43.36036001732693,43.64309815806819,101141200
2018-06-28,43.70671081542969,43.87399953844859,43.30616485853516,43.37685028509541,69460800
2018-06-29,43.61481857299805,44.10489961774891,43.09646479717635,43.89284334908779,90950800
2018-07-02,44.10251998901367,44.13079630172068,43.216606753705754,43.31085513738206,70925200
2018-07-03,43.334434509277344,44.283965391794474,43.244899402321124,44.24626602094871,55819200
2018-07-05,43.68314743041992,43.92112157794117,43.41925900843449,43.65016137767174,66416800
2018-07-06,44.2886848449707,44.39706605714836,43.63602832826301,43.68786407155159,69940800
2018-07-09,44.90363311767578,44.92719252665673,44.60204535912611,44.64916777229769,79026400
2018-07-10,44.849449157714844,45.0685700292257,44.80939132562234,44.934270952056835,63756400
2018-07-11,44.26747131347656,44.71513962901053,44.20385407867217,44.41355187208477,75326000
2018-07-12,45.00965881347656,45.09919391389085,44.60439959451979,44.65623532684284,72164400
2018-07-13,45.080345153808594,45.20050784745144,44.97902854938801,45.021441238162346,50055600
2018-07-16,44.98139190673828,45.391360903359555,44.86593892521994,45.12511762037944,60172400
2018-07-17,45.10862350463867,45.20758166383214,44.5784881977529,44.708077547367004,62138000
2018-07-18,44.861228942871094,45.191093088092565,44.750489273536566,45.186379767318016,65573600
2018-07-19,45.20994567871094,45.367807780295486,44.69394667468397,44.69394667468397,81147200
2018-07-20,45.106258392333984,45.33951557342535,44.8070255248954,45.18636684654295,82704800
2018-07-23,45.14631652832031,45.228783446987535,44.66330370871866,44.927192096118354,63957600
2018-07-24,45.47382354736328,45.62933074980564,45.24998938365914,45.34423421199465,74791600
2018-07-25,45.902645111083984,45.90971329334485,45.33952022609749,45.487959243995,66839600
2018-07-26,45.7589225769043,46.17125001494184,45.617551731493165,45.85316741037176,76304000
2018-07-27,44.99787902832031,45.98982256720947,44.790539686327264,45.942700152902404,96096000
2018-07-30,44.74577331542969,45.285331624624746,44.547857012990356,45.2146462036936,84118000
2018-07-31,44.835304260253906,45.271194687816894,44.61147009280662,44.83766271788807,157492000
2018-08-01,47.47655487060547,47.53781364713079,46.489324692851646,46.918146914157724,271742800
2018-08-02,48.864341735839844,49.097602581978514,47.20560872670718,47.25979933310733,249616000
2018-08-03,49.00569152832031,49.18240323405393,48.41429405219816,48.779498963089395,133789600
2018-08-06,49.26017761230469,49.30258671388447,48.788946198074015,49.0080670799903,101701600
2018-08-07,48.79836654663086,49.36148791169574,48.715899615615555,49.31907881246056,102349600
2018-08-08,48.83135223388672,48.96329644635382,48.1881224005045,48.548614122141466,90102000
2018-08-09,49.215396881103516,49.4274495226711,48.819560729578775,49.368545611656835,93970400
2018-08-10,49.068809509277344,49.44002519266483,48.86546923859156,49.0286148009558,98444800
2018-08-13,49.38564682006836,49.87744668704269,49.10901007136139,49.4896818929809,103563600
2018-08-14,49.593711853027344,49.78522930486312,49.2414119574974,49.690653943503335,82992000
2018-08-15,49.70957565307617,49.82779667275431,49.257970492029095,49.46840376274341,115230400
2018-08-16,50.43781661987305,50.55367090797726,50.00039741215219,50.066600893302926,114001600
2018-08-17,51.445045471191406,51.53252784763982,50.399972372237514,50.46617583676359,141708000
2018-08-20,50.94380187988281,51.823362921071144,50.861045725428916,51.56800870100237,121150800
2018-08-21,50.844482421875,51.352834849865985,50.60567731793008,51.26062262083593,104639200
2018-08-22,50.84685516357422,51.15659362058982,50.5607587429564,50.622235974791955,76072400
2018-08-23,50.95089340209961,51.31974238483337,50.74046014360053,50.7522793586269,75532800
2018-08-24,51.109310150146484,51.284274943614335,50.861045296696645,51.2133452207593,73905600
2018-08-27,51.53017807006836,51.719332421045124,51.149506246562076,51.343386840644364,82100400
2018-08-28,51.94632339477539,52.144933872811826,51.76189886405302,51.78317778502412,91107200
2018-08-29,52.721839904785156,52.8424276423776,51.8777437807323,52.0527085641898,109019200
2018-08-30,53.20654296875,53.97024961852312,52.58469935427872,52.78567649739625,195175200
2018-08-31,53.82130432128906,54.11449015060924,53.43590263011833,53.556486775291695,173360400
2018-09-04,53.993892669677734,54.18777322429528,53.58484903952322,54.00571549067332,109560400
2018-09-05,53.6416015625,54.303639960299556,53.223101771937806,54.14286111353829,133332000
2018-09-06,52.750205993652344,53.75508438603124,52.324609717669404,53.49026692107618,137160000
2018-09-07,52.32461929321289,53.286936430190956,52.18511936850075,52.45466312464746,150479200
2018-09-10,51.622379302978516,52.45465610496239,51.18259706413789,52.24185615259656,158066000
2018-09-11,52.927547454833984,53.03394564193792,51.203883114038426,51.54672332040395,142996000
2018-09-12,52.27023696899414,53.19945233807959,51.97941069858313,53.18526639470711,197114800
2018-09-13,53.532840728759766,53.99153884293053,52.6249042019705,52.84952340827975,166825600
2018-09-14,52.92518615722656,53.63451228780782,52.613084535836826,53.376791326239925,127997200
2018-09-17,51.515987396240234,52.71474653653947,51.37175762273958,52.525592202926,148780400
2018-09-18,51.601104736328125,52.454660523096074,51.3362872360447,51.49470294727404,126286800
2018-09-19,51.631839752197266,51.92739226002057,50.90596466904896,51.66257836751287,108495200
2018-09-20,52.02433776855469,52.55633231761007,51.81626763486653,52.073992180573526,106435200
2018-09-21,51.46397018432617,52.33880492393241,51.37648418489235,52.20166812140533,384986800
2018-09-24,52.20402908325195,52.31515711505072,51.220433077107394,51.265357635641195,110773600
2018-09-25,52.53504943847656,52.68400905547717,51.946307549786276,51.958130371548314,98217600
2018-09-26,52.116546630859375,52.903898945307674,51.96049404071963,52.25368342754412,95938800
2018-09-27,53.1876335144043,53.53993343518666,52.8542493888135,52.92045647589352,120724800
2018-09-28,53.37442398071289,53.39806601850307,52.96774340940435,53.14980117088278,91717600
2018-10-01,53.73381423950195,54.24452988828253,53.518654734943205,53.896959816847335,94403200
2018-10-02,54.21142578125,54.381664323409666,53.584855874564354,53.73144877171672,99152800
2018-10-03,54.871089935302734,55.202107251536745,54.32963580139792,54.39347614374953,114619200
2018-10-04,53.90642166137695,54.93730909364432,53.60850238383533,54.566093361412044,128168000
2018-10-05,53.031578063964844,54.00572162104816,52.15438020692258,53.89932343564714,134322000
2018-10-08,52.90861892700195,53.15215385960508,52.064519389631826,52.53977004297461,118655600
2018-10-09,53.6416015625,53.73618053808223,52.54924055121309,52.87789482474594,107564000
2018-10-10,51.15658950805664,53.5186463057796,51.08329306782395,53.30821307731672,167962400
2018-10-11,50.704994201660156,51.89902721215979,50.20137511528744,50.72154687603227,212497600
2018-10-12,52.51613998413086,52.69820135934952,51.27008946263702,52.116552371945346,161351600
2018-10-15,51.393035888671875,52.44993197126722,51.37175697346174,52.29151625611603,123164000
2018-10-16,52.52559280395508,52.72420684082225,51.25117047250022,51.76424921811775,116736000
2018-10-17,52.298606872558594,52.64144705306185,51.86118772679396,52.56105763845365,91541600
2018-10-18,51.076210021972656,51.95577469132143,50.36215405754023,51.5112625057011,130325200
2018-10-19,51.85409164428711,52.31515279784084,51.409579553774584,51.55853916023749,132314800
2018-10-22,52.17092514038086,52.811684539021144,51.76661134631194,51.9675848788607,115168400
2018-10-23,52.66273880004883,52.7856896809397,50.76410935457385,51.0312900357926,155071200
2018-10-24,50.8563117980957,53.017391656334006,50.726267969157426,52.63199362779541,163702000
2018-10-25,51.96994400024414,52.34352273336572,51.248795294149254,51.47578116524493,119423200
2018-10-26,51.14241409301758,52.0621734864531,50.284128331310725,51.04783511210514,189033600
2018-10-29,50.18244552612305,51.94393749911957,48.72832523102341,51.825716512907476,183742000
2018-10-30,50.43309020996094,50.87759881261275,49.480229032865715,49.92473763551753,146640000
2018-10-31,51.747703552246094,52.123645519315744,51.21807209884028,51.27954933650239,153435600
2018-11-01,52.54214096069336,52.57524269602282,51.26298888864335,51.79262026173322,233292800
2018-11-02,49.05698013305664,50.51582669093119,48.57227336106089,49.546416754757914,365314800
2018-11-05,47.664344787597656,48.32638314907276,46.85571353178706,48.30510423366641,264654800
2018-11-06,48.179786682128906,48.40440585745062,47.68798689600997,47.74236754506671,127531600
2018-11-07,49.640995025634766,49.66700378881958,48.26490452137793,48.69995691663436,133697600
2018-11-08,49.467803955078125,49.854546748716004,49.05495802314485,49.82132950962304,101450400
2018-11-09,48.51398849487305,48.87937811740739,47.98725541404549,48.7702373142276,137463200
2018-11-12,46.07014083862305,47.417819511836335,45.979978204665024,47.21614107916425,204542000
2018-11-13,45.609832763671875,46.784303647550004,45.42476479992899,45.46747474101187,187531600
2018-11-14,44.32147979736328,46.14368876236647,44.115055029309836,46.006073457133304,243204000
2018-11-15,45.4152717590332,45.548140683443364,44.345195403445636,44.69872449335649,185915200
2018-11-16,45.91828536987305,46.25995045257277,44.95261049624972,45.19936660019544,147713200
2018-11-19,44.098445892333984,45.24681733279806,43.89202475558644,45.08073115263296,167701200
2018-11-20,41.99150848388672,43.05683851163266,41.64272573882717,42.32130943637899,271300800
2018-11-21,41.94405746459961,42.77212054847709,41.889487071573676,42.643994348703465,124496800
2018-11-23,40.878726959228516,41.901350698379524,40.83364927354388,41.507486637209176,94496000
2018-11-26,41.431556701660156,41.50985523537514,40.397072578660236,41.34139771589679,179994000
2018-11-27,41.341407775878906,41.46715900960743,40.54419042635813,40.693666190363125,165549600
2018-11-28,42.93109130859375,43.014132585864616,41.505114329859374,41.932195651447095,184250000
2018-11-29,42.601287841796875,43.37240554234032,42.16234247178632,43.33918830928703,167080000
2018-11-30,42.37113952636719,42.78635675904082,42.003374967632006,42.77686405200895,158126000
2018-12-03,43.851688385009766,43.8801592662894,42.99515437591232,43.76627212076378,163210000
2018-12-04,41.92270278930664,43.27512383554187,41.82305109331107,42.93345880903892,165377200
2018-12-06,41.45529556274414,41.46953100520734,40.4350466147937,40.75298356449691,172393600
2018-12-07,39.97710418701172,41.40070569037687,39.93202289347355,41.163438773149345,169126400
2018-12-10,40.240478515625,40.35673701084698,38.75281363862703,39.149049033793,248104000
2018-12-11,40.010345458984375,40.760106616561835,39.62359899291814,40.72926436066037,189126800
2018-12-12,40.121849060058594,40.79094008262468,40.10286726659763,40.43029324768022,142510800
2018-12-13,40.560794830322266,40.94516985024621,40.22862246288901,40.45165403262589,127594400
2018-12-14,39.262939453125,40.117102042698306,39.21548678046134,40.09812024955147,162814800
2018-12-17,38.89754104614258,39.94388907533605,38.61044646813939,39.255812806752644,177151600
2018-12-18,39.40293884277344,39.74934669174223,39.00432833526614,39.239224006854776,135366000
2018-12-19,38.17388153076172,39.73035222871584,37.746800273297104,39.38631585646059,196189200
2018-12-20,37.21057891845703,38.463348216247596,36.84756074809764,38.05762010916007,259092000
2018-12-21,35.76326370239258,37.52615987838151,35.50227210307426,37.21771196972524,382978400
2018-12-24,34.83789825439453,35.95779827643959,34.780952896858096,35.15108866983129,148676800
2018-12-26,37.291255950927734,37.30549139242431,34.811816392339566,35.18669870684758,234330000
2018-12-27,37.04923629760742,37.196344282393845,35.60665629115876,36.97568411541755,212468400
2018-12-28,37.0682258605957,37.611569368803295,36.66961900113825,37.369555992471305,169165600
2018-12-31,37.426509857177734,37.8108813616191,37.12755102447154,37.61394925416593,140014000
2019-01-02,37.46920394897461,37.6898641400753,36.59368814570471,36.75028523353009,148158800
2019-01-03,33.73699188232422,34.57454401761466,33.69191057763836,34.16169817620422,365248800
2019-01-04,35.17720031738281,35.24600976737911,34.11899163910133,34.292195516680664,234428400
2019-01-07,35.098899841308594,35.312442278685964,34.61724819958452,35.281596415192155,219111200
2019-01-08,35.76799392700195,36.0218713099174,35.23888962424999,35.485645667649806,164101200
2019-01-09,36.37540054321289,36.664866551777166,35.502259784558376,35.89612022438251,180396400
2019-01-10,36.491668701171875,36.532003660455786,35.794103077351124,36.18322084854541,143122800
2019-01-11,36.13338851928711,36.46793584598435,35.94832055566885,36.273378795691265,108092800
2019-01-14,35.590049743652344,35.891379845195914,35.404981774617916,35.79172814036254,129756800
2019-01-15,36.318450927734375,36.394374463172355,35.601903781181996,35.65410279572326,114843600
2019-01-16,36.76215362548828,36.98518520942271,36.30185501531,36.320836811858406,122278800
2019-01-17,36.98042678833008,37.40750802029229,36.363531273228396,36.58656278438679,119284800
2019-01-18,37.20821762084961,37.459720094996186,37.008910562862575,37.36955746448795,135004000
2019-01-22,36.37302780151367,37.186851783715795,36.211684376745275,37.110928234724035,121576000
2019-01-23,36.5201416015625,36.80960767396495,35.9934084941028,36.57471200591153,92522400
2019-01-24,36.23066711425781,36.65300204893597,36.00289284093378,36.56521442488471,101766000
2019-01-25,37.43124008178711,37.51903133240946,36.61504465459194,36.890271619149736,134142000
2019-01-28,37.084842681884766,37.09196040414421,36.45845778019692,36.963834162658024,104768400
2019-01-29,36.70045852661133,37.51903258864824,36.5652182166273,37.07296946155649,166348800
2019-01-30,39.208370208740234,39.421909052183295,38.017288901847,38.73383622739391,244439200
2019-01-31,39.49072265625,40.098125636928835,39.04465950838577,39.41242410665209,162958400
2019-02-01,39.50970458984375,40.09337942283648,39.36971429863973,39.61410265633867,130672400
2019-02-04,40.631980895996094,40.729261252002615,39.69003045070155,39.72087632465673,125982000
2019-02-05,41.3271598815918,41.54070233089087,40.89296450420444,41.013969357855885,144406400
2019-02-06,41.341407775878906,41.65697335385666,41.011606755653766,41.43868450470518,112958400
2019-02-07,40.558433532714844,41.2702347428491,40.41607184252472,40.9048414275516,126966800
2019-02-08,40.6060791015625,40.665650250891964,40.131891443963546,40.26771540968325,95280000
2019-02-11,40.3725471496582,40.79669696838124,40.32965767846831,40.75857057003458,83973600
2019-02-12,40.72045135498047,40.74666280397595,40.43689212564779,40.53220813832866,89134000
2019-02-13,40.55126953125,41.099324812062115,40.48931684716783,40.83959548318567,89960800
2019-02-14,40.69900894165039,40.80861781758018,40.36064525814671,40.43927960962729,87342800
2019-02-15,40.60845947265625,40.91346345759115,40.44880923334926,40.80623611906368,98507200
2019-02-19,40.729976654052734,40.85150410234934,40.386849953980956,40.43927284620034,75891200
2019-02-20,40.992095947265625,41.29948509114437,40.7442815842349,40.791937772979175,104457600
2019-02-21,40.760963439941406,41.07311568683924,40.57986845134195,40.93729535437326,68998800
2019-02-22,41.21607971191406,41.22322795767942,40.83720814261498,40.88486432636196,75652800
2019-02-25,41.51633071899414,41.907117372895385,41.44961131242088,41.49965268531831,87493600
2019-02-26,41.54015350341797,41.77128984933254,41.263742503117236,41.39241821936573,68280800
2019-02-27,41.668819427490234,41.699797583479636,41.15889061962103,41.27326982515091,111341600
2019-02-28,41.258975982666016,41.67835919496109,41.20417154412631,41.537772157173244,112861600
2019-03-01,41.69265365600586,41.735543135571554,41.197021288508566,41.528236712468996,103544800
2019-03-04,41.902347564697266,42.35508684168328,41.45437136174755,41.86422115680062,109744800
2019-03-05,41.82609558105469,41.938089634020294,41.59019251792692,41.9237931397582,78949600
2019-03-06,41.585418701171875,41.816554994525454,41.44721323244979,41.62115992759418,83241600
2019-03-07,41.10408020019531,41.56635275637002,40.98970464726478,41.43052883306923,99185600
2019-03-08,41.201786041259766,41.239912445241174,40.389234781584264,40.58462987503848,95997600
2019-03-11,42.62911605834961,42.68153896438816,41.78320858604554,41.81656828662146,128044000
2019-03-12,43.10806655883789,43.52744613325643,42.74110624977912,42.89122670675174,129870400
2019-03-13,43.2986946105957,43.677566237487994,43.11044774766869,43.42736668986569,124130000
2019-03-14,43.78002166748047,43.86818942807558,43.50122916555662,43.82052960680952,94318000
2019-03-15,44.349525451660156,44.63785139707803,43.7824106162076,44.04690664893718,156171600
2019-03-18,44.802284240722656,44.89044840427566,44.27090681385786,44.27329198753367,104879200
2019-03-19,44.44721603393555,45.033397616371296,44.30186231557087,44.88089565250784,126585600
2019-03-20,44.835636138916016,45.15255512807773,44.01831798035479,44.37574491965877,124140800
2019-03-21,46.4869384765625,46.782412668747526,45.228796167797555,45.278837530094265,204136800
2019-03-22,45.52427291870117,47.10648249507304,45.45993505954188,46.546512238552936,169630800
2019-03-25,44.973838806152344,45.74587861908732,44.46390988385612,45.63388456100003,175381200
2019-03-26,44.509185791015625,45.96034199514286,43.982578778829755,45.669634446830244,199202000
2019-03-27,44.90950393676758,45.21688950575341,44.451997889288634,44.97622334144566,119393600
2019-03-28,44.96906661987305,45.169224796190974,44.685507385455566,45.02387105568849,83121600
2019-03-29,45.26215362548828,45.2931317832796,44.92617150707696,45.233560640409536,94256000
2019-04-01,45.569549560546875,45.67439173346239,44.88805543895594,45.66486194899173,111448000
2019-04-02,46.23198318481445,46.336828999804766,45.524277569564575,45.53380735459335,91062800
2019-04-03,46.54889678955078,46.822922617672326,46.024667775160154,46.048497688881305,93087200
2019-04-04,46.62991714477539,46.79194893860823,46.02229064603285,46.41545880854789,76457200
2019-04-05,46.94206619262695,46.96589610699699,46.687099925418465,46.81100893546065,74106400
2019-04-08,47.68074417114258,47.71171869297622,46.7847918560636,46.803855058079535,103526800
2019-04-09,47.53776931762695,48.33602404124384,47.47343146891006,47.733164400421316,143072800
2019-04-10,47.80466079711914,47.833257424849805,47.223245724372106,47.34238803810109,86781200
2019-04-11,47.406715393066406,47.89519949822014,47.28519156894748,47.85945826640106,83603200
2019-04-12,47.38766098022461,47.690283464181285,46.753826657487316,47.4662953407457,111042800
2019-04-15,47.47343826293945,47.62117718246721,47.18273076972158,47.31855473245824,70146400
2019-04-16,47.47820281982422,47.983364968636586,47.3137858769923,47.52824418170382,102785600
2019-04-17,48.40275955200195,48.46233071134388,47.3257119730381,47.54731494054126,115627200
2019-04-18,48.57669448852539,48.64579541672132,48.25739402484164,48.400362590881734,96783200
2019-04-22,48.736358642578125,48.83405622063803,48.21451468301467,48.33127546917908,77758000
2019-04-23,49.43928909301758,49.50362695477499,48.58622976622122,48.712520316675125,93292000
2019-04-24,49.363033294677734,49.67756704213216,49.33682184606203,49.410689482360645,70162400
2019-04-25,48.915069580078125,49.50601445679401,48.87694316585517,49.284411491501174,74172800
2019-04-26,48.68153762817383,48.848336097417246,48.16207538289125,48.82450618641079,74596400
2019-04-29,48.75541305541992,49.079480262865886,48.576699602106366,48.70537168868094,88818800
2019-04-30,47.816551208496094,48.4670668894448,47.444827962239685,48.38605103032389,186139600
2019-05-01,50.163673400878906,51.30505499845377,49.85628424061624,50.01117140720834,259309200
2019-05-02,49.83721160888672,50.67120752436083,49.59416398853506,50.00162852825814,127985200
2019-05-03,50.45676803588867,50.47821277895846,50.09457439721513,50.25184311826302,83569600
2019-05-06,49.67757034301758,49.763352940920356,48.490914101974354,48.679157328406795,129772400
2019-05-07,48.33841323852539,49.42499041337888,47.854695800035216,49.05803373574075,155054800
2019-05-08,48.34794616699219,48.92936120017659,48.073920318435675,48.109661555748396,105358000
2019-05-09,47.82848358154297,48.05723475366527,46.86104872008744,47.75223076687932,139634400
2019-05-10,47.16590118408203,47.565372181315134,46.11102196215222,47.2233110420529,164834800
2019-05-13,44.42463302612305,45.32403198718554,43.738123877782556,44.90064671970861,229722400
2019-05-14,45.12788772583008,45.3766564067439,44.350480579312546,44.58968277824102,146118800
2019-05-15,45.66849136352539,45.867029661329525,44.49640184388846,44.556202404072714,106178800
2019-05-16,45.467567443847656,46.03926071716833,45.17095531817391,45.426903496365576,132125600
2019-05-17,45.20921325683594,45.66369595129546,44.67339904500029,44.7140629787205,131516400
2019-05-20,43.795536041259766,44.09693319133087,43.123378349333606,43.89839489959819,154449200
2019-05-21,44.63512420654297,44.9700057682473,44.1806379157325,44.30502406005208,113459200
2019-05-22,43.72138977050781,44.422254305979834,43.66637427145734,44.17109119736444,118994400
2019-05-23,42.97507095336914,43.185566421251686,42.53254539430105,43.00855911757338,146118800
2019-05-24,42.81002426147461,43.56829490792796,42.726302019305706,43.104241988346736,94858800
2019-05-28,42.633018493652344,43.19753598272842,42.55647566713429,42.79806863981353,111792800
2019-05-29,42.429691314697266,42.90091998412499,42.09959108029265,42.200055575560086,113924800
2019-05-30,42.649757385253906,42.87221370220988,42.259856591093225,42.56603514665155,84873600
2019-05-31,41.87713623046875,42.575606305283934,41.8579996140433,42.15460804379681,108174400
2019-06-03,41.45374298095703,42.55885600339575,40.728960589625665,42.00390878409617,161584400
2019-06-04,42.97029113769531,43.01574014822659,41.74557681150609,41.96564243887218,123872000
2019-06-05,43.663978576660156,44.250027028807736,43.329096875378795,44.0801918196271,119093600
2019-06-06,44.30504608154297,44.364846650851824,43.570693338460366,43.79315335425661,90105200
2019-06-07,45.48429489135742,45.90768378892111,44.43659178289126,44.613599067232066,122737600
2019-06-10,46.0655632019043,46.73293577866847,45.835927468539325,45.881376473575656,104883600
2019-06-11,46.5989875793457,46.88363882764626,46.30955491422111,46.610948421278835,107731600
2019-06-12,46.45068359375,46.87646328917654,46.259321071663166,46.393273742142995,73012800
2019-06-13,46.44110870361328,47.072602406865755,46.30955040496847,46.57267065219424,86698400
2019-06-14,46.10383987426758,46.30715958311369,45.52018583958195,45.8191886319466,75046000
2019-06-17,46.378910064697266,46.634858146675334,45.96748202726741,46.14209859491775,58676400
2019-06-18,47.46968078613281,47.90981200382238,46.69466791366559,46.89559690653218,106204000
2019-06-19,47.33094787597656,47.811746732774715,47.19699520042928,47.76390336299069,84496800
2019-06-20,47.711280822753906,47.98636194123762,47.36921971853001,47.928952089147415,86056000
2019-06-21,47.548614501953125,48.04376482331306,47.39791594328948,47.55339956808391,191202400
2019-06-24,47.50077819824219,47.87871815109603,47.40270441017317,47.49120806529403,72881600
2019-06-25,46.780792236328125,47.66344559461407,46.71381223914871,47.46490726173989,84281200
2019-06-26,47.79261016845703,48.07726142928263,47.206565387311976,47.30702989408513,104270000
2019-06-27,47.77825927734375,48.215999837860245,47.73759533236944,47.909817596404345,83598800
2019-06-28,47.342891693115234,47.72083154888815,47.13478697915203,47.52468402313428,124442400
2019-07-01,48.211219787597656,48.91447506783852,47.99593554776266,48.5987263093887,109012000
2019-07-02,48.493465423583984,48.5891485023053,48.165759547562075,48.177720388644275,67740800
2019-07-03,48.895320892333984,48.90249666609173,48.48389283052297,48.62502124767299,45448000
2019-07-05,48.85227966308594,49.05560305706805,48.53414019894092,48.64178414277678,69062000
2019-07-08,47.845237731933594,48.175334373362844,47.460121941985406,48.034205913986874,101354400
2019-07-09,48.137054443359375,48.20163641262728,47.555791170395594,47.64907988705199,82312000
2019-07-10,48.61306381225586,48.73266491650779,48.21359656204675,48.28296724647705,71588400
2019-07-11,48.25905227661133,48.8905460488803,48.24948579291271,48.63220718977892,80767200
2019-07-12,48.62981033325195,48.797251151333036,48.36668644059876,48.426486993480296,70380800
2019-07-15,49.0866813659668,49.24455203210926,48.797245119823614,48.818772440215454,67789600
2019-07-16,48.9168586730957,49.301974430162524,48.677656430195476,48.938385998971945,67467200
2019-07-17,48.64177322387695,49.057982753514956,48.62263660815599,48.80921404901501,56430000
2019-07-18,49.1943244934082,49.246949268510306,48.725486583390186,48.797247972159944,74162400
2019-07-19,48.4599723815918,49.395253851076205,48.404956898073856,49.225418684647934,83717200
2019-07-22,49.5674934387207,49.569884147383455,48.70397311967198,48.71353960425987,89111600
2019-07-23,49.95499801635742,49.971743926163036,49.58423379143074,49.86410364149058,73420800
2019-07-24,49.914337158203125,50.029153225625926,49.555533753812014,49.67513488860905,59966400
2019-07-25,49.51964569091797,50.050674922943,49.450275001634395,49.9669526841349,55638400
2019-07-26,49.691871643066406,50.1678817358878,49.54834884778114,49.62967672847252,70475600
2019-07-29,50.155921936035156,50.385557683272346,49.85931350619357,49.864098572785444,86693600
2019-07-30,49.940643310546875,50.27074356929918,49.5890157262072,49.935858243770845,135742800
2019-07-31,50.95963668823242,52.95219151502836,50.54342718307284,51.76814131769529,277125600
2019-08-01,49.85691452026367,52.153257179746014,49.452665854213244,51.16535089156151,216071600
2019-08-02,48.80204772949219,49.37852242130375,48.230354455085056,49.163241840121984,163448400
2019-08-05,46.24736404418945,47.517527460024354,46.06557164067767,47.3596567424727,209572000
2019-08-06,47.12283706665039,47.37878519253508,46.414796893585645,46.957786951818015,143299200
2019-08-07,47.61081314086914,47.73519932999547,46.36218078247986,46.74251147526255,133457600
2019-08-08,48.6609001159668,48.68482179511622,47.6945248672639,47.88827805859261,108038000
2019-08-09,48.259925842285156,48.68491980321308,47.851734087471264,48.3343596886464,98478800
2019-08-12,48.13745880126953,48.51443488116721,47.8181106881789,47.93096316663212,89927600
2019-08-13,50.176002502441406,50.93715403198438,48.137458527792965,48.267120536421295,188874000
2019-08-14,48.68252182006836,49.568532297848215,48.64410316767906,48.78096824288931,146189600
2019-08-15,48.439998626708984,49.2563746314281,47.942967055319286,48.85298987534668,108909600
2019-08-16,49.58293151855469,49.74140568988817,48.944235250189195,49.04988469774485,110481600
2019-08-19,50.507354736328125,51.07881647496091,50.43051745097723,50.5721820740641,97654400
2019-08-20,50.50977325439453,51.227706792381404,50.500170422067065,50.634632057480246,107537200
2019-08-21,51.05721664428711,51.29972750063154,50.807502749106995,51.14125698244228,86141600
2019-08-22,51.01398849487305,51.489407284634304,50.603397042031474,51.189268512143016,89014800
2019-08-23,48.65610885620117,50.91555498677708,48.26232683356407,50.286461469002404,187272000
2019-08-26,49.580528259277344,49.748605248722136,49.237167578736795,49.429257136875236,104174400
2019-08-27,49.02107238769531,50.07515974076012,48.86980125519638,49.90948253160488,103493200
2019-08-28,49.35002899169922,49.395650682194926,48.819385567248915,49.00667191279658,63755200
2019-08-29,50.18560791015625,50.26004541127674,49.621349155907794,50.06315259687426,83962000
2019-08-30,50.120784759521484,50.53137262674945,49.75101166966507,50.46174203034494,84573600
2019-09-03,49.390838623046875,49.69818045135938,49.03547532102372,49.56611865080238,80092000
2019-09-04,50.22882843017578,50.29845901885149,49.779821963278366,50.03673886776175,76752400
2019-09-05,51.21088790893555,51.3765651308316,50.7858902958723,50.90354603728645,95654800
2019-09-06,51.206077575683594,51.484607253260535,51.025994300943886,51.39576734347277,77449200
2019-09-09,51.42459487915039,51.96964811295189,50.68025265249834,51.58546887972169,109237600
2019-09-10,52.032066345214844,52.05127566981013,50.833914491991756,51.3501518092004,127111600
2019-09-11,53.68642807006836,53.71524388706847,52.27937718938957,52.36101772978543,177158400
2019-09-12,53.56637191772461,54.365942133767874,53.511147403478866,53.97696341496987,128906800
2019-09-13,52.524295806884766,53.014120770564304,52.10890468762575,52.82443464006696,159053200
2019-09-16,52.8004150390625,52.85564321495497,52.23855609745347,52.27937453367597,84632400
2019-09-17,52.99251174926758,53.02132756869173,52.61313582378596,52.81483190453855,73274800
2019-09-18,53.489540100097656,53.50874942392138,52.68996985697935,53.07894858894895,101360000
2019-09-19,53.0549430847168,53.72725114264616,52.91327477040642,53.307056774538246,88242400
2019-09-20,52.279388427734375,53.43912547264002,52.21696086112126,53.155796135159825,221652400
2019-09-23,52.517093658447266,52.78601688512093,52.2601730542611,52.572318178824,76662000
2019-09-24,52.26736831665039,53.42230547207564,52.14971625438767,53.07174174905982,124763200
2019-09-25,53.07175064086914,53.184603139280306,52.137718705200996,52.47627620043449,87613600
2019-09-26,52.79801940917969,53.05013674812319,52.543502278670516,52.824431771617654,75334000
2019-09-27,52.541099548339844,53.05493702755311,52.17132649489073,52.95408716657338,101408000
2019-09-30,53.777671813964844,53.92413970007018,53.01411677472275,53.040529136604164,103909600
2019-10-01,53.92654037475586,54.798144667313224,53.832897210879736,54.04179631783716,139223200
2019-10-02,52.57471466064453,53.68402648733403,52.32739692001443,53.5591677213098,138449200
2019-10-03,53.02132034301758,53.05493574126126,51.655087971892826,52.44745145389446,114426000
2019-10-04,54.507606506347656,54.622862444828854,53.75846122523863,54.17865555013315,138478800
2019-10-07,54.51961898803711,55.20873658677315,54.22668318942507,54.3299328547412,122306000
2019-10-08,53.880924224853516,54.75973164617533,53.86411835463812,54.221885178414524,111820000
2019-10-09,54.51240921020508,54.69489228194408,54.17865501059328,54.51240921020508,74770400
2019-10-10,55.24715042114258,55.331190753868945,54.577242206069194,54.72850967565127,113013600
2019-10-11,56.71664047241211,57.05999756214249,55.780205051339095,55.93387599775765,166795600
2019-10-14,56.634986877441406,57.17764014436274,56.346854377235516,56.40207888768913,96427600
2019-10-15,56.5029411315918,57.062396724114954,56.39729167013194,56.75985808213798,87360000
2019-10-16,56.27482223510742,56.483721327443455,55.99389276314205,56.03471119953323,73903200
2019-10-17,56.49333572387695,56.702231195180964,56.07074153370897,56.447714031568175,67585200
2019-10-18,56.764644622802734,57.045574064199954,56.25560679138777,56.32764082698268,97433600
2019-10-21,57.74909973144531,57.86435565824575,56.9831486601448,57.03117013107662,87247200
2019-10-22,57.61705017089844,58.15489658740651,57.53540962798938,57.90518270314261,82293600
2019-10-23,58.390201568603516,58.40461130875165,57.91958597693626,58.130884866797174,75828800
2019-10-24,58.48625183105469,58.7791876143368,58.06125423337426,58.70955335592496,69275200
2019-10-25,59.20658493041992,59.24260012348222,58.31817475144487,58.38540555436381,73477200
2019-10-28,59.799659729003906,59.84768120784419,59.24020052419486,59.408277532037836,96572800
2019-10-29,58.4166145324707,59.967733495416816,58.24373795075097,59.7804471734003,142839600
2019-10-30,58.409420013427734,58.89924866845541,57.91719523037346,58.769586633499244,124522000
2019-10-31,59.73003005981445,59.82847648047376,56.96875268058943,59.365063861542914,139162000
2019-11-01,61.425209045410156,61.45161774300314,59.82606861277858,59.91730831812791,151125200
2019-11-04,61.82858657836914,61.91262689943389,61.31955239720896,61.787764481529685,103272000
2019-11-05,61.73976135253906,61.99427850362642,61.5452719696819,61.72054836324468,79897600
2019-11-06,61.766170501708984,61.82619827037496,61.317163964504836,61.65331800351261,75864400
2019-11-07,62.47903060913086,62.70059923548496,62.161130673338896,62.31285597676723,94940400
2019-11-08,62.65003204345703,62.722278694428965,61.85769280629216,62.30082274800635,69986400
2019-11-11,63.146156311035156,63.21117830823524,62.202091592786324,62.20690558715346,81821200
2019-11-12,63.088314056396484,63.28820862252995,62.8378542054995,62.98957210860609,87388800
2019-11-13,63.69282531738281,63.76748263298455,62.8739981675004,62.88844749635185,102734400
2019-11-14,63.252113342285156,63.791574613561565,63.122062018099385,63.519433306302396,89182800
2019-11-15,64.00349426269531,64.00830825530088,63.341206473883005,63.502559746650064,100206400
2019-11-18,64.32621002197266,64.40568132510607,63.635023558282754,64.01312410296957,86703200
2019-11-19,64.13114929199219,64.5429699152776,63.9144019823477,64.51888524762629,76167200
2019-11-20,63.38456344604492,64.0805639810246,62.71264022711498,63.95052001576698,106234400
2019-11-21,63.100399017333984,63.58206305050416,62.90050432778683,63.50499504129056,121395200
2019-11-22,63.044979095458984,63.38214231017823,62.81859650494602,63.240052360746795,65325200
2019-11-25,64.15039825439453,64.16725825293672,63.22319387946589,63.26895253287637,84020400
2019-11-26,63.649471282958984,64.34065772923968,63.21838008089831,64.2876744119495,105207600
2019-11-27,64.50440979003906,64.53812978101467,63.895105428258134,63.96012738993233,65235600
2019-11-29,64.36231231689453,64.54293620552941,64.03718784743079,64.20577308333193,46617600
2019-12-02,63.6181755065918,64.60317740407082,63.44718686194022,64.36715942230869,94487200
2019-12-03,62.48383331298828,62.50309662928651,61.72280370111022,62.20928144590071,114430400
2019-12-04,63.035343170166016,63.41345104116114,62.780061927870314,62.87398990266559,67181600
2019-12-05,63.960140228271484,64.03480488761794,63.2737751129012,63.52905636870785,74424400
2019-12-06,65.19562530517578,65.26546863947017,64.37438734550834,64.41774268897909,106075600
2019-12-09,64.28286743164062,65.21728922547906,63.79879285948436,65.02462660501106,128042400
2019-12-10,64.6585464477539,65.04146825890689,64.02756074204926,64.68744509771174,90420400
2019-12-11,65.2100601196289,65.28953877362453,64.66337427533851,64.73803158690569,78756800
2019-12-12,65.37623596191406,65.64115256416365,64.3791955584024,64.48997619221315,137310400
2019-12-13,66.264892578125,66.30101589143915,65.2485817157862,65.37622232256687,133587600
2019-12-16,67.39920806884766,67.623187308464,66.70561841103523,66.71043240289573,128186000
2019-12-17,67.53166961669922,67.8591974518186,67.14392646084711,67.32937171566562,114158400
2019-12-18,67.37033081054688,67.89052873128885,67.22101616979477,67.38478014032236,116028400
2019-12-19,67.437744140625,67.71711001890772,67.18005960040058,67.31251420192149,98369200
2019-12-20,67.29808807373047,68.07115666009031,67.08615475855936,67.97001134578234,275978000
2019-12-23,68.3962631225586,68.45647110065944,67.52204210459728,67.56057609253462,98572000
2019-12-24,68.46131896972656,68.61064100297523,68.13620160678971,68.56247165681626,48478800
2019-12-26,69.81957244873047,69.8364324445343,68.56484038960824,68.59373903978289,93121200
2019-12-27,69.79308319091797,70.7973554694835,69.38848735406549,70.11098306970483,146266000
2019-12-30,70.20734405517578,70.48912073727585,68.69010535047886,69.71123070858043,144114400
2019-12-31,70.72029876708984,70.72752343141342,69.72566166410049,69.82440364292783,100805600
2020-01-02,72.3338851928711,72.39409318664748,71.09119131937346,71.34406195339083,135480400
2020-01-03,71.63065338134766,72.38927264137095,71.40668140593664,71.56322072155912,146322800
2020-01-06,72.201416015625,72.23995000976231,70.50355369984423,70.75402098693286,118387200
2020-01-07,71.86183166503906,72.46631471524569,71.64267376172208,72.21103349810856,108872000
2020-01-08,73.01783752441406,73.31887745373415,71.56562119935828,71.56562119935828,132079200
2020-01-09,74.56877899169922,74.76144156312063,73.74272737606113,73.99318724898775,170108400
2020-01-10,74.73736572265625,75.30091887725054,74.23643856809193,74.80239504412852,140644800
2020-01-13,76.33409881591797,76.36059415429726,74.93486566437117,75.05287832688332,121532000
2020-01-14,75.30332946777344,76.48100118582082,75.18051017572739,76.27147857331117,161954400
2020-01-15,74.98059844970703,75.98245997667709,74.54950731619692,75.10342506334987,121923600
2020-01-16,75.91986083984375,76.03064882750155,75.1612416745226,75.52248959606675,108829200
2020-01-17,76.76038360595703,76.76278692814752,75.86207762818306,76.16793161276121,137816400
2020-01-21,76.24016571044922,76.83019952815127,76.10288974668396,76.3894803308505,110843200
2020-01-22,76.51229095458984,77.06379066619063,76.41836299389982,76.72421683459743,101832400
2020-01-23,76.88076782226562,76.96023911310208,76.01858552983758,76.56527863051073,104472000
2020-01-24,76.65921783447266,77.86819158420508,76.46895853504518,77.1264324079885,146537600
2020-01-27,74.405029296875,75.08416976822737,73.42484155700832,74.67234921705278,161940000
2020-01-28,76.50990295410156,76.68089158109271,75.18532722614749,75.28406920782065,162234000
2020-01-29,78.11143493652344,78.95675744540253,77.39857441186852,78.13793027321145,216229200
2020-01-30,77.99823760986328,78.05122092954578,76.76517927864235,77.19627050016777,126743200
2020-01-31,74.53990173339844,77.71165450707113,74.24608645041388,77.29019858022654,199588400
2020-02-03,74.33517456054688,75.498389394716,72.78421654858387,73.28514366287956,173788400
2020-02-04,76.78926849365234,76.97952779146334,75.53212542449515,75.93672133535755,136616400
2020-02-05,77.41545104980469,78.21260439944355,76.81337103650588,77.91396771511286,118826800
2020-02-06,78.32095336914062,78.3233640404218,77.12883967256218,77.68516086755363,105425600
2020-02-07,77.2563705444336,78.06989925267796,76.76632167871378,77.82125391424971,117684000
2020-02-10,77.62328338623047,77.62328338623047,75.76448107418051,75.84414097834794,109348800
2020-02-11,77.15496826171875,78.19059132825674,76.93770658748598,78.11817322586252,94323200
2020-02-12,78.98725128173828,78.99207670101356,77.60400616945556,77.60400616945556,113730400
2020-02-13,78.42474365234375,78.75063980830953,78.05781303227035,78.2605910618148,94747600
2020-02-14,78.44406127929688,78.69270656111114,77.93711251400148,78.3933612458328,80113600
2020-02-18,77.0077133178711,77.1887659353896,75.94794846047884,76.12900107799734,152531200
2020-02-19,78.12300872802734,78.35234502696264,77.24912913343354,77.24912913343354,93984000
2020-02-20,77.321533203125,78.3716398349872,76.81700080414447,77.88400744802773,100566000
2020-02-21,75.57137298583984,77.35776502195542,74.95579692410486,76.91599243144344,129554000
2020-02-24,71.98169708251953,73.43011814732492,69.8211400810818,71.75960997813098,222195200
2020-02-25,69.54351806640625,73.03180163978591,69.07278565467855,72.65038734565039,230673600
2020-02-26,70.64673614501953,71.90927916190874,69.16210602316792,69.16934783382864,198054800
2020-02-27,66.02870178222656,69.04142098650374,65.89351637245633,67.85854496748809,320605600
2020-02-28,65.99005889892578,67.20915102510166,61.88861568726967,62.103468343907636,426510000
2020-03-02,72.1337890625,72.7686815326321,67.0425894386722,68.14338895911868,341397200
2020-03-03,69.84284210205078,73.38664268465233,68.99309731394933,73.30698279429184,319475600
2020-03-04,73.08248138427734,73.24180855249296,70.76259766156525,71.5616425276586,219178400
2020-03-05,70.7119140625,72.31241302487865,70.34739243241086,71.33955724756618,187572800
2020-03-06,69.77283477783203,70.20494899083147,67.88989092478414,68.0757689182747,226176800
2020-03-09,64.25434875488281,67.13187327087931,63.489096705186356,63.670149262330426,286744800
2020-03-10,68.882080078125,69.14762542571471,65.0268655374001,66.90257561810807,285290000
2020-03-11,66.48977661132812,67.8875051992336,65.62796418784407,66.96293286366341,255598800
2020-03-12,59.923587799072266,65.17894285229022,59.86806602728879,61.78481034349421,418474000
2020-03-13,67.10291290283203,67.57365254636639,61.062997947439406,63.94535922482895,370732000
2020-03-16,58.47035598754883,62.542829050103194,57.93685251654096,58.40758870653268,322423600
2020-03-17,61.041282653808594,62.187945473114404,57.550586794967394,59.749772593000145,324056000
2020-03-18,59.54701232910156,60.35088658037525,57.241607725026064,57.88132933289352,300233600
2020-03-19,59.09075164794922,61.03646337436918,58.56690646649194,59.72081496454535,271857200
2020-03-20,55.33934020996094,60.79264444451166,55.03999854094989,59.67011594836406,401693200
2020-03-23,54.1637077331543,55.16070547027294,51.32480360482342,55.05931643178171,336752800
2020-03-24,59.59769058227539,59.79322680600636,56.56083445045727,57.05812501538411,287531200
2020-03-25,59.26939392089844,62.34245973328567,58.97488132854125,60.53193331315153,303602000
2020-03-26,62.388328552246094,62.44626304168301,59.47217348326275,59.510798931904375,252087200
2020-03-27,59.8052978515625,61.767905586340525,59.63872886548187,61.01472792774082,204216800
2020-03-30,61.51202392578125,61.683422027854625,60.206030134757754,60.529513617295876,167976400
2020-03-31,61.38650131225586,63.3660094986333,60.8336888557072,61.70274302705608,197002000
2020-04-01,58.15651321411133,60.04187380235648,57.726815314664734,59.505957782413006,176218400
2020-04-02,59.126949310302734,59.18005836764035,57.18847976805371,58.018908282578614,165934000
2020-04-03,58.277217864990234,59.31283722451452,57.68819275537644,58.6127685713981,129880000
2020-04-06,63.361183166503906,63.51567759082076,60.20121192500367,60.568142628925735,201820400
2020-04-07,62.6273078918457,65.58933353543772,62.52350615550967,65.3720644929947,202887200
2020-04-08,64.23023223876953,64.54405384793799,63.06184016051964,63.42635444288139,168895200
2020-04-09,64.6937026977539,65.19582595653276,63.899490719175986,64.86510443692977,161834800
2020-04-13,65.96349334716797,66.07212784753266,64.17227648943236,64.7709597033301,131022800
2020-04-14,69.29487609863281,69.58456326372355,67.12224446160415,67.59298426311395,194994800
2020-04-15,68.66240692138672,69.12107217268907,67.74507641878203,68.17235803124424,131154400
2020-04-16,69.20796203613281,69.57248363661981,68.16027185080422,69.37453102131897,157125200
2020-04-17,68.26891326904297,69.27074378183441,66.83497575491855,68.72516946310567,215250000
2020-04-20,66.85186767578125,67.99853426971617,66.83255863780644,67.09810395402242,130015200
2020-04-21,64.78544616699219,66.92911009651182,64.07571939662287,66.69494844279068,180991600
2020-04-22,66.6515121459961,67.0860355273564,65.71003990834832,66.05041238241853,116862400
2020-04-23,66.39319610595703,68.01542772017612,66.35457066668404,66.59597413685326,124814400
2020-04-24,68.3099594116211,68.3196176159111,66.8687799957314,66.91706365013007,126161200
2020-04-27,68.35822296142578,68.68894453234053,67.58090350335026,68.02749402346188,117087600
2020-04-28,67.25019073486328,69.00036629064134,67.1584635837108,68.81931364694016,112004800
2020-04-29,69.45904541015625,69.92736888191205,68.53205667132409,68.73483476728254,137280800
2020-04-30,70.92432403564453,71.10055118981447,69.60867977631433,69.99733575831296,183064000
2020-05-01,69.78253173828125,72.17966741995511,69.00521194830733,69.10177190288344,240616800
2020-05-04,70.76985168457031,70.89779524622708,69.11865261133845,69.80665406694762,133568000
2020-05-05,71.83202362060547,72.66245223551824,71.08367131021836,71.2285148811078,147751200
2020-05-06,72.57315826416016,73.20321806161756,72.14828561275279,72.53211641471866,142333600
2020-05-07,73.32389831542969,73.66911092684012,72.89661676334377,73.19837114485792,115215200
2020-05-08,75.06915283203125,75.12240567761269,73.65554057031774,73.9823190597041,133838400
2020-05-11,76.2503890991211,76.74418013279127,74.36960120604306,74.57777409776222,145946400
2020-05-12,75.37894439697266,77.38317534733362,75.25791594009821,76.93294564652552,162301200
2020-05-13,74.46882629394531,76.4779036027934,73.39409274246334,75.55808267285332,200622400
2020-05-14,74.92631530761719,74.98682954910396,72.98743664654351,73.70876906438306,158929200
2020-05-15,74.48335266113281,74.52934407916516,72.66792527667609,72.70181680027588,166348400
2020-05-18,76.2382583618164,76.611028150083,75.11511790410643,75.80498172029709,135178400
2020-05-19,75.79771423339844,77.09997437404789,75.76624564907384,76.25519801175672,101729600
2020-05-20,77.27185821533203,77.34204942619355,76.6158784313997,76.65460843756124,111504800
2020-05-21,76.69573211669922,77.67364408495487,76.45851368958552,77.13385452544689,102688800
2020-05-22,77.18956756591797,77.27186606725144,76.3326836366315,76.43434344951643,81803200
2020-05-26,76.66668701171875,78.48452936483687,76.61101126364815,78.30540961703058,125522000
2020-05-27,77.00074005126953,77.1459757123096,75.7856167074525,76.52389490649263,112945200
2020-05-28,77.03463745117188,78.29091382648822,76.4004493161322,76.67639044487011,133560800
2020-05-29,76.9595947265625,77.73659554294788,76.60377068012559,77.27668877080987,153532400
2020-06-01,77.90604400634766,78.02707250180976,76.78289602270274,76.91360886615988,80791200
2020-06-02,78.26671600341797,78.2909231828301,77.19924365819143,77.63978920771235,87642800
2020-06-03,78.69755554199219,78.95898118849432,78.01495316022684,78.58621141173712,104491200
2020-06-04,78.01982116699219,78.81860638544032,77.64705128445249,78.52088097581583,87560400
2020-06-05,80.24188995361328,80.30240419943048,78.2400813612976,78.26912701737099,137250400
2020-06-08,80.71631622314453,80.75020774515244,79.23009024878114,79.93931540745123,95654400
2020-06-09,83.26516723632812,83.65729831044091,80.3653297249553,80.39679831013578,147712400
2020-06-10,85.40737915039062,85.87454732273147,83.77349462695621,84.21161714524366,166651600
2020-06-11,81.30692291259766,84.9765069301838,81.20526313670851,84.55290729433239,201662400
2020-06-12,82.0089111328125,84.18742419889422,80.90029328946143,83.44189186655679,200146000
2020-06-15,83.02311706542969,83.6742509001126,80.50330314287096,80.6654845616587,138808800
2020-06-16,85.22340393066406,85.49451390772815,83.44186840333514,85.07332981023045,165428800
2020-06-17,85.10481262207031,86.02704912393895,84.98378413219785,85.96653487900272,114406400
2020-06-18,85.13871765136719,85.55505601805591,84.53115217198582,85.06125763268233,96820400
2020-06-19,84.65217590332031,86.3078449275457,83.54597361995395,85.84309961565448,264476000
2020-06-22,86.86700439453125,87.00981715451016,84.99832384422328,85.04431527047004,135445200
2020-06-23,88.72113800048828,90.1371727058119,87.6899729783668,88.1087341820106,212155600
2020-06-24,87.15503692626953,89.26819705246864,86.78226710315806,88.35079901624333,192623200
2020-06-25,88.31208038330078,88.3508103921037,86.55232854521968,87.30996818337783,137522400
2020-06-26,85.5986099243164,88.42825657527817,85.45095132716905,88.20798383985682,205256800
2020-06-29,87.57135772705078,87.665763477541,85.0297599072803,85.50661236513594,130646000
2020-06-30,88.30237579345703,88.58800861953088,87.1405053436716,87.1598666501381,140223200
2020-07-01,88.13536834716797,88.9220535759505,88.08696138066959,88.37984827441205,110737200
2020-07-02,88.13536834716797,89.67485466688348,88.02160865174983,89.04066652590694,114041600
2020-07-06,90.49300384521484,90.9601720457748,89.52961440129422,89.56108299075036,118655600
2020-07-07,90.21221160888672,91.64760765010688,90.10086747244101,90.87060685450933,112424400
2020-07-08,92.3132553100586,92.344723894615,91.1005476599512,91.1876920007991,117092000
2020-07-09,92.71025848388672,93.25730230757911,91.66457041968785,93.20404946948581,125642800
2020-07-10,92.87239837646484,92.93049706109667,91.696005277293,92.3059860634942,90257200
2020-07-13,92.44398498535156,96.77922651804644,92.23097365442625,94.17469096863013,191649200
2020-07-14,93.97379302978516,94.16501274371473,90.89482765300735,91.82674120591236,170989200
2020-07-15,94.62007904052734,96.09420527190387,93.42431687945134,95.84488685944433,153198000
2020-07-16,93.45576477050781,94.31022548870118,92.8578838224014,93.49449476804814,110577600
2020-07-17,93.26697540283203,94.06092201052024,92.79496133182224,93.90600938284572,92186800
2020-07-20,95.23248291015625,95.37045717183655,93.01040144233045,93.35412562962276,90318000
2020-07-21,93.91810607910156,96.09661884897764,93.66878769091768,96.02158177786353,103433200
2020-07-22,94.18193817138672,94.86211761268852,93.53322731563136,93.620364272229,89001600
2020-07-23,89.89511108398438,93.99313346599342,89.08664175912257,93.91567346927818,197004400
2020-07-24,89.67243957519531,90.01616378626149,86.31268703007238,88.0966534330444,185438800
2020-07-27,91.7977066040039,91.88968945823548,90.50996880574512,90.73265713883738,121214000
2020-07-28,90.2896728515625,91.54594911832494,90.2848269844815,91.36924487069622,103625600
2020-07-29,92.0203857421875,92.20435141750036,90.73506372270917,90.77137079362801,90329200
2020-07-30,93.13382720947266,93.23790991700753,90.7882949552578,91.19494882678332,158130000
2020-07-31,102.88388061523438,103.03395473140316,97.6215578817257,99.61611202784769,374336800
2020-08-03,105.47632598876953,108.09053834247213,104.4645296144692,104.7622549635953,308151200
2020-08-04,106.18071746826172,107.26997389606046,104.94380243901392,105.6651349105181,173071600
2020-08-05,106.56559753417969,106.88511455690511,105.43761099297775,105.90236369757778,121776800
2020-08-06,110.28355407714844,110.77735228156692,106.30898343243186,106.89717999809713,202428800
2020-08-07,107.77618408203125,110.26174118969138,106.98080610359243,109.80585245809037,198045600
2020-08-10,109.34269714355469,110.35874505613272,106.69709332777636,109.21902314455248,212403600
2020-08-11,106.09088134765625,109.10507306907006,105.83141158748525,108.60796447088038,187902400
2020-08-12,109.61672973632812,109.87377217439806,106.98567459916234,107.17966637873178,165598000
2020-08-13,111.55667114257812,112.55817011651827,110.50667052619417,110.99408465160128,210082000
2020-08-14,111.45724487304688,111.54696624880587,109.65066604650143,111.3820725095563,165565200
2020-08-17,111.166259765625,112.60182410704658,110.54062998121614,112.57757328432733,119561600
2020-08-18,112.09256744384766,112.5169308684593,110.58425829007268,110.91890034610189,105633600
2020-08-19,112.23320770263672,113.64452094897047,112.13863913268811,112.49995190044544,145538000
2020-08-20,114.72361755371094,114.83758973633215,112.25745666606086,112.27443297843882,126907200
2020-08-21,120.6356201171875,121.11817961837231,115.6693525872738,115.6814742972318,338054800
2020-08-24,122.07845306396484,124.91805616382935,120.21610549023623,124.83317459173283,345937600
2020-08-25,121.07697296142578,121.42131690614454,119.35769534098384,120.95330633788029,211495600
2020-08-26,122.7234878540039,123.17937664467517,121.32672345710665,122.39127306939878,163022400
2020-08-27,121.25639343261719,123.657076446734,120.11424426928406,123.32486169573068,155552400
2020-08-28,121.05998992919922,122.64589153107447,120.83689273182479,122.22880256231407,187630000
2020-08-31,125.16539001464844,127.06654483126823,122.21667670793738,123.74923681098468,225702700
2020-09-01,130.1510772705078,130.75247109042868,126.61067882372832,128.77371625173845,151948100
2020-09-02,127.45455932617188,133.83698910317142,123.18668026100194,133.45869988967056,200119000
2020-09-03,117.25039672851562,124.97138507910603,116.88180945410002,123.09934328509381,257599600
2020-09-04,117.32801818847656,119.98574406174012,107.56038329847304,116.46474218511382,332607200
2020-09-08,109.43244171142578,115.41717816603585,109.29664597406735,110.52850942019397,231366600
2020-09-09,113.79730987548828,115.56266164657546,111.79916649731042,113.73911382379356,176940500
2020-09-10,110.08231353759766,116.8818312711873,109.12204164322466,116.74603554472291,182274400
2020-09-11,108.63703918457031,111.77005705290503,106.69709205627441,111.1298709484181,180860300
2020-09-14,111.89616394042969,112.44904864015743,109.41303369608222,111.27538137934282,140150100
2020-09-15,112.07076263427734,115.26197700807842,110.19871308977739,114.77699015613865,184642000
2020-09-16,108.76313018798828,112.51693044540818,108.67583612168845,111.77005407703663,154679000
2020-09-17,107.02688598632812,108.83103751673956,105.44583164529507,106.42550707639862,178011000
2020-09-18,103.63197326660156,107.55066740012516,102.90449308489,107.08508422800398,287104900
2020-09-21,106.77469635009766,106.88139403880808,100.00427732246104,101.4010416835348,195713800
2020-09-22,108.45274353027344,109.47121874863322,105.88231946545223,109.29662320835186,183055400
2020-09-23,103.90359497070312,108.74376210707231,103.56409822420848,108.26847702241763,150718700
2020-09-24,104.97055053710938,106.93959588038079,101.84723417179123,102.01212791770884,167743300
2020-09-25,108.90864562988281,109.06384497371614,104.4370662899755,105.17424837255975,149981400
2020-09-28,111.50817108154297,111.85736219121794,109.39362820642745,111.55667272467461,137672400
2020-09-29,110.66429138183594,111.84766043177646,110.15990833447874,111.11048577797068,99382200
2020-09-30,112.33263397216797,113.73910005377913,110.20839693905525,110.37329066576835,142675200
2020-10-01,113.2832260131836,114.18530182393523,112.35205217632898,114.10770215411938,116120400
2020-10-02,109.62638854980469,111.90583192133501,108.85041428317085,109.50029467405797,144712000
2020-10-05,113.00193786621094,113.14743540361185,110.14051836534591,110.48970949498322,106243800
2020-10-06,109.76221466064453,112.63333559022071,108.87953514429641,112.22594105943094,161498200
2020-10-07,111.62456512451172,112.08045390652613,110.70308575226879,111.1783781507114,96849000
2020-10-08,111.51788330078125,112.90494606027923,111.14928853931941,112.75944851761336,83477200
2020-10-09,113.45782470703125,113.48692273393875,111.46937566481606,111.81856678833006,100506900
2020-10-12,120.66472625732422,121.42130453731181,115.6984583933761,116.45503667336371,240226800
2020-10-13,117.46382141113281,121.62500974923826,116.05736241261016,121.50861023337559,262330500
2020-10-14,117.5511245727539,119.33587277286527,116.02826603667377,117.36682718675729,150712000
2020-10-15,117.08550262451172,117.560787576873,114.60237278324881,115.15525739322722,112559200
2020-10-16,115.44625854492188,117.90029805270329,115.24256497002679,117.63840102761567,115393800
2020-10-19,112.49755859375,116.8042370043639,112.18716729027952,116.35804996814461,120639300
2020-10-20,113.98158264160156,115.40744480290577,112.15802781204344,112.71091238476241,124423700
2020-10-21,113.36083221435547,115.14558032107824,112.95343762450592,113.16683302863848,89946000
2020-10-22,112.27445220947266,114.49569279996962,111.14927920105526,113.92340448698165,101988000
2020-10-23,111.58576202392578,113.05042420827988,110.84858002778377,112.89522488264528,82572600
2020-10-26,111.59546661376953,113.05042702646372,109.49061825916863,110.58669317293085,111850700
2020-10-27,113.09893798828125,113.7585204355671,111.10079442752371,112.02226653167769,92276800
2020-10-28,107.86104583740234,111.96403683107064,107.76404997142345,111.59544958022674,143937800
2020-10-29,111.85735321044922,113.41901126991604,108.83103296967955,108.99593410290058,146129200
2020-10-30,105.59131622314453,108.62733062614099,104.48554702075934,107.72525497153092,190272600
2020-11-02,105.50403594970703,107.356689266343,104.09757704674024,105.83383085542181,122866900
2020-11-03,107.1238784790039,108.14234624016166,105.46522463913784,106.36730031348367,107624400
2020-11-04,111.49846649169922,112.11924902667879,108.97653651830575,110.71279021468385,138235500
2020-11-05,115.45597839355469,116.02826677461476,113.36083886704176,114.40840493014188,126387100
2020-11-06,115.32479095458984,115.8203256136095,112.83736946099638,114.96527887670223,114457900
2020-11-09,113.02198791503906,118.53122507296646,112.7596464655049,117.08347300114552,154515300
2020-11-10,112.68191528320312,114.25597883957684,110.8940807658282,112.27382528066764,138023400
2020-11-11,116.10209655761719,116.23812654293447,113.13857769111563,113.86731293234887,112295000
2020-11-12,115.83004760742188,117.1126214574974,115.20819406878398,116.22842646880996,103162300
2020-11-13,115.87864685058594,116.27701834676313,114.52805783909481,116.05354364266076,81581900
2020-11-16,116.88914489746094,117.55957633149036,114.80010222486767,115.54826720324448,91183000
2020-11-17,116.00492095947266,117.24862778566961,115.58711250257112,116.16038801928599,74271000
2020-11-18,114.6834945678711,116.42274359265693,114.65434634387621,115.24705160870013,76322100
2020-11-19,115.27620697021484,115.68429695756758,113.49809106564801,114.25597458875419,74113000
2020-11-20,114.0130615234375,115.40251710432108,113.96448361868471,115.27620565626937,73604300
2020-11-23,110.62202453613281,114.28513837643995,110.52486130551306,113.85761126601786,127959300
2020-11-24,111.90458679199219,112.56530706965945,109.39773567263003,110.68031687022992,113874200
2020-11-25,112.74019622802734,113.43978322932423,111.90457924459807,112.27380983588145,76499200
2020-11-27,113.28433227539062,114.158816151439,112.92482759135008,113.26490259506915,46691300
2020-11-30,115.67459869384766,117.5401594833683,113.49810369299398,113.6535707986605,169410200
2020-12-01,119.24055480957031,119.96929026603713,116.60739158310652,117.57903885839562,127728200
2020-12-02,119.59033203125,119.87211059203429,117.46242241782213,118.56038101970898,89004200
2020-12-03,119.45428466796875,120.27046459048226,118.74497909552679,120.01783429457547,78967600
2020-12-04,118.78384399414062,119.37654924842553,118.07453843287111,119.12391895649799,78260400
2020-12-07,120.24134826660156,121.03809872222877,118.78387737852155,118.84217384185906,86712000
2020-12-08,120.85346221923828,121.43645640289948,119.6000365852931,120.84375108576852,82225500
2020-12-09,118.32718658447266,122.37895334699282,117.56930300737729,120.99921619827668,115089200
2020-12-10,119.74578094482422,120.35792333365181,116.7433951040976,117.08347009062476,81312200
2020-12-11,118.93932342529297,119.27939842297663,117.13205925122674,118.95875310526962,86939800
2020-12-14,118.32718658447266,119.85267228564851,118.09399334838469,119.12393693642923,79184500
2020-12-15,124.25423431396484,124.27367140820184,120.61055751786674,120.81460252887871,157243700
2020-12-16,124.18621063232422,124.73033062366706,122.9716517851633,123.79755773169585,98208600
2020-12-17,125.05097961425781,125.90603381216341,124.40968896582861,125.24530607028412,94359800
2020-12-18,123.06884765625,125.4396693841838,122.54415723712954,125.3036393584578,192541500
2020-12-21,124.59430694580078,124.672040495101,119.94983486476208,121.47532055765235,121251600
2020-12-22,128.1407928466797,130.59905822032985,125.97400967057341,127.87844404273568,168904800
2020-12-23,127.24693298339844,128.6752408300138,127.07202876522139,128.41290674198933,88223700
2020-12-24,128.22825622558594,129.67601559807733,127.38292807699283,127.59669160383469,54930100
2020-12-28,132.81446838378906,133.446033182036,129.72462233987497,130.19102370668213,124486200
2020-12-29,131.0460205078125,134.85487480481046,130.53104880605997,134.1358655444837,121047300
2020-12-30,129.9286651611328,132.13430846309575,129.61773093964035,131.73592955161843,96452100
2020-12-31,128.92787170410156,130.91975146585497,127.9853727167279,130.27846074381847,99116600
2021-01-04,125.7408676147461,129.82178288641367,123.1660010540864,129.73433819675842,143301900
2021-01-05,127.29545593261719,128.00476884946957,124.78860513373438,125.23556923440636,97664900
2021-01-06,123.010498046875,127.33433126965235,122.79673453932533,124.09874526118351,155088000
2021-01-07,127.20807647705078,127.89795265807764,124.23483779008664,124.72066149256216,109578200
2021-01-08,128.30596923828125,128.86952618923627,126.53756485844092,128.67518495872093,105158200
2021-01-11,125.32306671142578,126.47932939006745,124.85668015090326,125.5271191713702,100384500
2021-01-12,125.14813995361328,126.0129052139805,123.26314235039197,124.85664288048969,91951100
2021-01-13,127.17890167236328,127.72302173327904,124.8469543181073,125.1092883878033,88636800
2021-01-14,125.25501251220703,127.28575108963446,125.10925657328106,127.0914246638891,90221800
2021-01-15,123.53521728515625,126.52789226757409,123.39918727805356,125.12871800814145,111598500
2021-01-19,124.20565032958984,125.0607045202907,123.34088500532488,124.15706500945309,90757300
2021-01-20,128.28656005859375,128.73352422939956,124.90523244341398,125.0121142129877,104319500
2021-01-21,132.9893341064453,135.7099489572785,129.80233279797613,130.00638521290585,120150900
2021-01-22,135.126953125,135.88483658611096,131.19177987621222,132.41604973812463,114459400
2021-01-25,138.86778259277344,140.97625472972098,132.66867020571667,139.01353853335786,157611700
2021-01-26,139.1010284423828,140.20870575076052,137.36177150504042,139.528555618627,98390600
2021-01-27,138.03216552734375,140.208660067174,136.42895396495652,139.3633171255217,140843800
2021-01-28,133.20306396484375,137.96414245615455,132.82412228395296,135.56417353512813,142621100
2021-01-29,128.21856689453125,132.86303917443942,126.51818434944722,131.97883669271752,177523800
2021-02-01,130.3367462158203,131.5415940017464,127.21775238608966,129.95780442586786,106239800
2021-02-02,131.16265869140625,132.44522526454477,130.79342801715512,131.88166811874655,83305400
2021-02-03,130.1424102783203,131.92052618668296,129.82176496768204,131.9108002272906,89880900
2021-02-04,133.4945831298828,133.5042942626405,130.7739685158837,132.43549143917588,84183100
2021-02-05,133.08103942871094,133.7232884555335,132.20525610000038,133.6551792335879,75693800
2021-02-08,133.22698974609375,133.27564766652046,131.29051736028654,132.37065786118401,71297200
2021-02-09,132.3511962890625,134.17090160726997,132.19551172596402,132.94478730279516,76774200
2021-02-10,131.74786376953125,133.3048279995829,130.7844904817518,132.80853804149436,73046600
2021-02-11,131.494873046875,132.72097244544923,130.17145780866096,132.24414858851415,64280000
2021-02-12,131.72840881347656,131.88410821935858,130.0936095966532,130.73585850968206,60145100
2021-02-16,129.6070098876953,132.35114032397303,129.21776152376123,131.845139723319,80576300
2021-02-17,127.32025909423828,128.66314035492906,125.98711832566399,127.71923321492339,97918500
2021-02-18,126.2206802368164,126.50287241895496,123.98254952435698,125.72439023440656,96856700
2021-02-19,126.37638854980469,127.19380316380035,125.33518012530345,126.7364453512212,87668800
2021-02-22,122.61048889160156,126.2304187991235,122.22124775949521,124.56641277376495,103916400
2021-02-23,122.47425079345703,123.30138352656303,115.20519947854247,120.43074421044315,158273000
2021-02-24,121.97795104980469,122.18230093698557,118.94188709836797,121.57898434363891,111039900
2021-02-25,117.73526763916016,123.05812133844819,117.29737597808456,121.32600598694728,148199500
2021-02-26,117.99798583984375,121.49140765726709,117.93959485190196,119.29220185674814,164560400
2021-03-01,124.35233306884766,124.48856634693102,119.4868376397081,120.42101187120407,116307900
2021-03-02,121.75415802001953,125.25731317881322,121.6471165286429,124.95565484356455,102260900
2021-03-03,118.77648162841797,122.32829506323422,118.5623986243893,121.4525043304613,112966300
2021-03-04,116.89836883544922,120.27502322512267,115.42899483365645,118.47479173492613,178155000
2021-03-05,118.15369415283203,118.65970985611862,114.40726400079701,117.72553558561702,153766600
2021-03-08,113.22979736328125,117.74497601487798,113.08383103215061,117.67685938357114,154376600
2021-03-09,117.83255767822266,118.77646492277744,115.5944343694315,115.82797605727136,129525800
2021-03-10,116.75242614746094,118.88350799775948,116.23667741969722,118.41642461584055,111943300
2021-03-11,118.67915344238281,119.89552719538874,117.99798711036199,119.24355264557505,103026500
2021-03-12,117.774169921875,117.91040318694742,115.95447955662657,117.16112022904915,88105100
2021-03-15,120.65454864501953,120.6642817142442,117.18058534747087,118.14395874848536,92403800
2021-03-16,122.19202423095703,123.7976388436934,121.36489168020047,122.3185244107628,115227900
2021-03-17,121.4038314819336,122.47423888090718,119.04892629520441,120.71293209328559,111932600
2021-03-18,117.28762817382812,119.86634216018179,117.08327826271949,119.57440947336566,121229700
2021-03-19,116.76215362548828,118.16341864155612,116.46049529392347,116.67457827406234,185549500
2021-03-22,120.07068634033203,120.53777713211232,117.02488910943605,117.09300574322106,111912300
2021-03-23,119.2435531616211,120.89781850320577,118.85431207414345,120.01230226774646,95467100
2021-03-24,116.85945892333984,119.59387224546333,116.84000020937296,119.51602254128295,88530500
2021-03-25,117.34600067138672,118.3872236915313,115.7987768800299,116.32425121223295,98844700
2021-03-26,117.94932556152344,118.2120664416162,115.72092802368101,117.1124598512715,94071200
2021-03-29,118.12449645996094,119.28248673827066,117.48225492917581,118.3775042989523,80819200
2021-03-30,116.6745834350586,117.16113298447573,115.66255948137214,116.87893335491496,85671900
2021-03-31,118.8640365600586,120.19717735139929,117.89093762370798,118.37748709188328,118323800
2021-04-01,119.69116973876953,120.83942678607517,119.19488720011346,120.33341860340158,75089100
2021-04-05,122.51316833496094,122.7661761594041,119.75929632134557,120.53777850848313,88651200
2021-04-06,122.81480407714844,123.71005323086034,122.26987110082902,123.09700363250099,80171300
2021-04-07,124.4593734741211,124.47883218903853,121.77361794195266,122.44505868103397,83466700
2021-04-08,126.85318756103516,126.88237934347556,125.06268894589843,125.48111439308595,88844600
2021-04-09,129.4221649169922,129.4610823431084,125.987126690143,126.3082511367721,106686700
2021-04-12,127.7094955444336,129.27618525159716,127.11590466536393,128.955060856529,91420000
2021-04-13,130.81370544433594,131.03752892907758,128.380957683949,128.87724772998885,91266500
2021-04-14,128.47825622558594,131.36836136344672,128.11821435701262,131.3099778007929,87222800
2021-04-15,130.88185119628906,131.36840082898902,130.04498523411246,130.220150823009,89347100
2021-04-16,130.55099487304688,131.0472701296793,129.69466280828593,130.6872281698665,84922400
2021-04-19,131.21266174316406,131.82571884662076,129.75301328602865,129.91843832937323,94264200
2021-04-20,129.52920532226562,131.88410306298763,128.26417368348118,131.38782793049364,94812300
2021-04-21,129.90872192382812,130.15199668398512,127.76790700410929,128.7993896114448,68847100
2021-04-22,128.3906707763672,130.5412110225183,127.87492954910141,129.46107065350094,84566500
2021-04-23,130.70668029785156,131.48514771146148,128.60478264515086,128.60478264515086,78657500
2021-04-26,131.0959014892578,131.426751593288,129.9671030596472,131.20294297565732,66905100
2021-04-27,130.77476501464844,131.7673300838562,130.5022985012677,131.3780816016613,66015800
2021-04-28,129.98655700683594,131.38782184344353,129.50000754125335,130.69691506905932,107760100
2021-04-29,129.88926696777344,133.38270410909877,128.88697605750357,132.7988386951313,151101000
2021-04-30,127.923583984375,129.96708270240345,127.54407601900469,128.23496790165584,109839500
2021-05-03,128.97451782226562,130.4633727552625,128.283625938946,128.48796838679135,75135100
2021-05-04,124.41070556640625,127.95279275381809,123.29164023246338,127.66086008438737,137564700
2021-05-05,124.65398406982422,126.9407577416854,124.5274764521898,125.72438402846821,84000900
2021-05-06,126.2498779296875,126.2596035749363,123.71008135413715,124.44963872166365,78128300
2021-05-07,126.92244720458984,127.94592476658238,126.21086763240989,127.54628780481441,78973300
2021-05-10,123.64727020263672,126.26934761190338,123.6082792363769,126.14263998590019,88071200
2021-05-11,122.73101043701172,123.0819142652862,119.67028275042819,120.38185488141869,126142800
2021-05-12,119.6703109741211,121.49310006204904,119.16344315883416,120.28440955115845,112172300
2021-05-13,121.81472778320312,122.9649351494112,121.1226549308662,121.43457519440912,105861300
2021-05-14,124.23211669921875,124.66100988052594,122.67251527187383,123.06241748790161,81918000
2021-05-17,123.0819320678711,123.72527195908786,122.00970635261075,123.61804864388507,74244600
2021-05-18,121.69778442382812,123.78375308679564,121.62955208202142,123.3646094337638,63342900
2021-05-19,121.54181671142578,121.76600548369002,119.75801895076617,120.050447495282,92612000
2021-05-20,124.09565734863281,124.49530918227134,121.94145662294912,122.06817912472063,76857100
2021-05-21,122.26312255859375,124.76823446881733,122.04867596571786,124.5927788416249,79295400
2021-05-24,123.89097595214844,124.70977148763245,122.76026751533502,122.82849985689472,63092900
2021-05-25,123.69601440429688,125.08016771850949,123.13065653206684,124.59278434432386,72009500
2021-05-26,123.64727020263672,124.17363709199465,123.22812661130169,123.75449350065962,56575900
2021-05-27,122.1169204711914,124.41733561849655,121.92197306010468,123.24763627844212,94625600
2021-05-28,121.4638442993164,122.62380153028337,121.405361560534,122.39960530367183,71311100
2021-06-01,121.14215850830078,122.1851426884376,120.81074644955004,121.92196296159237,67637100
2021-06-02,121.9024658203125,122.07792145343016,120.9179717914318,121.14216055572481,59278900
2021-06-03,120.42086791992188,121.69779071261881,120.02121601385367,121.53208465063497,76229200
2021-06-04,122.71150970458984,122.97469686847107,120.72301503974921,120.93746163646239,75169300
2021-06-07,122.72127532958984,123.13066937489863,121.67829101219802,122.9844550910691,71057600
2021-06-08,123.54005432128906,125.21663622404847,123.02343700167279,123.4035896495703,74403800
2021-06-09,123.92020416259766,124.52455300706954,123.32560491924683,123.99818609803275,56877900
2021-06-10,122.92596435546875,124.95345011953233,122.76025831506651,123.81298472926724,71186400
2021-06-11,124.1346664428711,124.22239799050632,122.91622643570359,123.33537009563992,53522400
2021-06-14,127.18562316894531,127.24410590291394,123.8617230721818,124.59278699385679,96906500
2021-06-15,126.3668212890625,127.30258955054586,126.1231333418934,126.6592498003718,62746300
2021-06-16,126.86395263671875,127.58527439037435,125.2166344350542,127.07839924257492,91815000
2021-06-17,128.46253967285156,129.20336059736883,126.37657131032402,126.52279301183641,96721700
2021-06-18,127.1661605834961,128.18963835001367,126.95171393992158,127.40984859905477,108953300
2021-06-21,128.9596710205078,129.066894317528,125.94769141357571,127.01016734634604,79663300
2021-06-22,130.5972137451172,130.6946948534403,128.29679939986326,128.7939322293707,74783600
2021-06-23,130.3243408203125,130.92869718078555,129.86620618552573,130.3925806003398,60214200
2021-06-24,130.04168701171875,131.24062798342803,129.57379527397197,131.05542269642876,68711000
2021-06-25,129.7491912841797,130.50949637284592,129.4567628177243,130.09036030729925,70783700
2021-06-28,131.37705993652344,131.83519451956099,129.98317185834844,130.04165459260284,62111300
2021-06-29,132.88796997070312,133.04393389324414,130.95796476825768,131.39660028605826,64556100
2021-06-30,133.50204467773438,133.94068011687085,132.439553660315,132.7319822442512,63261400
2021-07-01,133.80419921875,133.86268195374564,132.3323143115352,133.15111722207564,52485800
2021-07-02,136.42628479003906,136.46526832234767,134.27207651002422,134.41828334809892,78852600
2021-07-06,138.4342803955078,139.53574001915328,136.53351700878477,136.53351700878477,108181800
2021-07-07,140.91989135742188,141.23180423568894,139.0581116318865,139.91588320227135,104911600
2021-07-08,139.62344360351562,140.42273229042033,137.1183245101573,138.00535215692446,105575500
2021-07-09,141.4462432861328,141.97260274724476,139.04834716131978,139.1458282969305,99890800
2021-07-12,140.85165405273438,142.62570970674338,140.364278087154,142.51848639937432,76299700
2021-07-13,141.96287536621094,143.7369310790402,140.00362927408963,140.39352411006757,100827100
2021-07-14,145.38426208496094,145.79367103404422,143.95137538377713,144.36078433286042,127050800
2021-07-15,144.73118591308594,146.21281325196273,143.37628110522587,145.4720070192926,106820300
2021-07-16,142.69390869140625,145.9788173432772,142.19679065127386,144.7116519617399,93251400
2021-07-19,138.85336303710938,140.43247074983955,138.09305797575115,140.1205430972161,121434600
2021-07-20,142.45997619628906,143.3860023478585,139.35053030452949,139.83790622702588,96350000
2021-07-21,141.72891235351562,142.44049190950972,140.97836414159778,141.85563485293181,74993500
2021-07-22,143.09353637695312,144.45818265344855,142.1285269484485,142.2552494146691,77338200
2021-07-23,144.8091583251953,144.96512221870486,143.21056560056124,143.8246641352954,71447400
2021-07-26,145.2283172607422,146.04710543551434,143.9708787526298,144.5264945756414,72434100
2021-07-27,143.06431579589844,145.44271240050767,141.8751174935938,145.35497344078965,104818600
2021-07-28,141.31954956054688,143.2593115153304,138.94115215326465,141.1538434950934,118931200
2021-07-29,141.96287536621094,142.84990322262558,140.92964066468824,141.03686397561236,56699500
2021-07-30,142.17727661132812,142.63541107782987,140.47146121966023,140.73464833039165,70440600
2021-08-02,141.8459014892578,143.2397895751834,141.582714310116,142.6646895204393,62880000
2021-08-03,143.6394500732422,144.30227426975748,141.51448305654833,142.12858155366985,64786600
2021-08-04,143.2397918701172,144.058579914417,142.58670986762564,143.5517196242508,56368300
2021-08-05,143.34701538085938,144.107320690727,142.47948676454712,143.26903344221475,46397700
2021-08-06,142.66368103027344,143.61060825982952,142.16581806356817,142.86869219057516,54126800
2021-08-09,142.6148681640625,143.21035833317768,142.05843483321482,142.72225212556916,48908700
2021-08-10,142.13653564453125,144.196344465899,141.84366893661831,142.9565505100319,69023100
2021-08-11,142.39031982421875,143.22986295766566,142.0681679932176,142.57580253562702,48493500
2021-08-12,145.3482666015625,145.50446416374155,142.37081574173467,142.71249604702388,72282600
2021-08-13,145.55328369140625,145.88519235268876,144.74302556240244,145.42637130499,59375000
2021-08-16,147.5252227783203,147.59356480078714,142.9858407795006,145.00659283395282,103296000
2021-08-17,146.61734008789062,148.07188700426227,145.5435005089824,146.6563820290242,92229700
2021-08-18,142.87843322753906,147.134719463398,142.67342208980006,146.23660593235846,86326000
2021-08-19,143.21035766601562,144.4794367790495,141.06269334170713,141.5800847276963,86960300
2021-08-20,144.66493225097656,144.96755574158394,143.288469055807,143.9327728785443,60549600
2021-08-23,146.1487274169922,146.61730507779947,144.3720141553827,144.78202147056598,60131800
2021-08-24,146.06088256835938,147.27139120779157,145.60206158624175,145.89492826143862,48606400
2021-08-25,144.8308563232422,146.74423897086186,144.28417982272728,146.24636116832204,58991300
2021-08-26,144.03036499023438,145.57278230599707,144.00107981111,144.82110951404735,48597200
2021-08-27,145.06520080566406,145.21162673984585,143.33730030320672,143.97183254575776,55802400
2021-08-30,149.4776153564453,149.83882401907485,145.07490345956626,145.45562564226032,90956700
2021-08-31,148.21832275390625,149.16524992421503,147.6911597437249,149.0285807911714,86453100
2021-09-01,148.88214111328125,151.29338682527435,148.71618680019012,149.19453621732464,80313700
2021-09-02,149.99501037597656,151.03956466217258,148.77474502994417,150.20977826854366,71115500
2021-09-03,150.6295623779297,150.9517142276546,149.44833892893834,150.10239938899159,57808700
2021-09-07,152.9627227783203,153.51915609845358,150.71743128739138,151.28363626481305,82278300
2021-09-08,151.42030334472656,153.3043860941943,150.31717858511598,153.24581573453693,74420200
2021-09-09,150.405029296875,152.39649574316758,150.2878736971047,151.7912489116524,57305700
2021-09-10,145.4263458251953,151.78148246152148,145.16276433644302,151.3129047338198,140893200
2021-09-13,145.9925537109375,147.81806596111582,145.21158088499752,147.04686479158386,102404300
2021-09-14,144.59654235839844,147.4763801866019,143.4153339702326,146.7735062300835,109296300
2021-09-15,145.48492431640625,145.8851749521173,142.88819590848047,145.02610332343372,83281300
2021-09-16,145.25064086914062,145.42636685232276,143.71799510025087,144.90897545621797,68034100
2021-09-17,142.58554077148438,145.2798957731565,142.2926741544572,145.2798957731565,129868800
2021-09-20,139.5398406982422,141.39463880314457,137.90956733542686,140.37938418585364,123478900
2021-09-21,140.01812744140625,141.16030897663776,139.38359538478255,140.5062336067531,75834000
2021-09-22,142.38058471679688,142.94677480134484,140.28171911608493,141.01387841720836,76404300
2021-09-23,143.33729553222656,143.58134867828787,142.17560017364323,143.16156952123504,64838200
2021-09-24,143.4250946044922,143.96201429353556,142.09744541695585,142.19507259526048,53477900
2021-09-27,141.91197204589844,142.48794860245857,140.39885495340664,142.00959923062172,74150700
2021-09-28,138.53431701660156,141.3067568929059,138.31954907870838,139.8424381686271,108972300
2021-09-29,139.43240356445312,141.0138627120859,138.6514307510702,139.08096654322168,74602000
2021-09-30,138.13406372070312,140.9455603850025,137.91929578685694,140.24268621892764,89056700
2021-10-01,139.2566680908203,139.5202495626883,135.80088336468526,138.52450892126643,94639600
2021-10-04,135.83021545410156,138.82719517325862,134.98091529074117,138.38788760314102,98322000
2021-10-05,137.75328063964844,138.85640500413678,136.0449095810652,136.17182191207743,80861100
2021-10-06,138.6221466064453,138.76857249312508,135.07849119061893,136.15233067899587,83221100
2021-10-07,139.88145446777344,140.7893396562003,139.32502120039112,139.65692980871162,61732700
2021-10-08,139.500732421875,140.7502829805711,139.16882381318146,140.60385709315267,58773200
2021-10-11,139.4128875732422,141.36531233280488,138.43667519346084,138.88573944232053,64452200
2021-10-12,138.143798828125,139.84241361250955,137.68497785008697,139.82288519545196,73035900
2021-10-13,137.5580596923828,138.03639411972742,135.88873033671427,137.8802114942071,78762700
2021-10-14,140.34027099609375,140.45742659800283,138.14379338196727,138.7295267040612,69907100
2021-10-15,141.39454650878906,141.45311684711749,140.09618272452653,140.35000738503422,67940300
2021-10-18,143.06390380859375,143.34699879821167,139.75454497889402,140.03763996851194,85589200
2021-10-19,145.22137451171875,145.62162523479623,143.06395310397025,143.5130025382052,76378900
2021-10-20,145.70944213867188,146.18779152686344,144.59656071553547,145.16276563549152,58418800
2021-10-21,145.9241943359375,146.08039186170322,144.35249211048287,145.2701339545865,61421000
2021-10-22,145.1529998779297,146.60754657748723,145.10418628692474,146.129212114762,58883400
2021-10-25,145.10421752929688,145.8168484447923,144.1084766625064,145.14325947301697,50720600
2021-10-26,145.76805114746094,147.25188335627817,145.46541277347194,145.77780790953028,60893400
2021-10-27,145.30921936035156,146.16827612937263,144.9577823061733,145.80708231384622,56094900
2021-10-28,148.94070434570312,149.52642273545615,146.15849358297356,146.25612076250718,100077900
2021-10-29,146.2366180419922,146.373287179863,142.92725865743117,143.7179883048137,124953200
2021-11-01,145.41659545898438,146.1389830509936,144.28418557941234,145.44588063726485,74588300
2021-11-02,146.45140075683594,147.96453308347574,145.113979527006,145.12375118515345,69122000
2021-11-03,147.88641357421875,148.35499132920407,146.25614074482093,146.81257403590004,54511500
2021-11-04,147.36903381347656,148.80405236999567,147.05663868837075,147.9742807485948,60394600
2021-11-05,147.89694213867188,148.79636649786093,146.70422366033108,148.49330137784227,65463900
2021-11-08,147.0757293701172,148.18046407919945,146.80199217243356,148.02403856122066,55020900
2021-11-09,147.4374237060547,148.04355383183062,146.7041960051751,146.84106457930375,56787900
2021-11-10,144.612060546875,146.7726448402154,144.54363371528353,146.66510417552323,65187100
2021-11-11,144.56320190429688,146.0883134852804,144.37744845730748,145.62883774477925,41000000
2021-11-12,146.6357879638672,147.03660782102534,144.18190939663026,145.11066161989166,63804000
2021-11-15,146.6455535888672,148.48351596746593,146.08829332480207,147.00727451410145,59222800
2021-11-16,147.62319946289062,148.102247003654,146.00031832566742,146.58690654221206,59256200
2021-11-17,150.05751037597656,151.53373689410836,147.61341784542643,147.62318884522813,88807000
2021-11-18,154.33956909179688,155.12168178008048,149.627365877677,150.2726099643279,137827700
2021-11-19,156.9596405029297,157.41913113659675,153.02953515610952,154.12448394226502,117305600
2021-11-22,157.41912841796875,161.99446283900974,157.39957149925132,158.0643575600625,117467900
2021-11-23,157.80043029785156,158.18170822428823,155.50297681960475,157.5169071447605,96041900
2021-11-24,158.31857299804688,158.5140974575523,156.07000441983408,157.1551823252834,69463600
2021-11-26,153.3032684326172,156.8618668141861,152.8633347292546,156.00155632601601,76959800
2021-11-29,156.65658569335938,157.5853380225465,155.23899986098183,155.80603121042097,88748200
2021-11-30,161.6033935546875,161.81847488073362,156.3437019010155,156.41214364910118,174048100
2021-12-01,161.0852508544922,166.49158221025922,160.85061260681175,163.73463874085127,152052500
2021-12-02,160.09783935546875,160.52800204808736,154.27113083970096,155.19011206164845,136739200
2021-12-03,158.2207794189453,161.27101721338744,156.14819360952984,160.35203598315746,118023100
2021-12-06,161.6229705810547,164.12571914002814,160.6062196554979,160.61599065605895,107497000
2021-12-07,167.35191345214844,167.7429772469704,164.57542763792551,165.2988844701773,120405400
2021-12-08,171.1647186279297,172.02504411674911,166.882663021836,168.28069194116756,116998900
2021-12-09,170.6563262939453,172.79735388590385,170.03063915946248,170.9985052389604,108923700
2021-12-10,175.4369659423828,175.61294836881706,170.78341894665584,171.29179439045112,115402700
2021-12-13,171.8099365234375,178.0570365302883,171.6046261840087,177.06961358561998,153237000
2021-12-14,170.43150329589844,173.76524989300478,168.35891710300444,171.3309277742781,139380400
2021-12-15,175.29034423828125,175.4858686850592,168.45665517933287,171.19404218690133,131063300
2021-12-16,168.40774536132812,177.08916675225177,166.9315188519041,175.27076132354634,150185800
2021-12-17,167.3128204345703,169.59071677301714,165.89524955752734,166.12987292514003,195432700
2021-12-20,165.95391845703125,166.76535914150864,163.71513578207376,164.51679054709132,107499100
2021-12-21,169.12144470214844,169.3267401361631,165.3379790393109,167.72341591348743,91185900
2021-12-22,171.71218872070312,171.92727008747283,168.30022969109157,169.1703261593658,92135300
2021-12-23,172.33787536621094,172.8951357013555,171.35046721642092,171.9174985527305,68356600
2021-12-27,176.29734802246094,176.38533180519676,173.11025557923338,173.1297975859109,74919600
2021-12-28,175.2805633544922,177.27495155456995,174.5375644683696,176.13111784462515,79144300
2021-12-29,175.36854553222656,176.59059189162147,174.15627017338588,175.31966069433915,62348900
2021-12-30,174.2148895263672,176.531899082473,174.10734887256012,175.45649254440238,59773000
2021-12-31,173.59902954101562,175.2218958133562,173.29594950484335,174.1073900997929,64062300
2022-01-03,177.93968200683594,178.79023623086843,173.7358553840875,173.85316703531066,104487900
2022-01-04,175.6813507080078,178.84889968411812,175.1143195069881,178.5458346271631,99310400
2022-01-05,171.00827026367188,176.14086475419518,170.73453308424857,175.59339039534856,94537600
2022-01-06,168.15359497070312,171.37980064842037,167.80164498917833,168.83793801323478,96904000
2022-01-07,168.3197784423828,170.24572473108867,167.2052727402814,169.02367835082143,86709100
2022-01-10,168.33934020996094,168.64240533418686,164.40923476090865,165.29888813158135,106765600
2022-01-11,171.1647186279297,171.26247339503044,166.99998962694013,168.46644539148625,76138300
2022-01-12,171.60462951660156,173.21772467571947,170.91051556767007,172.1814317936139,74805200
2022-01-13,168.33934020996094,172.6702655459411,167.94827640647682,171.84905393496265,84505800
2022-01-14,169.1996612548828,169.89377524696252,167.26392904254132,167.50833831927105,80440800
2022-01-18,166.00279235839844,168.68150862321704,165.62151446360372,167.6745435442064,90956700
2022-01-19,162.51263427734375,167.25418085979933,162.22912604138475,166.19833085017333,94815000
2022-01-20,160.8311004638672,165.8854833139809,160.50847837757559,163.24586569234862,91420500
2022-01-21,158.77804565429688,162.61038131219433,158.67050497614542,160.74309086318223,122848900
2022-01-24,158.00570678710938,158.67050778679211,151.24045969712583,156.44149634340394,162294600
2022-01-25,156.20684814453125,159.1202024043847,153.5085752311325,155.4247355135648,115798400
2022-01-26,156.1188507080078,160.713741500623,154.2906743409117,159.84364519078215,108275300
2022-01-27,155.65939331054688,160.17607231774176,154.74041197266266,158.81715723147198,121954600
2022-01-28,166.52093505859375,166.54049197821774,159.15932862262193,162.00425626677838,179935700
2022-01-31,170.87136840820312,171.0864497098141,165.71921800288374,166.3546909094815,115541600
2022-02-01,170.70523071289062,170.93008309016165,168.45666218750117,170.11864243059435,86213900
2022-02-02,171.90771484375,171.94682868403083,169.45385093947993,170.84209391826516,84914300
2022-02-03,169.03343200683594,172.2987509371964,168.27087633720052,170.57810026310062,89418100
2022-02-04,168.74961853027344,170.4235148216532,167.07572223889366,168.05460511567154,82465400
2022-02-07,168.0349884033203,170.27662295458384,167.3399751947351,169.20964451994723,77251200
2022-02-08,171.13804626464844,171.64706939744136,167.80983647215697,168.1035042386361,74829200
2022-02-09,172.55743408203125,172.91961588647231,171.20657123174874,172.3322952525055,71285000
2022-02-10,168.48529052734375,171.7743370940817,167.92733513885554,170.462637822063,90865900
2022-02-11,165.07875061035156,169.4249914689082,164.4914151129285,168.69082956541044,98670700
2022-02-14,165.31370544433594,165.99892030677,163.04269054419584,163.83558309476697,86185500
2022-02-15,169.14111328125,169.29773807776493,166.654758116967,167.35955476472148,62527400
2022-02-16,168.90618896484375,169.67949961629867,166.4589825612284,168.22097415914394,61177400
2022-02-17,165.31370544433594,168.27971865617212,164.91235997613748,167.4182971510757,69589300
2022-02-18,163.76707458496094,166.93864489391834,162.68051421778296,166.23386310925557,82772700
2022-02-22,160.84999084472656,163.16993775264925,158.72580252665216,161.4960419882263,91162800
2022-02-23,156.6897430419922,162.64133603328534,156.37649344425944,162.04421705709984,90009200
2022-02-24,159.3033905029297,159.411068207212,148.79018396900835,149.35793777917277,141147500
2022-02-25,161.36878967285156,161.6330771993794,157.472826482258,160.38010876655954,91974200
2022-02-28,161.6331024169922,161.9267702066246,158.99990563300975,159.6166064975814,95056600
2022-03-01,159.753662109375,163.08187242749526,158.54964050687724,161.2219862371019,83474400
2022-03-02,163.04270935058594,163.82581854222389,159.5089420061074,160.9185355637426,79724800
2022-03-03,162.71966552734375,165.34307890598984,162.0540324670775,164.91236813214016,76678400
2022-03-04,159.72427368164062,162.05401907314567,158.67687705595137,161.01640589639365,83737200
2022-03-07,155.93601989746094,161.5352302369313,155.68150083148916,159.91028134097652,96418800
2022-03-08,154.11529541015625,159.44041971330986,152.50992837199067,155.4661583222758,131148300
2022-03-09,159.50894165039062,159.95923428896205,156.04370327606966,158.06998280822745,91454900
2022-03-10,155.17251586914062,157.0030220461292,152.6861450287311,156.8170319120158,105342000
2022-03-11,151.4624786376953,155.9163968116597,151.23733985445327,155.5737819765236,96970100
2022-03-14,147.4393310546875,150.865421052167,146.93032272367594,148.2518056179064,108732100
2022-03-15,151.81488037109375,152.2847547162285,147.204352250739,147.7133603864597,92964300
2022-03-16,156.21990966796875,156.62125521924412,151.1982508293672,153.73355381345266,102300200
2022-03-17,157.22813415527344,157.60011436017203,154.30128444798586,155.26058530967927,75615400
2022-03-18,160.5171661376953,161.0066074424884,156.3862803303168,157.1204422875064,123511700
2022-03-21,161.88763427734375,162.8371517415441,159.5676719986422,160.0571133745572,95811400
2022-03-22,165.25498962402344,165.84231029999864,161.42755456550663,162.01487524148183,81532000
2022-03-23,166.6156005859375,168.9942779440516,164.1096487837443,164.44248019289995,98062700
2022-03-24,170.39410400390625,170.46261801995993,166.61561651162776,167.44765777264146,90131400
2022-03-25,171.0303955078125,171.57856745870845,169.10199529276142,170.20813758146855,80546200
2022-03-28,171.8917999267578,172.0190445148475,168.36781639958284,168.53422465828777,90371900
2022-03-29,175.18084716796875,175.22977935165113,172.6161644453855,172.95877935054617,100589400
2022-03-30,174.01600646972656,175.8171473086946,172.9685946624538,174.77953388921446,92633200
2022-03-31,170.92271423339844,174.27049138056105,170.7171422878286,174.0845012718467,103049300
2022-04-01,170.62904357910156,171.18701389593227,168.30909632537671,170.35495761395958,78751300
2022-04-04,174.67185974121094,174.72080687147195,170.7563283054037,170.8835878567689,76468400
2022-04-05,171.36317443847656,174.53475923368862,170.7366902126206,173.75165021722813,73401800
2022-04-06,168.2014617919922,169.96345411760126,166.53736373758255,168.7202685688981,89058800
2022-04-07,168.50485229492188,169.69909027693134,166.26321768469555,167.5455515170426,77594700
2022-04-08,166.4981231689453,168.15243700693318,165.6269183292227,168.15243700693318,76575500
2022-04-11,162.24978637695312,165.46052001953282,162.0050657338506,165.1472853633742,72246700
2022-04-12,164.1194610595703,166.28278325109693,163.1209966207163,164.47185939466212,79265200
2022-04-13,166.80162048339844,167.42810486793778,163.24828613297083,163.85518867958416,70618900
2022-04-14,161.79949951171875,167.65322825491936,161.55477886000992,167.01694559853848,75329400
2022-04-18,161.58416748046875,163.08185675186522,160.11584349387897,160.45844346214486,69023900
2022-04-19,163.86492919921875,164.2760730051198,160.4486387361769,161.53519893963082,67723800
2022-04-20,163.6985626220703,165.3137281661249,162.59243524088046,165.1962520760154,67929800
2022-04-21,162.90565490722656,167.90774603308134,162.4064301142371,165.34307817395856,87227800
2022-04-22,158.37342834472656,164.3250370614869,158.08955892864606,162.94482378114378,84882400
2022-04-25,159.44046020507812,159.7243296894305,155.1137993441009,157.7176166479541,96046400
2022-04-26,153.48876953125,158.9117716750652,153.41045714368724,158.82367584026736,95623200
2022-04-27,153.26365661621094,156.41564486229873,152.0987839265491,152.61759051221244,88063200
2022-04-28,160.1843719482422,161.04579354437072,155.57382764277364,155.88707729102597,130216800
2022-04-29,154.32090759277344,162.69036069744413,153.92936034553682,158.42242998165676,131747600
2022-05-02,154.6243133544922,154.88860092145774,150.0333512355366,153.4007100151784,123055300
2022-05-03,156.1122283935547,157.31626501989302,153.01897002538345,154.81031244687898,88966500
2022-05-04,162.5141143798828,162.96439206944154,155.89685759161674,156.29820309411934,108256500
2022-05-05,153.45945739746094,160.6150881198339,151.67788357069364,160.38994926297363,130525300
2022-05-06,154.18482971191406,156.30232589327392,151.14582973171207,152.9398183054887,116124600
2022-05-09,149.06759643554688,152.76341048572758,148.50882129057032,151.8811126841976,131577900
2022-05-10,151.4694061279297,153.65553292727364,149.92049701176046,152.45954000160515,115366700
2022-05-11,143.61697387695312,152.39084062039686,142.94055024144134,150.47921836254133,142689800
2022-05-12,139.75454711914062,143.32291464808353,136.06854586723028,139.9604210928437,182602000
2022-05-13,144.2150115966797,145.18553469561974,140.2937279042498,141.74459868206603,113990900
2022-05-16,142.6759033203125,144.616949555646,141.34266624082053,142.68571610317943,86643800
2022-05-17,146.3031005859375,146.8226694807634,143.7934664467187,145.9305738468132,78336300
2022-05-18,138.0487823486328,144.46007380411618,137.14687404841018,143.96011558077154,109742900
2022-05-19,134.64706420898438,138.87224434894858,133.91182362893935,137.127274568989,136095600
2022-05-20,134.88235473632812,137.93115346240322,130.00036063657,136.3528361484188,137426100
2022-05-23,140.29371643066406,140.4407585737006,134.941158046499,135.07840236616943,117726300
2022-05-24,137.5978546142578,139.17617200488684,134.62748321427134,138.03899606760518,104132700
2022-05-25,137.7546844482422,138.99968110716551,135.61757730341805,135.70580258630076,92482700
2022-05-26,140.95054626464844,141.49952360823445,134.44121569632296,134.68629593603174,90601500
2022-05-27,146.69522094726562,146.73442720207444,142.40141055796454,142.5288570634857,90978500
2022-05-31,145.91094970703125,147.69514080945274,143.9503080341332,146.1364342695409,103718400
2022-06-01,145.7835235595703,148.75389460714223,144.7737792988703,146.95009283292427,74286600
2022-06-02,148.2343292236328,148.2931460840145,143.96992734384497,144.9208398093746,72348100
2022-06-03,142.51904296875,145.05807025566116,141.61714962601158,144.00911981753086,88570300
2022-06-06,143.26409912109375,145.64628674294468,142.04849579123675,144.13658414441952,71598400
2022-06-07,145.7835235595703,146.06781003090646,141.26424373812605,141.50932395629872,67808200
2022-06-08,145.0482635498047,146.92066479832334,144.5581031788664,145.6560576230458,53950200
2022-06-09,139.8329620361328,145.03846322934638,139.7251261469218,144.1855888973648,69473000
2022-06-10,134.43142700195312,137.98998215242344,134.36279735008839,137.5194322486073,91437900
2022-06-13,129.28472900390625,132.53938671229503,128.85338540144875,130.25523715092532,122207100
2022-06-14,130.14739990234375,131.25516732822615,128.89259032192393,130.5101288143863,84784300
2022-06-15,132.7648468017578,134.63726323315953,129.5592083618082,131.64728162043858,91533000
2022-06-16,127.50053405761719,129.7846835531672,126.50060254968962,129.4807864670593,108123900
2022-06-17,128.97103881835938,130.46113104749855,127.25547692933145,127.51036998343507,134520300
2022-06-21,133.19618225097656,134.36276639582726,130.6963761788774,130.7943992837295,81000500
2022-06-22,132.68643188476562,135.04899374439105,131.27476747959807,132.13743964836019,73409200
2022-06-23,135.54898071289062,135.86267563561398,132.96093402675356,134.1275183400123,72433800
2022-06-24,138.8722686767578,139.1173489130396,137.01946268880786,137.14689423988725,89116800
2022-06-27,138.8722686767578,140.6662578013618,138.19584483125837,139.89179587794544,70207900
2022-06-28,134.73532104492188,140.59763645444562,134.61768731128618,139.33302894232776,67083400
2022-06-29,136.49008178710938,137.90174634957765,133.98046254650382,134.75492447437682,66242400
2022-06-30,134.02947998046875,135.64700354645933,131.13753620204082,134.5490488814723,98964500
2022-07-01,136.19598388671875,136.3038197907336,132.9903451154339,133.36285690870372,71051600
2022-07-05,138.7742156982422,138.82323473193733,134.2353254229341,135.05880629688934,73353800
2022-07-06,140.10743713378906,141.28381901974345,138.30365057809186,138.56834136394644,74064300
2022-07-07,143.46994018554688,143.66600133351363,140.46034846155806,140.470146283479,66253700
2022-07-08,144.1463623046875,144.646335480772,142.14651447587394,142.4013924960781,64547800
2022-07-11,142.01902770996094,143.75419920364422,140.9504819424994,142.80328711083786,63141600
2022-07-12,142.98960876464844,145.52863633565593,142.19555121961218,142.89157069008422,77588800
2022-07-13,142.62692260742188,143.5680224891842,139.32323031975335,140.17611985083454,71185600
2022-07-14,145.5482177734375,146.01876752832248,140.43094244372892,141.2446104323155,78140700
2022-07-15,147.21478271484375,147.8912065060331,145.2835494113212,146.83245817528143,76259900
2022-07-18,144.17576599121094,148.58720894116726,143.81303717687484,147.7735410020435,81420900
2022-07-19,148.0284423828125,148.25391198084102,144.01893385798232,145.0090524915063,82982400
2022-07-20,150.02828979492188,150.6949157224323,147.41083503397257,148.1460756395822,64823400
2022-07-21,152.2928466796875,152.50851845862235,148.94994906470606,151.45956799212024,65086600
2022-07-22,151.05764770507812,153.20455292364784,150.3910366563313,152.33206789895848,66675400
2022-07-25,149.94009399414062,151.98896129458768,149.28328071900498,150.97923186102722,53623900
2022-07-26,148.61663818359375,150.0773065915356,147.83237855759032,149.2636385384265,55138700
2022-07-27,153.7045135498047,154.2338952339947,149.1656377708993,149.5773707705413,78620700
2022-07-28,154.2534942626953,154.53778073211737,151.37134852302864,153.8907653704556,81378700
2022-07-29,159.31195068359375,160.40992030893383,156.36119003723385,158.06695385906744,101786900
2022-08-01,158.3316192626953,160.3706884793457,157.72382510643268,157.84145882480365,67829400
2022-08-02,156.86114501953125,159.21392420256825,156.48863324172908,156.94938527079637,59907000
2022-08-03,162.8607177734375,163.311657015849,157.58658648416494,157.67481177613547,82507500
2022-08-04,162.54702758789062,163.89987539598906,161.19417977979222,162.7430888021846,55474100
2022-08-05,162.32122802734375,162.81206933981917,160.01426786699392,160.22042780912037,56697000
2022-08-08,161.85000610351562,164.73615535552312,161.1922805564501,163.32253000929188,60276900
2022-08-09,161.89910888671875,162.78263230320212,160.25970057725633,161.0156004495246,63135500
2022-08-10,166.13999938964844,166.23815868025727,163.84285029590276,164.60856166738782,70170500
2022-08-11,165.40370178222656,167.85790820975464,165.10919401506573,166.9449356294848,57149200
2022-08-12,168.9475860595703,169.01629605421468,166.29703098384923,166.70935086886797,68039400
2022-08-15,170.0176544189453,170.2139879921987,168.21136157814783,168.37824586437776,54091700
2022-08-16,169.86058044433594,170.52813256412875,168.51567974819596,169.61515973457077,56377100
2022-08-17,171.35267639160156,172.92335934005538,169.4089493149704,169.60528281111644,79542000
2022-08-18,170.9600372314453,171.69629926083016,169.9489052427666,170.56737014082248,62290100
2022-08-19,168.37818908691406,170.5575254675204,168.1720291679761,169.8605242913159,70346300
2022-08-22,164.5005645751953,166.74861119438174,164.07843325743647,166.58172694573366,69026800
2022-08-23,164.166748046875,165.61964882368898,163.59737044179144,164.0195016745625,54147100
2022-08-24,164.46128845214844,165.03066617037743,163.2047358944321,164.25514348994625,53841500
2022-08-25,166.9154815673828,167.02346724627097,165.2662620854037,165.688378388784,51218200
2022-08-26,160.6228790283203,167.91678748247466,160.56398047750997,167.44558409670634,78961000
2022-08-29,158.42393493652344,159.91608162954805,156.89251255304256,158.19813716461735,73314000
2022-08-30,155.9991912841797,159.58232691391927,154.83098655063566,159.1602105704912,77906200
2022-08-31,154.34011840820312,157.63857209111154,154.261582013457,157.37351363125413,87991100
2022-09-01,155.06655883789062,155.51812435449008,151.83681534634707,153.77073087696763,74229900
2022-09-02,152.95596313476562,157.42262194968552,152.13135334781393,156.82379496598037,76957800
2022-09-06,151.69940185546875,154.21250676362826,150.8747921160952,153.60386838160778,73714800
2022-09-07,153.1032257080078,153.80021196934476,150.79626559392008,151.9841081371773,87449600
2022-09-08,151.6307373046875,153.4959286997133,149.88332807721247,151.80743302495063,84923800
2022-09-09,154.4873504638672,154.92911951576863,151.91534743634494,152.62215994424614,68028800
2022-09-12,160.4364013671875,161.25119983056848,156.38206187837264,156.66674327917337,104956000
2022-09-13,151.0220489501953,157.59931943362142,150.56065692569356,156.97104316313002,122656600
2022-09-14,152.4651336669922,154.22235404144755,150.79627611743592,151.95465448242936,87965400
2022-09-15,149.57899475097656,152.3964344091801,148.6071384221947,151.8172302065752,90481100
2022-09-16,147.9395751953125,148.57767791761873,145.6522527794473,148.4402429431555,162278800
2022-09-19,151.6503143310547,151.7288507316376,146.36887246061372,146.57501740526791,81474200
2022-09-20,154.0260009765625,155.18439428665013,150.27598106267698,150.59011171978128,107689800
2022-09-21,150.90423583984375,155.83228620825895,150.78643873263653,154.45792171393398,101696800
2022-09-22,149.94219970703125,151.6405063427645,148.14571882351763,149.58879338602387,86652500
2022-09-23,147.67449951171875,148.6954577569954,145.83875792782328,148.42058784002563,96029900
2022-09-26,148.00830078125,150.95334879982894,146.89899456754617,146.91863241520423,93339400
2022-09-27,148.98016357421875,151.88595100420483,147.20332025510484,149.94222342090066,84442700
2022-09-28,147.09535217285156,147.88070143548975,142.18693800547697,144.935652935065,146691400
2022-09-29,139.87014770507812,144.0324877695267,138.10311583907216,143.42384928540386,128138200
2022-09-30,135.66854858398438,140.4788028880648,135.47221503631138,138.69213315187477,124925300
2022-10-03,139.84068298339844,140.44933637961338,135.1678792129988,135.67835835777296,114311700
2022-10-04,143.42381286621094,143.541609967603,141.61750576224773,142.37340544784647,87830100
2022-10-05,143.7183074951172,144.6803670999918,140.39040452379436,141.43100052371705,79471000
2022-10-06,142.76609802246094,144.83744897574383,142.55995305808347,143.13914221609966,68402200
2022-10-07,137.52386474609375,140.4787379469882,136.89558869640848,139.92898329664132,85925600
2022-10-10,137.84783935546875,139.2909136665795,136.03173592220895,137.84783935546875,74899000
2022-10-11,136.43423461914062,138.76083241469453,135.68816128454225,137.33738075448184,77033700
2022-10-12,135.8059844970703,137.78898779453903,135.62928879673916,136.58152223774053,70433700
2022-10-13,140.37081909179688,140.95981974279604,131.90870376504793,132.51735724415704,113224000
2022-10-14,135.84524536132812,141.87277603175662,135.65872326737428,141.66661609125816,88598000
2022-10-17,139.80142211914062,140.282437004532,137.7006219624551,138.48597103526853,85250900
2022-10-18,141.11688232421875,144.0128431743189,138.03439937209953,142.825015544548,99136600
2022-10-19,141.22486877441406,142.29489928414645,138.90809708603376,139.09461918905455,61758300
2022-10-20,140.76344299316406,143.21764906737312,140.03699260265552,140.40022528755236,64522000
2022-10-21,144.5723876953125,145.14176534962488,140.03700430524796,140.25297565616944,86548600
2022-10-24,146.7124481201172,147.47815927955588,143.32564645655586,144.49385104011358,75981900
2022-10-25,149.54954528808594,149.6968066869272,146.62413491177585,147.34075911907576,74732300
2022-10-26,146.6143035888672,149.20594507644813,145.32828678897533,148.19481318791426,88194300
2022-10-27,142.14764404296875,146.31979510961392,141.48991849585923,145.35775035197634,109180200
2022-10-28,152.88726806640625,154.6150242142885,145.11234293200243,145.48537216958695,164762400
2022-10-31,150.53123474121094,151.41475823578028,149.13724698324478,150.3545390298714,97943200
2022-11-01,147.8904571533203,152.60253597457515,146.3983105936967,152.23931825640548,80379300
2022-11-02,142.3734130859375,149.38262560122348,142.34396380900958,146.22160672381153,93604600
2022-11-03,136.33607482910156,140.18426855678922,136.20845130657773,139.45781809061094,97918500
2022-11-04,136.0706024169922,140.28900066971147,132.13735779737468,139.71867839937045,140814800
2022-11-07,136.60157775878906,136.8277351131925,133.40581664759068,134.82178704829124,83374600
2022-11-08,137.17190551757812,139.069688836373,135.19545550623369,138.06672226567503,89908500
2022-11-09,132.61917114257812,136.23776400792798,132.34384521853534,136.18859544917657,74917800
2022-11-10,144.41888427734375,144.41888427734375,137.17188688278108,138.88285345399055,118854000
2022-11-11,147.20167541503906,147.5064994693465,141.9606252113591,143.3864383750097,93979700
2022-11-14,145.80535888671875,147.77198095425382,144.96953850636208,146.48384590068005,73374100
2022-11-15,147.53599548339844,151.02675299903876,146.0806992107757,149.67962155098414,89868300
2022-11-16,146.30685424804688,147.36883205309908,144.83188757505272,146.64119143040293,64218300
2022-11-17,148.20465087890625,148.95196191687904,143.71091192910288,143.98623783804743,80389400
2022-11-18,148.76510620117188,150.15157823399846,147.4671435564981,149.7680875657841,74829600
2022-11-21,145.5398712158203,147.8604860232478,145.2547175972566,147.65399909356225,58724100
2022-11-22,147.6736297607422,147.90962978782017,144.47786920588229,145.65785433713793,51804100
2022-11-23,148.54881286621094,149.29612388958984,146.84767388557262,146.95583870512687,58301400
2022-11-25,145.63824462890625,146.39539856946286,144.66476099104776,145.83490389805146,35195900
2022-11-28,141.8131103515625,144.19272111621666,140.9871327315936,142.7177546502144,69246000
2022-11-29,138.81402587890625,142.39327767480953,138.007718580844,141.8819517027843,83763800
2022-11-30,145.5595703125,146.23805750910813,138.20440600108748,139.040211602305,111380900
2022-12-01,145.8348846435547,146.64120704597443,144.16325857031342,145.73656252403373,71250400
2022-12-02,145.3432159423828,145.53004745802465,143.2192602974079,143.5240993516398,65447400
2022-12-05,144.18292236328125,148.40132070138284,143.33727415278167,145.30389650239576,68826400
2022-12-06,140.52500915527344,144.84174478338647,139.55152565219004,144.61558740538712,64727200
2022-12-07,138.58786010742188,140.97729872796708,137.6635453309665,139.81699890501977,69721100
2022-12-08,140.26930236816406,141.1247931057231,138.7451823842777,139.98414879173407,62128300
2022-12-09,139.78749084472656,143.14058484738695,138.5485094221092,139.96447961702353,76097000
2022-12-12,142.07861328125,142.0884409898644,138.7058487137347,140.31847817047847,70462700
2022-12-13,143.04229736328125,147.46719825510277,141.8328286540092,147.00504073940357,93886200
2022-12-14,140.81996154785156,144.21238117508022,138.80417118832523,142.92424628798724,82291200
2022-12-15,134.2219696044922,139.43352160827794,133.7598121718234,138.75503452609877,98931900
2022-12-16,132.26516723632812,135.35276341025192,131.49818579850947,134.40879318099954,160156900
2022-12-19,130.16087341308594,132.94364536804903,129.12840885731634,132.8551509782634,79592600
2022-12-20,130.09207153320312,131.02621414919912,127.72228799900502,129.19725476241064,77432800
2022-12-21,133.18948364257812,134.52678732015247,130.5345467103143,130.76070405901197,85928000
2022-12-22,130.02322387695312,132.31434056379908,128.12544063659777,132.10785363301125,77852100
2022-12-23,129.6593780517578,130.21002976434445,127.47642661676507,128.73506338957282,63814900
2022-12-27,127.85997772216797,129.21695222981506,126.57184221320603,129.18745408870456,69007800
2022-12-28,123.9365234375,128.8432433891337,123.76936236246999,127.505939784758,85438400
2022-12-29,127.44695281982422,128.30242867918332,125.5983306446105,125.8539861302219,75703700
2022-12-30,127.76161193847656,127.78128236285382,125.30334153820444,126.26698977683235,77034200
2023-01-03,122.98272705078125,128.7154254385632,122.0977455022682,128.1057773178633,112117500
2023-01-04,124.2511978149414,126.51281646624362,122.99256074022561,124.77235152537197,89113600
2023-01-05,122.93354797363281,125.63765344479737,122.67789249421179,125.0083349534918,80962700
2023-01-06,127.45679473876953,128.11561145155684,122.80573689838651,123.90704815865084,87754700
2023-01-09,127.97794342041016,131.18354745345354,127.72228791640812,128.292610198386,70790800
2023-01-10,128.54823303222656,129.06938662217883,125.9817909176488,128.0860756971166,63896200
2023-01-11,131.26220703125,131.28186245070447,128.28277553296553,129.0595847172529,69458900
2023-01-12,131.18353271484375,132.0193381171801,129.24640871746402,131.6456901154858,71379600
2023-01-13,132.51100158691406,132.6683349676498,129.46274610687883,129.8265664212103,57809700
2023-01-17,133.67132568359375,134.99878678874634,131.89153482883353,132.57984966159466,63646600
2023-01-18,132.95350646972656,136.2967583598761,132.77650266153844,134.53663801277594,69672800
2023-01-19,133.0124969482422,133.9761376268957,131.53753029546903,131.84235433638028,58280400
2023-01-20,135.56907653808594,135.71658218378784,131.97999755468973,133.02230476612493,80223600
2023-01-23,138.75502014160156,140.92814412125819,135.59858513124948,135.81491475833332,81760300
2023-01-24,140.15130615234375,140.77079684177573,137.9585269717819,137.9683546796287,66435100
2023-01-25,139.4925079345703,140.0529874380773,136.49340619294276,138.53869500355867,65799300
2023-01-26,141.55746459960938,141.8426182007582,139.53183124401355,140.78064047196506,54105100
2023-01-27,143.4945831298828,144.77289057415175,140.69215546789684,140.77082215722044,70555800
2023-01-30,140.61349487304688,143.12094131391822,140.46600420175812,142.54079133466578,64015300
2023-01-31,141.88194274902344,141.93111130163894,139.9054929686203,140.31848180314623,65874500
2023-02-01,143.0029296875,144.16324461699494,138.961535368266,141.56730384751015,77663600
2023-02-02,148.30299377441406,148.65697138188685,145.6972102432423,146.41502317640206,118339000
2023-02-03,151.92156982421875,154.75351068440185,145.36288637728777,145.55954560277002,154357300
2023-02-06,149.19778442382812,150.54493079230497,148.26364190831887,150.02377712562708,69858300
2023-02-07,152.0690460205078,152.63936822302708,148.12597415973434,148.12597415973434,83322600
2023-02-08,149.3845672607422,152.00017745535465,148.64708419863103,151.3118629315438,64120100
2023-02-09,148.35214233398438,151.75440537570756,147.9096553354024,151.213581264491,56007100
2023-02-10,148.71649169921875,149.04148154329528,146.9536843926681,147.1900447411898,57450700
2023-02-13,151.51339721679688,151.91715888947925,148.62788900472555,148.65743217523777,62199000
2023-02-14,150.87326049804688,151.43461079325414,148.56880303013764,149.8096612758476,61707600
2023-02-15,152.97091674804688,153.13833305811258,150.5581292969133,150.78463194852628,65573800
2023-02-16,151.37551879882812,153.95572244720177,151.02098573800205,151.17854429955682,68167900
2023-02-17,150.23316955566406,150.67633223329352,148.55899109181487,150.03621003527854,59144100
2023-02-21,146.22494506835938,149.00212332766463,146.15601601247863,147.91882364629484,58867200
2023-02-22,146.6483917236328,147.67258982358598,144.92497033349784,146.60899081957194,51011300
2023-02-23,147.13096618652344,148.05669224456878,145.00378282832062,147.81048914517564,48394200
2023-02-24,144.48184204101562,144.9545478123535,143.50687229977612,144.87576101262292,55469600
2023-02-27,145.6734619140625,146.90447752822308,145.21059884097443,145.46665970602933,44998500
2023-02-28,145.1712188720703,146.81585399639758,144.60002580056587,144.81668575965537,50547000
2023-03-01,143.10308837890625,144.9939263960711,142.80764165155819,144.60000744430354,55479000
2023-03-02,143.69398498535156,144.481837933212,141.71450238763347,142.1872231725768,52238100
2023-03-03,148.73623657226562,148.81502337863614,145.09243318314816,145.79164167073546,70732300
2023-03-06,151.4936981201172,153.92618602775224,151.1293223291666,151.4542972077173,87558000
2023-03-07,149.29757690429688,151.69066400049135,148.83471383986452,151.36567408118486,56182000
2023-03-08,150.54827880859375,151.13917230662574,149.52408044265695,150.48919246419973,47204800
2023-03-09,148.30291748046875,152.19292402611515,147.94838436334126,151.22781194000862,53833600
2023-03-10,146.24465942382812,148.64760438030467,145.3681768808884,147.92869544727571,68572400
2023-03-13,148.1847381591797,150.81418573238946,145.45680332509693,145.56513330123872,84457100
2023-03-14,150.27252197265625,151.07021762009597,147.82034869008896,148.98242012042218,73695900
2023-03-15,150.66644287109375,150.92248866561948,147.64306182318006,148.89377768233683,77167900
2023-03-16,153.4830322265625,154.08376844517147,149.33696504123728,149.84907174243986,76161100
2023-03-17,152.6459197998047,154.35949876084172,151.93685367986137,153.70951897971963,98944600
2023-03-20,155.0094451904297,155.4230795673691,151.80880531492744,152.7148458265595,73641400
2023-03-21,156.86090087890625,156.97907354545168,154.1625097854557,154.93067719913012,73938300
2023-03-22,155.43292236328125,159.67746084227036,155.41322191031108,156.8805976022137,75701800
2023-03-23,156.51625061035156,159.09646969740976,155.28523492873595,156.41777837205046,67622100
2023-03-24,157.81617736816406,157.90480687220796,155.45263376473136,156.44728881765926,59196500
2023-03-27,155.87611389160156,158.32830230982592,155.47233717929535,157.5109061704178,52390300
2023-03-28,155.2556610107422,156.08291480553032,153.61102618902072,155.57080817581272,45992200
2023-03-29,158.3282928466797,158.60403911493316,156.92986104995282,156.94954647836764,51305700
2023-03-30,159.8941650390625,160.0024950198449,158.8207229739758,159.07676882534926,49501700
2023-03-31,162.39556884765625,162.49405610459849,159.45098920585787,159.97293860815142,68749800
2023-04-03,163.6462860107422,163.76445869825218,161.7259047034759,161.77514833228696,56976200
2023-04-04,163.1144561767578,164.30607057242986,162.60234960420735,164.06972525205444,46278300
2023-04-05,161.27288818359375,162.54330471265868,159.34266411557562,162.2380152446489,51511700
2023-04-06,162.15924072265625,162.45468749786315,159.53963569062748,159.96309788102116,45390100
2023-04-10,159.56912231445312,159.56912231445312,157.64874149675836,158.9683862610161,47716900
2023-04-11,158.35784912109375,159.89415417908276,158.07224508795338,159.88431146406083,47644200
2023-04-12,157.6685028076172,159.5987270827998,157.35335556356011,158.77148810772155,50133100
2023-04-13,163.04554748535156,163.28190788405584,158.96842452673738,159.1752417539843,68445600
2023-04-14,162.7008514404297,163.79399372639534,161.33196290458474,162.09025757823102,49386500
2023-04-17,162.72056579589844,162.87813940299813,161.53879379674336,162.58269264644778,41516200
2023-04-18,163.9417266845703,164.8674527745674,163.13417327770642,163.5773508935462,49923000
2023-04-19,165.0841064453125,165.60605581206516,163.0258371209191,163.28189796071484,47720200
2023-04-20,164.11900329589844,165.3204757933169,163.04556123695718,163.56751067945328,52456400
2023-04-21,162.51373291015625,163.92200731179602,161.99178358382397,162.54327607753027,58337300
2023-04-24,162.81903076171875,163.08493430890758,161.40089854610392,162.49404087672,41949600
2023-04-25,161.28273010253906,163.78414697340926,161.24332919160244,162.68116189989732,48714100
2023-04-26,161.27288818359375,162.7698073781101,160.32747660698578,160.58352244501583,45498800
2023-04-27,165.85226440429688,165.9999802574992,162.6811671878293,162.6811671878293,64902300
2023-04-28,167.1029815673828,167.27041291997128,165.33033104891717,165.93106728858945,55275900
2023-05-01,167.01434326171875,167.86128258741087,166.07877442017465,166.70905380019818,52472900
2023-05-02,165.9802703857422,167.76279339985444,164.99545801480568,167.50673256610264,48425700
2023-05-03,164.90684509277344,168.32414556576836,164.6212560883793,166.925713661642,65136000
2023-05-04,163.27203369140625,164.50304913491388,161.8145156138655,162.38570858289833,81235400
2023-05-05,170.9339141845703,171.65282310766082,168.1665784150509,168.3832383689214,113453200
2023-05-08,170.8649444580078,171.20963479482143,169.49605587870553,169.86043164324718,55962800
2023-05-09,169.16123962402344,170.9043468501181,168.993823309898,170.42179836441701,45326900
2023-05-10,170.924072265625,171.38693538928501,169.289279744913,170.39228007410486,53724500
2023-05-11,171.1111602783203,171.93839911576495,169.5551548305296,171.20964753246403,49514700
2023-05-12,170.18414306640625,171.6535334613317,168.63584185680983,171.2196142676148,45533100
2023-05-15,169.69110107421875,170.8153397179057,169.0993901889802,170.766027969497,37266700
2023-05-16,169.69110107421875,170.74630026056693,169.4248296710781,169.61220528633143,42110300
2023-05-17,170.302490234375,170.53916250241704,168.06386972955488,169.3360433616003,57951600
2023-05-18,172.6298828125,172.8172584115987,170.1940301198803,170.60822168470452,65496700
2023-05-19,172.7383575439453,173.95134816577144,172.5213979143073,173.95134816577144,55809500
2023-05-22,171.7916259765625,172.2945846931845,171.0519949677244,171.57466634347682,43570900
2023-05-23,169.1881103515625,170.9829553293692,168.9119826700276,170.7364116817252,50747300
2023-05-24,169.46421813964844,170.03620114077688,168.16247565777167,168.7245872835419,45143500
2023-05-25,170.59835815429688,171.49576564962197,169.31632809947834,170.02637505144457,56058300
2023-05-26,173.00460815429688,173.33991896491864,170.71669083708804,170.92379413047703,54835000
2023-05-30,174.8487548828125,176.51539231960112,174.12885165758402,174.51345913931758,55964400
2023-05-31,174.79946899414062,176.8704419237823,174.31623796446905,174.87836477742368,99625300
2023-06-01,177.60020446777344,177.6297885060057,174.4838886927619,175.24324745233199,68901800
2023-06-02,178.44827270507812,179.26679934554073,176.78163539298924,178.52716847079088,61996900
2023-06-05,177.0972442626953,182.3929972823034,175.57852688511534,180.10507993454968,121946500
2023-06-06,176.7323455810547,177.62975297431,174.97694105936182,177.4818328127375,64848400
2023-06-07,175.361572265625,178.70470351330488,174.8684849721747,175.97299569419778,61944600
2023-06-08,178.07354736328125,178.3398036598064,175.00654388250445,175.44044804834044,50214900
2023-06-09,178.45816040039062,179.71059129506313,178.13272098000036,178.99068805786467,48900000
2023-06-12,181.2490234375,181.34764691680866,178.468018885392,178.7638742754878,54274900
2023-06-13,180.77566528320312,181.60404834381112,179.91769818813273,180.2727216495119,54929100
2023-06-14,181.40682983398438,181.84074910193183,179.50351991974284,180.8348467124019,57462900
2023-06-15,183.43833923339844,183.94129793003785,181.23917400121888,181.4166932611595,65433200
2023-06-16,182.3634033203125,184.40479194393566,181.72239585614398,184.14837692000424,101256200
2023-06-20,182.45216369628906,183.52710548415504,181.86046794433722,181.86046794433722,49799100
2023-06-21,181.4167022705078,182.84665255889604,180.06563271508736,182.34369383727915,49515700
2023-06-22,184.41464233398438,184.46395407144706,181.1306792503188,181.19971869233248,51245300
2023-06-23,184.0990447998047,184.96688315796402,182.45213522308205,182.9846778693447,53117000
2023-06-26,182.70858764648438,185.45015206010262,182.66913223239737,184.2470177435845,48088700
2023-06-27,185.45997619628906,185.78541559077308,183.10301971608257,183.31997931240525,50730800
2023-06-28,186.633544921875,187.27455239917202,185.00636283468697,185.33178721386028,51216800
2023-06-29,186.9688262939453,187.4422009047134,186.32781886596203,186.4658826988121,46347300
2023-06-30,191.28829956054688,191.79124321876165,188.61575961709715,188.98065447297634,85213200
2023-07-03,189.7991943359375,191.19956064074086,189.10885998965753,191.10093714903454,31458200
2023-07-05,188.6847686767578,190.311950580781,187.98457816150727,188.92145597370774,46920300
2023-07-06,189.15818786621094,189.36529119732234,186.58427101063623,187.21542228701534,45094300
2023-07-07,188.0437774658203,190.0062704618662,187.60987325439862,188.76369580404943,46815000
2023-07-10,186.00238037109375,187.36330604998784,184.45407912216882,186.6433878022031,59922200
2023-07-11,185.479736328125,186.68287064614393,184.02020200954667,186.54480679233018,46638100
2023-07-12,187.1463623046875,189.04967210294507,185.86433228601203,187.05759515232103,60750200
2023-07-13,187.9056854248047,188.5467078881079,187.15619821079162,187.86624506525828,41342300
2023-07-14,188.0536346435547,188.53685056119244,187.00829198764853,187.59998771190843,41616200
2023-07-17,191.30804443359375,191.63348390558141,189.15817566199323,189.24692777767194,50520200
2023-07-18,191.0515899658203,191.64330071063998,189.75970372238763,190.6768538720752,48288200
2023-07-19,192.40267944335938,195.48939585264796,189.9865395225249,190.4303301514657,80507300
2023-07-20,190.4598846435547,193.7537038386121,189.83858989767532,192.39277822300156,59581200
2023-07-21,189.286376953125,192.2744851317762,188.58618628535973,191.41651794617295,71951700
2023-07-24,190.08514404296875,192.21528467718613,189.59205676918674,190.73602285584008,45377800
2023-07-25,190.94309997558594,191.75177028050072,190.25278084201756,190.65711599447494,37283200
2023-07-26,191.8109893798828,192.93522799592873,190.6473103947794,190.9924625294884,47471900
2023-07-27,190.5486602783203,194.47363103189025,189.8879250921341,193.3099522093675,47460200
2023-07-28,193.12258911132812,193.9115318637554,191.45595149688123,191.97862287270013,48291400
2023-07-31,193.73397827148438,193.7734336784224,192.560428204252,193.3493708168966,38824100
2023-08-01,192.90562438964844,194.01013518521242,192.5801849485631,193.52691923606866,35175100
2023-08-02,189.91751098632812,192.48155598125388,189.19760772385698,192.3434921357412,50389300
2023-08-03,188.5270233154297,189.71042999433632,188.0536636534335,188.9215022402868,61235200
2023-08-04,179.47393798828125,184.7894189873242,179.40489853673822,182.95513345446872,115956800
2023-08-07,176.37730407714844,180.59812946369578,174.89804242164368,179.6119550266926,97576100
2023-08-08,177.31417846679688,177.77768168655697,175.1248698685598,177.20569866966517,67823000
2023-08-09,175.7264404296875,178.42854898853972,174.56274666920834,178.36938092489027,60378500
2023-08-10,175.50950622558594,178.25107058876787,175.14462641506705,176.9986245515979,54686900
2023-08-11,175.56875610351562,176.38838822312198,174.34425781198718,175.10464195853916,52036700
2023-08-14,177.2178955078125,177.44501774834183,175.09474782272636,175.74650562753334,43675600
2023-08-15,175.23300170898438,177.23763842738072,174.8380051896738,176.64514364841483,43622600
2023-08-16,174.364013671875,176.30938743269644,174.29488099061055,174.91701484938284,46964900
2023-08-17,171.8260955810547,175.29223725703497,171.31258808782235,174.9268647491592,66062900
2023-08-18,172.3099822998047,172.91236175457905,169.81159252872837,170.14734105941557,61172200
2023-08-21,173.6431121826172,173.92949746098708,171.56935789788312,172.88274314562352,46311900
2023-08-22,175.01573181152344,175.46010661888187,174.04797988711957,174.84785755399471,42038900
2023-08-23,178.85711669921875,179.28175219727777,176.1019810531239,176.28960964053493,52722800
2023-08-24,174.17636108398438,178.83739189345877,173.81097351698816,178.41275636104422,54945800
2023-08-25,176.3784942626953,176.91174101480664,173.62335841851225,175.16386577811136,51449600
2023-08-28,177.93875122070312,178.33374768816518,176.31924159506977,177.83999456976295,43820700
2023-08-29,181.81964111328125,182.58989476243158,177.25736718090633,177.4548654120463,53003900
2023-08-30,185.30555725097656,185.50307057198083,182.43192527543482,182.62942352828824,60813900
2023-08-31,185.52281188964844,186.75719481874472,185.13768501849643,185.4931879048022,60794500
2023-09-01,187.0929718017578,187.54721631397274,185.92770639795236,187.12259578872172,45766500
2023-09-05,187.3299560546875,187.60645663383806,185.26607135025952,185.92769881238064,45280000
2023-09-06,180.6248016357422,186.49059214043663,179.20278998997966,186.0462022000218,81755800
2023-09-07,175.34161376953125,175.98350189646143,171.37183427986267,172.99134398653018,112488800
2023-09-08,175.953857421875,177.9881329660241,175.56873058484743,176.121746745329,65551300
2023-09-11,177.119140625,178.0473990105972,175.12437356668377,177.82027676778657,58953100
2023-09-12,174.09739685058594,177.87954850785982,172.6358914674074,177.2475449582567,90370200
2023-09-13,172.0334930419922,175.0848841389881,171.80635572558617,174.30474566083996,84267900
2023-09-14,173.5443572998047,173.89986015970092,171.4113401404273,171.82609096561458,60895800
2023-09-15,172.82347106933594,174.29486087176767,171.6483512368518,174.27510652680778,109259500
2023-09-18,175.74649047851562,177.13887792290447,173.9689761950564,174.2751007250675,67257600
2023-09-19,176.83274841308594,177.38574949277796,174.91698390976052,175.30211073798526,51826900
2023-09-20,173.29750061035156,177.45489404541186,173.20861358406935,177.0203888259045,58436200
2023-09-21,171.7569580078125,174.0973581099587,171.6878404044714,172.36922214048295,63149100
2023-09-22,172.60623168945312,174.8676297137013,171.87548661966315,172.48773574692532,56725400
2023-09-25,173.880126953125,174.7590070374673,171.97423178505466,172.02361011818323,46172700
2023-09-26,169.8115997314453,173.01111068359924,169.51534481079926,172.63586851438868,64588900
2023-09-27,168.30067443847656,170.87806622328196,166.93792612877573,170.46331542744704,66921800
2023-09-28,168.55743408203125,169.88068876106084,165.52578284422083,167.22429469748067,56294400
2023-09-29,169.07093811035156,170.9077001905232,168.211797495528,169.87081569769032,51861100
2023-10-02,171.57920837402344,172.12233981703872,168.79443355791753,169.08081880430257,52164500
2023-10-03,170.24607849121094,171.46072207785286,168.6858318118607,170.1078282132375,49594600
2023-10-04,171.49037170410156,172.03350325883684,168.8339769739755,168.9524729247714,53020300
2023-10-05,172.7247314453125,173.2579782200924,170.52258153582127,171.61871413723316,48527900
2023-10-06,175.2725067138672,175.76625988669193,171.0163417068709,171.6286058875163,57266700
2023-10-09,176.75375366210938,176.81300162773064,173.60360623261292,174.60098214625398,42390800
2023-10-10,176.1612548828125,177.47464011941017,175.72674968355904,175.8748846750232,43698000
2023-10-11,177.55364990234375,177.60302823490863,175.38113888285298,175.9736336691769,47551100
2023-10-12,178.45230102539062,180.061926326966,176.80315195865202,177.82029748660239,56743100
2023-10-13,176.6155242919922,179.65703072033497,175.91438812346496,179.15340788479125,51427100
2023-10-16,176.48712158203125,176.84262444155877,174.3047260977915,174.5417330268598,52517000
2023-10-17,174.93675231933594,176.19088966345473,172.61612132571108,174.44299912050275,57549400
2023-10-18,173.6431121826172,175.36137864838344,172.9222367694585,173.3863659573123,54764400
2023-10-19,173.26788330078125,175.6181383369893,173.0012523479638,173.84062376512662,59302900
2023-10-20,170.72010803222656,173.2283676109075,170.48310107616433,173.11974130623128,64244000
2023-10-23,170.83860778808594,171.8359838309846,167.80695589693704,168.77472302133776,55980100
2023-10-24,171.27308654785156,171.50020876645127,169.3079436842464,170.8879597127696,43816600
2023-10-25,168.96234130859375,170.89784530264086,168.51795139973865,169.73259505065448,57157000
2023-10-26,164.804931640625,169.2388405091802,163.600172706508,168.2414494672427,70625300
2023-10-27,166.11830139160156,166.8490614359056,164.745668316651,164.82467062426355,58499100
2023-10-30,168.1624755859375,169.03148612945668,166.76021816135642,166.90835317753996,51131000
2023-10-31,168.63644409179688,168.764809656098,165.8022909489589,167.23418704526227,44846000
2023-11-01,171.7964630126953,172.0532092124064,167.99455793411695,168.86356825336904,56934900
2023-11-02,175.35153198242188,175.55889990398722,173.26789271763636,173.32714069522646,77334800
2023-11-03,174.44300842285156,174.61089777938133,171.1842491912974,172.06312932936157,79829200
2023-11-06,176.9907684326172,177.1882666996337,174.0085099439187,174.1763842242903,63841300
2023-11-07,179.54840087890625,180.1606499568927,176.73400192517136,176.9413698079054,70530000
2023-11-08,180.6050262451172,181.15802736111343,179.32126504404005,180.07177947416378,49340300
2023-11-09,180.13104248046875,181.81966995293175,179.53853262491765,180.67417400336535,53763500
2023-11-10,184.3136749267578,184.48178544542026,181.475802800193,181.9108804268445,66133400
2023-11-13,182.73158264160156,183.9478113332898,182.14818998578377,183.7401702602705,43627500
2023-11-14,185.34202575683594,186.0045247766197,184.214786141562,185.5991101996175,60108400
2023-11-15,185.9056396484375,187.3789678351275,185.67821821290843,185.74744196041772,53790500
2023-11-16,187.58663940429688,188.82264852852316,186.5384909930313,187.44820698590362,54412900
2023-11-17,187.56686401367188,188.24914348244,186.4594046371221,188.12059370194675,50922700
2023-11-20,189.30712890625,189.76198684131353,187.75470950144614,187.7645921414258,46505100
2023-11-21,188.5062255859375,189.37638084971888,187.61630503925363,189.2676114417462,38134500
2023-11-22,189.16871643066406,190.77057938008178,188.6940931656517,189.3467095850447,39617700
2023-11-24,187.84375,188.76333367409984,187.13180743837248,188.73367065803237,24048300
2023-11-27,187.6657257080078,188.53588093642713,186.78568783853885,187.79427548166112,40552600
2023-11-28,188.2689208984375,188.94131776896225,187.28011350908017,187.65586514519703,38415400
2023-11-29,187.25045776367188,189.9400151741752,186.85494082777598,188.7633319210795,43014200
2023-11-30,187.82394409179688,188.18981305356235,186.08364867108205,187.71517468500207,48794400
2023-12-01,189.0995330810547,189.4159436040849,187.11202054575708,188.19971472368132,45704800
2023-12-04,187.30972290039062,187.92279356612363,185.35188905459586,187.85356982644447,43389500
2023-12-05,191.2550811767578,192.22410797955845,188.0513405114985,188.08101860758427,66628400
2023-12-06,190.16741943359375,192.58009647341478,189.95976327032974,192.27356863697858,41089700
2023-12-07,192.0955810546875,192.81740609388598,191.42318430562543,191.4627450433353,47477700
2023-12-08,193.51947021484375,193.79633503305183,191.50229501018384,192.0263616366492,53406400
2023-12-11,191.01780700683594,191.32434997590968,189.27751140798418,190.948598334338,60943700
2023-12-12,192.5306854248047,192.54056806660662,189.57414602172835,190.9189246189266,52696900
2023-12-13,195.7443084716797,195.78385412672148,192.66911702808835,192.90642113434447,70404200
2023-12-14,195.8926239013672,197.3857175620074,193.964452594447,195.8036348613561,66831600
2023-12-15,195.35867309570312,196.1793699091571,194.79504567055722,195.3191123528845,128538400
2023-12-18,193.69747924804688,194.42920214917604,192.21426816132805,193.89523770867535,55751900
2023-12-19,194.73570251464844,194.74558515548247,193.69745188302565,193.96443406555753,40714100
2023-12-20,192.6493377685547,195.46742966263125,192.6493377685547,194.69616113684165,52242800
2023-12-21,192.50099182128906,194.87413831888384,191.33420648650613,193.90511142023345,46482500
2023-12-22,191.43307495117188,193.22281352230834,190.8101216032956,192.99537700889314,37149600
2023-12-26,190.88926696777344,191.71986154255086,190.67172813799795,191.44299668429173,28919300
2023-12-27,190.98809814453125,191.33418668795235,188.95115779593849,190.33549688162287,48087700
2023-12-28,191.41334533691406,192.48125917871982,191.0079306668944,191.96707508718282,34049900
2023-12-29,190.3750762939453,192.2241411947973,189.5840274029703,191.72973752393827,42672100
2024-01-02,183.5621795654297,186.33084291740326,181.83176685644636,185.0552730997862,82488700
2024-01-03,182.187744140625,183.79950485996184,181.37691491631995,182.15808112880916,58414500
2024-01-04,179.8739471435547,181.04073256447913,178.85547678867908,180.1112512492328,71983600
2024-01-05,179.152099609375,180.7144169560074,178.15340966673114,179.95304619735901,62379700
2024-01-08,183.4830780029297,183.52263874374273,179.46852282651062,180.0519155054874,59144500
2024-01-09,183.06777954101562,183.07766218215258,180.68475037086026,181.86143345023166,42841800
2024-01-10,184.1060791015625,184.31372023659836,181.86148175118598,182.2866768410309,46792900
2024-01-11,183.51275634765625,184.9564217479187,181.56480461990643,184.45212033242825,49128400
2024-01-12,183.8390655517578,184.64989484239166,183.11724039185432,183.97749798089004,40477800
2024-01-16,181.57469177246094,182.1976301200088,178.90489995610474,180.12114381484557,65603000
2024-01-17,180.6352996826172,180.88250149305736,178.2819487070673,179.24109293861534,47317400
2024-01-18,186.5187225341797,187.02300881659582,183.75005912545993,184.0071435872404,78005800
2024-01-19,189.4158935546875,189.80152773623652,186.70657164411216,187.2108578544456,68903000
2024-01-22,191.71983337402344,193.14371820043874,190.1080727596782,190.14763349819026,60133900
2024-01-23,192.99542236328125,193.55904982724218,191.66054141727486,192.83722464512005,42355600
2024-01-24,192.3230438232422,194.18200660712424,192.16483101440033,193.232744842077,53631300
2024-01-25,191.99671936035156,194.07322080915367,190.94858599423335,193.03497008475262,54822100
2024-01-26,190.2663116455078,192.58011726192578,189.79168833424328,192.09561130867766,44594000
2024-01-29,189.58401489257812,190.04875551955823,187.4580852833725,189.86087972294905,47145600
2024-01-30,185.93531799316406,189.65324309628332,185.37170567810733,188.80286821503816,55859400
2024-01-31,182.33607482910156,185.00586682539145,182.28664653050623,184.94652570867123,55467800
2024-02-01,184.76853942871094,184.85752846784007,181.76257176566293,181.93066720224104,64885400
2024-02-02,183.76983642578125,185.2332669548565,177.24370243482153,177.84687547061628,102551700
2024-02-05,185.57933044433594,187.13176501057416,183.75992879401906,186.04407104136263,69668800
2024-02-06,187.18124389648438,187.1911265388062,184.67956238073768,184.76855142564483,43490800
2024-02-07,187.29000854492188,188.91165203661865,186.49895962721544,188.50623739169367,53439000
2024-02-08,186.21218872070312,187.41851968576853,185.25304448034683,187.27020463334281,40962000
2024-02-09,186.97454833984375,188.10322646586073,186.13298359451971,186.77652244170517,45155200
2024-02-12,185.2914276123047,186.79633688725167,184.93500212895557,186.54881961012742,41781900
2024-02-13,183.20236206054688,184.360756090923,181.68755769129083,183.92512331150874,56529500
2024-02-14,182.3212127685547,183.6875129162611,180.62820312290157,183.4796068721132,54630500
2024-02-15,182.03408813476562,182.65783644316613,179.5490203671251,181.72716915991907,65434500
2024-02-16,180.49949645996094,183.0142804515248,179.86585283584154,181.5984737728991,49752500
2024-02-20,179.7569580078125,180.6183133605895,178.2124525032785,179.98466968931257,53665600
2024-02-21,180.50938415527344,181.0737156195715,178.8658660184515,180.13315310757224,41371400
2024-02-22,182.5390167236328,183.12316891523534,180.6479964148563,181.65785591778803,52292200
2024-02-23,180.70741271972656,183.20237592421455,180.42028422645075,183.17267506039363,45119700
2024-02-26,179.36093139648438,180.94503297704767,178.85598645977296,180.4302078946742,40867400
2024-02-27,180.81631469726562,182.09349711935678,177.77679547469845,179.30151026553332,54318900
2024-02-28,179.61831665039062,181.30143093346823,178.34113428414614,180.69748823755316,48953900
2024-02-29,178.95498657226562,180.75691955299587,177.74710108364005,179.4698267249393,136682600
2024-03-01,177.87582397460938,178.7371792855814,175.61846756104012,177.76691576574171,73563100
2024-03-04,173.36111450195312,175.14322688917085,172.06411122315788,174.40067502541135,81510100
2024-03-05,168.43055725097656,170.33148818677603,167.93552268101038,169.06420089624305,95132400
2024-03-06,167.44046020507812,169.53941670485264,167.00482743895031,169.36119643359416,68587700
2024-03-07,167.32167053222656,169.0344857697736,166.81674075207243,167.47017484778516,71765100
2024-03-08,169.03448486328125,171.9749911536114,167.26226790901475,167.32166963491963,76267000
2024-03-11,171.03443908691406,172.6482565736913,170.34139373001014,171.2225546353428,60139500
2024-03-12,171.50965881347656,172.3017170819102,169.31170429451927,171.43045147590772,59825400
2024-03-13,169.43052673339844,171.4700666239107,169.06419090034882,171.05423942259554,52488700
2024-03-14,171.2819366455078,172.57892461566286,170.34137411890524,171.1928340614332,72913500
2024-03-15,170.90570068359375,170.90570068359375,168.5988381717502,169.47010369924573,121752700
2024-03-18,171.9947967529297,175.94517770513775,171.7967859641753,173.82643054023092,75604200
2024-03-19,174.3313751220703,174.8561105550952,171.31166123855039,172.6086493883763,55215200
2024-03-20,176.8956298828125,176.8956298828125,173.3511809805003,173.97492929704185,53423100
2024-03-21,169.66812133789062,175.72735394947048,169.14338597139206,175.29172116809335,106181300
2024-03-22,170.56910705566406,171.33146450930536,168.37115239719608,170.05426688241553,71160100
2024-03-25,169.15330505371094,170.2324767040703,167.76719930445816,168.87608692531137,54288300
2024-03-26,168.02464294433594,169.71765273934344,167.89592911986227,168.3117563520967,57388400
2024-03-27,171.5888671875,171.87599567632833,168.42064920188324,168.71767294274684,60273300
2024-03-28,169.7770233154297,170.51957504542207,168.8166552027259,170.04434616825796,65672700
2024-04-01,168.34146118164062,169.54934678777494,167.79692011211174,169.48994505423667,46240500
2024-04-02,167.16323852539062,167.6582730022656,166.55929585931307,167.4008605129018,49329500
2024-04-03,167.96519470214844,168.98496453257434,166.90582876011774,167.11373478373662,47691700
2024-04-04,167.14349365234375,170.2126991824844,167.14349365234375,168.59888151299202,53704400
2024-04-05,167.89590454101562,168.69785802201392,167.27215623034843,167.90579979250484,42104800
2024-04-08,166.77713012695312,167.51968192191484,166.5692240844266,167.3513719945941,37425500
2024-04-09,167.9850311279297,168.3909631058002,166.6781477036779,167.02466284236104,42373800
2024-04-10,166.11378479003906,167.4107728345435,165.45044033625643,167.12365945587084,49709300
2024-04-11,173.30165100097656,173.7174932271012,166.48998734440974,166.66819249224693,91070300
2024-04-12,174.7967071533203,176.58872985356905,172.47994902506244,172.52944039553972,101670900
2024-04-15,170.97503662109375,174.8759113224836,170.7869210734751,173.61851932570818,73531800
2024-04-16,167.69789123535156,172.03438316124112,166.59891404642835,170.0443499195711,73711200
2024-04-17,166.33160400390625,168.95528100035153,166.33160400390625,167.9256158132339,50901200
2024-04-18,165.38111877441406,166.96523521407434,164.8959946340493,166.36129252101995,43122900
2024-04-19,163.36138916015625,164.74747975255278,162.45052746983075,164.559379327856,68149400
2024-04-22,164.1930389404297,165.59893510418706,163.13367296874276,163.8762247169617,48116400
2024-04-23,165.24252319335938,165.39104261951863,163.28219064755024,163.70792820716713,49537800
2024-04-24,167.34149169921875,167.6187098522012,164.5593998092657,164.8861093338651,48251800
2024-04-25,168.20285034179688,168.91570135131437,166.48012455092012,167.84642483703811,50558300
2024-04-26,167.6186981201172,169.63843239437367,167.49987955768663,168.19293999888993,44838400
2024-04-29,171.77696228027344,174.2818355072499,171.38094074443057,171.64824848286057,68169400
2024-04-30,168.63844299316406,173.25216784182598,168.3117184327478,171.6086497890361,65934800
2024-05-01,167.6186981201172,170.99483730573115,167.43058257791944,167.8959162536964,50383100
2024-05-02,171.31166076660156,171.69778712393833,169.19291342760516,170.79682058773386,94214900
2024-05-03,181.55886840820312,185.14291355827163,180.84601747897057,184.7963833456082,163224100
2024-05-06,179.9054412841797,182.37070337959045,178.62824383792136,180.5390848280799,78569700
2024-05-07,180.58856201171875,183.0637342712393,179.51930088998813,181.6281373821679,77305800
2024-05-08,180.92518615722656,181.25191068891664,179.64798888723342,181.0340943344566,45057100
2024-05-09,182.73704528808594,182.82614787366472,180.3014688648197,180.74699689996783,48983000
2024-05-10,181.47796630859375,183.50044009541958,180.56586910059414,183.31206939842306,50759500
2024-05-13,184.68019104003906,185.4931559868038,183.03444380225457,183.84740874901934,72044800
2024-05-14,185.8203125,186.68285108112164,184.69010361608505,185.8996272619275,52393600
2024-05-15,188.09066772460938,189.0126735344407,185.76084369802737,186.29621459797372,70400000
2024-05-16,188.20962524414062,189.45881387860598,188.03117836935675,188.83421956137332,52845200
2024-05-17,188.23939514160156,189.17132485957902,187.55531842828847,187.88248620977504,41282900
2024-05-20,189.3993377685547,190.2717851507536,187.38677266186554,187.70403175639103,44361300
2024-05-21,190.69808959960938,191.07481584379752,189.28036268210627,189.44890089382775,42309400
2024-05-22,189.26055908203125,191.16408357860647,188.63597976159812,190.6188039117619,34648500
2024-05-23,185.27505493164062,189.35966699130785,185.0272019643745,189.33983451815809,51005900
2024-05-24,188.3484344482422,188.94328765804346,186.42509288132968,187.19840810516956,36327000
2024-05-28,188.3583526611328,191.34249703943843,187.47599667367734,189.86528785982966,52280100
2024-05-29,188.65579223632812,190.59896650948673,187.88249204796585,187.98163930401122,53068000
2024-05-30,189.64720153808594,190.52955764421512,188.99288109200768,189.12175436970267,49889100
2024-05-31,190.59896850585938,190.91622762632966,188.27906791647348,189.79592715782175,75158300
2024-06-03,192.36366271972656,193.31542486412093,190.86663609575578,191.24336235629542,50080500
2024-06-04,192.680908203125,193.64257895328527,191.37223723797064,192.96841099700254,47471400
2024-06-05,194.1878662109375,195.20901937445223,193.19645419760306,193.72190135445058,54156800
2024-06-06,192.80979919433594,194.8124556459051,192.5024638984892,194.0094143560484,41181800
2024-06-07,195.19906616210938,195.24863977701435,192.47268374751314,192.97829831295977,53103900
2024-06-10,191.4614715576172,195.60558138834554,190.49980075281104,195.20900753042525,97010200
2024-06-11,205.37095642089844,205.3808802210458,191.96707924808354,191.98689659289002,172373300
2024-06-12,211.2401580810547,218.3089152196564,205.1231328450552,205.58909768640683,198134300
2024-06-13,212.40011596679688,214.8885546834631,209.7827888470424,212.8958219752939,97862700
2024-06-14,210.6651153564453,213.32209192759066,209.48533280144244,212.01343611534222,70122700
2024-06-17,214.8092041015625,217.06962191331422,210.89313031273133,211.53754196526575,93728300
2024-06-18,212.4496612548828,216.75240063817128,211.1707464886947,215.72132373307375,79943300
2024-06-20,207.87924194335938,212.4000929584359,207.05638337080816,212.0927425591543,86172500
2024-06-21,205.70806884765625,210.07027533194446,205.33132746963062,208.58315742215362,241805100
2024-06-24,206.3524932861328,210.87332959032133,204.8158016590104,205.93610206103614,80727000
2024-06-25,207.27450561523438,209.5646648210329,206.81844945769743,207.35380525957078,55549700
2024-06-26,211.41860961914062,213.0147835489249,208.83102368645302,209.68363861405976,66213200
2024-06-27,212.26129150390625,213.88720639689362,210.52632069800987,212.84622088780682,49772700
2024-06-28,208.8111572265625,214.21436386520998,208.49391330369318,213.91693728719588,82542700
2024-07-01,214.88851928710938,215.6419868499251,210.09999821846176,210.2685364182596,60402900
2024-07-02,218.3782958984375,218.48735180877674,213.2526983679821,214.293668724795,58046200
2024-07-03,219.64732360839844,219.64732360839844,217.1489612238199,218.11063203893852,37369800
2024-07-05,224.39617919921875,224.50523511983306,219.74645469045154,219.74645469045154,60412400
2024-07-08,225.86346435546875,225.89320550199054,221.3327047505454,225.13972278278513,59085900
2024-07-09,226.71607971191406,227.42989753320916,224.4259205051531,225.97252074204383,48076100
2024-07-10,230.97914123535156,231.07828847688273,227.28117906796422,227.3307526887298,62627700
2024-07-11,225.61563110351562,230.39422897123262,223.83108651749725,229.40281699319425,64710600
2024-07-12,228.56008911132812,230.64206011910093,226.71606240173486,226.9540066999144,53046500
2024-07-15,232.386962890625,235.1926606193721,231.0882156126273,234.44910163171727,62631300
2024-07-16,232.80335998535156,234.24090427881208,230.33473879844306,232.98180687397965,43234300
2024-07-17,226.91436767578125,229.47221227385296,224.69359950369105,227.47946461019197,57345900
2024-07-18,222.2547149658203,228.46096321097224,220.36112971273346,228.3023336745397,66034600
2024-07-19,222.38360595703125,224.8522270905052,221.36245288688534,222.88923571935766,49151500
2024-07-22,222.03663635253906,225.82382229500527,221.17409763275575,225.06043082550624,48201800
2024-07-23,223.07760620117188,224.9910392063895,220.7676144514488,222.44310313331528,39960300
2024-07-24,216.6631622314453,222.86941075843336,215.26528287042115,222.07627816799848,61777600
2024-07-25,215.6221923828125,218.95333716975932,212.77682977395946,217.04981289629316,51391200
2024-07-26,216.08816528320312,217.60502442671483,214.15489978899527,216.82180047841348,41601300
2024-07-29,216.36575317382812,217.41664743865044,213.8971319294418,215.09674706599597,36311800
2024-07-30,216.9209442138672,218.43780333279796,214.26395224147618,217.3075942808937,41643800
2024-07-31,220.17276000976562,221.89782218872546,218.7352157578384,219.53825698895486,50036300
2024-08-01,216.48471069335938,222.55214689360594,215.15622233135366,222.44309097566543,62501000
2024-08-02,217.97183227539062,223.66254232334134,215.84030263063204,217.2679231335739,105568600
2024-08-05,207.47274780273438,211.66641540377168,194.31670922313467,197.3801679980859,119548600
2024-08-06,205.45028686523438,208.18659343179937,199.34320096724198,203.53686913101606,69660500
2024-08-07,208.01808166503906,211.8052677945223,204.61753049861642,205.12314519344287,63516400
2024-08-08,211.47805786132812,212.36041379670297,207.03653703937619,211.27977851822874,47161100
2024-08-09,214.3829345703125,214.91829038971974,210.1496011292121,210.27848952903548,42201600
2024-08-12,215.9114532470703,217.8767166928247,213.99582080224636,214.46232494953352,38028100
2024-08-13,219.62364196777344,220.23902400333975,217.38044783379533,217.38044783379533,44155300
2024-08-14,220.07028198242188,221.37053243582614,218.06530765715263,218.9288446755302,41960600
2024-08-15,223.04795837402344,223.67327566716008,221.1025352094067,222.9288560878089,46414000
2024-08-16,224.36810302734375,225.1422983120676,221.9859508745138,222.25394621007445,44340200
2024-08-19,224.20925903320312,224.30852103873067,221.38045847347976,224.0405257400108,40687800
2024-08-20,224.8246307373047,225.4797235950926,223.77252016614798,224.09014645304697,30299000
2024-08-21,224.71546936035156,226.28371522001356,223.37552309496598,224.8345868015738,34765500
2024-08-22,222.85935974121094,226.64100861280963,222.2340424758978,226.0950979165247,43695300
2024-08-23,225.15219116210938,226.52192810531062,222.66087229355688,223.98097823318813,38677300
2024-08-26,225.48963928222656,225.58890128123517,222.22412549030662,225.07276614784877,30602200
2024-08-27,226.3333282470703,227.14723425887112,223.21669220638537,224.31843379232603,35934600
2024-08-28,224.8048095703125,228.149730282918,224.00082364270057,226.22416240429726,38052200
2024-08-29,228.08026123046875,231.18697758967758,227.1770435151196,228.38796742499142,51906300
2024-08-30,227.29612731933594,228.68570457235603,225.78743262658827,228.4772755570311,52990800
2024-09-03,221.11248779296875,227.2961293418145,219.52438650802387,226.84948058831634,50190600
2024-09-04,219.20675659179688,220.1298295937355,215.86182100754215,220.01072730838987,43840200
2024-09-05,220.72537231445312,223.80229748015876,219.87177059333374,219.9809527371486,36615400
2024-09-06,219.17698669433594,223.56409767944487,218.13479623481732,222.28368749781316,48423000
2024-09-09,219.26632690429688,219.6236489368284,215.09757995493325,219.17700018247805,67180000
2024-09-10,218.4722442626953,219.8320457576339,215.11738873446274,217.2910961852286,51591000
2024-09-11,221.00331115722656,221.4301044903715,216.26879790334314,219.81224273641337,44587100
2024-09-12,221.11248779296875,221.8866830044339,218.1844402475294,220.84449248276735,37455600
2024-09-13,220.844482421875,222.37301734416337,220.25887596851652,221.91644846858938,36766600
2024-09-16,214.7104949951172,215.60379255643394,212.32834292284386,214.92884416844979,59357400
2024-09-17,215.17698669433594,215.28616885496612,212.9040318988166,214.14473138540643,45519300
2024-09-18,219.04794311523438,221.05291740528648,215.92137182236397,215.931307109631,59894900
2024-09-19,227.16708374023438,228.11002736409566,222.95864123060412,223.31596324984213,66781300
2024-09-20,226.5020751953125,231.3556905514529,225.92638886705737,228.2589097535001,318679900
2024-09-23,224.7849578857422,227.74278104335218,224.12986496132828,225.64847983003366,54146000
2024-09-24,225.67825317382812,227.64353192764617,224.05045616714196,226.94872814757065,43556100
2024-09-25,224.68568420410156,225.59883710649478,222.35317851779175,223.2563961324406,42308700
2024-09-26,225.82713317871094,226.7998372114188,223.73283210674714,225.60876888531146,36636700
2024-09-27,226.09510803222656,227.81224676693589,225.60876359989413,226.76013618443497,34026000
2024-09-30,231.26637268066406,231.26637268066406,227.94129216556473,228.32838978012126,54541900
2024-10-01,224.52688598632812,227.9412778656533,222.07526286618742,227.81225543239978,63285000
2024-10-02,225.09263610839844,225.67824256269316,221.360617941662,224.20925878310885,32880600
2024-10-03,223.99090576171875,225.12242301224842,221.65839996957536,223.4648504260935,34044200
2024-10-04,225.1125030517578,226.30357145139808,222.46237094034984,226.20430944090455,37245100
2024-10-07,220.04052734375,224.01076551273388,219.68320530273118,222.8296172342201,39505400
2024-10-08,224.09017944335938,224.29860847272343,221.58892507419034,222.6311156567822,31855700
2024-10-09,227.8321075439453,228.04055170887608,223.1571606453159,223.554178398676,33591100
2024-10-10,227.33583068847656,227.7924147414137,225.47974919262126,226.08521111865923,28183500
2024-10-11,225.85693359375,227.70309500312143,225.64848941975737,227.5939128444124,31759200
2024-10-14,229.5790252685547,230.00581860221664,226.89911753216435,226.99836439928595,39882100
2024-10-15,232.11004638671875,235.7229623804217,230.6410474142004,231.87182665313995,64751400
2024-10-16,230.055419921875,230.39288648800354,228.1298522341637,229.87676649695567,34082200
2024-10-17,230.42269897460938,232.11006236609234,228.80483716826546,231.6931740173152,32993800
2024-10-18,233.25148010253906,234.4226930307779,232.26884075534687,234.4226930307779,46431500
2024-10-21,234.720458984375,235.08771628667242,232.7055644739604,232.7055644739604,36254500
2024-10-22,234.10508728027344,234.4624093106695,230.86934872103873,232.14974382855843,38846600
2024-10-23,229.04302978515625,233.39044533687328,226.0653512199268,232.33833466706656,52287000
2024-10-24,228.85443115234375,229.10257100562325,226.71049918514768,228.26880958821053,31109500
2024-10-25,229.6881866455078,231.48471683213373,227.86188088691335,228.03061417648678,38802300
2024-10-28,231.66339111328125,232.98349712196287,230.81972458948547,231.58399967772363,36087100
2024-10-29,231.931396484375,232.58648944554818,230.59145013134693,231.36564539627622,35417200
2024-10-30,228.387939453125,231.7328600109945,227.8420287171323,230.87925826342104,47070900
2024-10-31,224.2291259765625,228.11995749798112,223.69313535160188,227.63359787833264,64370100
2024-11-01,221.25143432617188,223.67328184782377,218.6310779402587,219.32586653780092,65276700
2024-11-04,220.35812377929688,221.13231895883285,218.0752491010658,219.34572401852256,44944500
2024-11-05,221.7873992919922,222.28367900181775,219.49458945583885,220.14968230766976,28111300
2024-11-06,221.06285095214844,224.387931303672,219.54423614319148,220.95366880237512,54561100
2024-11-07,225.7874298095703,226.18446269494834,222.89909318788202,222.95864433437472,42137700
2024-11-08,225.51914978027344,227.20835428792034,224.9726384261151,225.72780810336752,38328800
2024-11-11,222.8064727783203,224.26714170400084,220.0938084143074,223.57158868270503,42005600
2024-11-12,222.8064727783203,224.15783943194586,221.9420008205612,223.12444853772337,40398300
2024-11-13,223.69082641601562,225.2111120360391,221.34580821096,222.58787261698694,48566200
2024-11-14,226.7711639404297,227.41703140021204,223.57160465201176,223.59148192887395,44923900
2024-11-15,223.5715789794922,225.4793879673537,222.84621765747355,224.96268496170848,47923700
2024-11-18,226.5724334716797,228.28151537171908,223.74052045447314,223.82001439888424,44633700
2024-11-19,226.83074951171875,228.69881907074455,225.22103903072198,225.53899960732684,36211800
2024-11-20,227.54620361328125,228.4702922716314,224.45594670445817,226.61216873586113,35169600
2024-11-21,227.06924438476562,228.69883223369175,224.2770861035494,227.42695953023323,42108300
2024-11-22,228.41065979003906,229.25526960886552,226.6121530455377,226.6121530455377,38168300
2024-11-25,231.39161682128906,231.7692092379923,228.28149797848934,229.99057974831032,90152800
2024-11-26,233.56771850585938,234.07449047305911,231.84870566104107,231.84870566104107,45986200
2024-11-27,233.43856811523438,234.19375305105456,232.3256831511884,232.98149686010998,33498400
2024-11-29,235.8233184814453,236.3002669685808,232.48464874765904,233.31931239062584,28481400
2024-12-02,238.0689697265625,239.26134854667043,235.65440375298792,235.76370602927642,48137100
2024-12-03,241.1095428466797,241.21884512379424,237.38334952948236,238.2875760799829,38861000
2024-12-04,241.4672393798828,242.5602620666903,239.71841824290905,241.32812877991805,44383900
2024-12-05,241.49705505371094,242.98753231090083,240.59284370740727,242.4410361127995,40033900
2024-12-06,241.29832458496094,243.0769692456264,240.5431549096241,241.36788746709487,36870600
2024-12-09,245.18350219726562,245.67039687977774,240.21524480725012,240.29473874492055,44649200
2024-12-10,246.19705200195312,246.63426111556626,243.78247081974237,245.3226337747269,36914800
2024-12-11,244.92515563964844,249.2077910379196,244.69660488558225,246.38582450957213,45205800
2024-12-12,246.38584899902344,247.16089600762038,244.12030947937123,245.32263454558526,32777500
2024-12-13,246.5547637939453,247.7073880681415,244.676762972136,246.24673423955153,33155300
2024-12-16,249.44625854492188,249.78411156803347,246.07778066556844,246.41563368868003,51694800
2024-12-17,251.8707733154297,252.21855739876366,248.19426586582333,248.49236434269267,51356400
2024-12-18,246.47525024414062,252.66569465886903,246.16722071424974,250.559158393614,56774100
2024-12-19,248.20420837402344,250.4001849209636,245.52135228225407,245.92875304737495,60882300
2024-12-20,252.8743896484375,253.3811464831127,244.13025293349912,246.4653249902114,147495300
2024-12-23,253.64942932128906,254.02700659111463,251.84097626600598,253.15260355822258,40858800
2024-12-24,256.5608215332031,256.5707374276886,253.66927695641888,253.868019379837,23234700
2024-12-26,257.3755798339844,258.44874034869076,255.99442012888886,256.55086249805703,27237100
2024-12-27,253.96737670898438,257.05764856283577,251.45343969164696,256.19314630806485,42355300
2024-12-30,250.59890747070312,251.890657464443,249.15811581542044,250.6287158030117,35557500
2024-12-31,248.83021545410156,251.6720594492945,247.84649497663966,250.83739579916153,39480700
2025-01-02,242.3019256591797,247.51859606258614,240.28481431614935,247.34966196417784,55740700
2025-01-03,241.8150177001953,242.6298040057451,240.3543488544026,241.8150177001953,40244100
2025-01-06,243.4446258544922,245.7598357483754,241.6560500607284,242.75900387005615,45045600
2025-01-07,240.67233276367188,243.99112508347835,239.81779188041267,241.43743349025635,40856000
2025-01-08,241.1592254638672,242.1628232218062,238.52605495049286,240.38417847646193,37628900
2025-01-10,235.34634399414062,238.63532775588945,231.5207799769646,238.48627094630749,61710900
2025-01-13,232.91189575195312,233.180185891021,228.26161420500546,232.04742383507855,49630700
2025-01-14,231.79901123046875,234.62097773623856,230.9941559742804,233.2596800887061,39435300
2025-01-15,236.35987854003906,237.4429702030776,232.94171493841435,233.1503884256181,39832000
2025-01-16,226.81089782714844,236.4990004602556,226.58236221549976,235.8432019589194,71759100
2025-01-17,228.51995849609375,230.81529094249188,227.0294813062853,230.64637201374376,68488300
2025-01-21,221.22657775878906,222.99527628303537,217.9872792040061,222.57794445660952,98070400
2025-01-22,222.40899658203125,222.69714881925015,218.39463640105285,218.39463640105285,64126500
2025-01-23,222.2401123046875,225.58871322146769,220.88874557201237,223.3132578125695,60234800
2025-01-24,221.3656768798828,224.19758968028435,220.00437919561992,223.35297985225768,54697900
2025-01-27,228.40072631835938,230.67618150163648,222.5580508531902,222.5978054024586,94863400
2025-01-28,236.74740600585938,238.66516132615985,229.3447052045828,229.3844597561093,75707600
2025-01-29,237.84043884277344,238.33726462451705,232.52439691334908,232.63369919180946,45486100
2025-01-30,236.0816650390625,239.26134692510684,235.7040877651042,237.1548105184623,55658300
2025-01-31,234.5017547607422,245.62071750771995,231.95800933839706,245.62071750771995,100959800
2025-02-03,226.56246948242188,230.35822543026035,224.2671369795404,228.52991033796462,73063300
2025-02-04,231.32208251953125,231.64998934854387,225.21111642561868,225.80731341689966,45067300
2025-02-05,230.99417114257812,231.19289841511937,226.82083777153602,227.0791817096477,39620300
2025-02-06,231.73939514160156,232.31571480889477,228.9670990724139,229.82163993606684,29925300
2025-02-07,226.1848907470703,232.51444580894437,225.81722939017394,231.1233398047693,39707200
2025-02-10,226.4534454345703,229.3779949636392,226.005813710008,228.36336710225459,33115600
2025-02-11,231.39735412597656,233.99363668198936,226.93096309298542,227.00058728303875,53718400
2025-02-12,235.625,235.71453849328682,229.4675323792709,229.98480349517558,45243300
2025-02-13,240.26051330566406,241.06625350434595,234.33184765944378,235.66480095549997,53614100
2025-02-14,243.31439208984375,244.25939586817944,239.72336558929686,239.981993568851,40896200
2025-02-18,243.18507385253906,243.8913336127375,240.56889220053384,242.86674847770814,48822500
2025-02-19,243.5829315185547,244.71693894615737,241.8819279664442,243.37404380163656,32204200
2025-02-20,244.53790283203125,245.4829065325138,243.00598867544505,243.6525813389452,32316900
2025-02-21,244.25938415527344,247.38287960480025,243.93111682470231,244.6572756706751,53197400
2025-02-24,245.80125427246094,247.55199828948733,243.1353323966777,243.64264638435856,51326400
2025-02-25,245.7415771484375,248.68602637934882,243.62278252512698,246.69653816831402,48013300
2025-02-26,239.09666442871094,243.6923767743236,237.87313357927937,243.04579925662603,44433600
2025-02-27,236.05274963378906,241.1856322165831,235.81400561415145,238.15166004001364,41153600
2025-02-28,240.56887817382812,240.8175641664438,228.9900589647863,235.70458076540925,56833400
2025-03-03,236.7789306640625,242.74739510665418,234.86902386386396,240.51916291712755,47184000
2025-03-04,234.68995666503906,238.80821160759587,233.4465266012979,236.46061504010896,53798100
2025-03-05,234.50094604492188,235.30668622205877,228.02515316620742,234.18262069274581,47227600
2025-03-06,234.09310913085938,236.60981025581015,231.93451645578955,233.20778757123546,45170400
2025-03-07,237.81346130371094,240.10136041796665,233.5261018066448,233.87426828677374,46273600
2025-03-10,226.28436279296875,234.91874867921032,223.04150278970278,234.3019970725287,72071200
2025-03-11,219.67926025390625,224.65298022983382,216.30707871737093,222.63365113389432,76137400
2025-03-12,215.83956909179688,220.58450266635003,213.78045671174684,218.98296406915986,62547500
2025-03-13,208.5779266357422,215.70029772842102,207.3245545879158,214.81497612462363,61368300
2025-03-14,212.36788940429688,212.82546311709572,208.47843695256688,210.13965751241793,60107600
2025-03-17,212.87522888183594,214.08881784956162,208.86641153353526,212.18885305172668,48073400
2025-03-18,211.57211303710938,214.019174884069,210.3784232206469,213.0343879953175,42432400
2025-03-19,214.10870361328125,217.6101915579757,212.6265295918345,213.0940604852241,54385400
2025-03-20,212.97470092773438,216.3468825511506,211.10457731145533,212.86527847830126,48862900
2025-03-21,217.12278747558594,217.68978368973626,210.16952111998106,210.44804823896536,94127800
2025-03-24,219.56985473632812,220.31591279023903,217.43116105321957,219.83843988574125,44299500
2025-03-25,222.573974609375,222.92214108802088,218.92326587520165,219.6096416779903,34493600
2025-03-26,220.3656463623047,223.83730853242594,219.3112201065871,222.33523531503357,34466100
2025-03-27,222.67344665527344,223.80745418869535,219.40073045135125,220.22636977863218,37094800
2025-03-28,216.75469970703125,222.63364006926244,216.5358548246797,220.50488863250547,39818600
2025-03-31,220.96249389648438,224.43414081005062,215.09349507460487,215.86939419548492,65299300
2025-04-01,222.01690673828125,222.5043215641154,217.74944665223015,218.65466729819107,36412700
2025-04-02,222.71324157714844,224.00641185945875,219.8583310514353,220.15675729790527,35905900
2025-04-03,202.1220245361328,206.39942653372108,200.19221885499383,204.45966369883956,103419000
2025-04-04,187.389892578125,198.82944937179326,186.35535024633944,192.87092693410324,125910900
2025-04-07,180.50625610351562,193.12954493623218,173.70219548773406,176.26863687444822,160466300
2025-04-08,171.51376342773438,189.33957458197378,168.32064359895526,185.71870692843436,120859500
2025-04-09,197.8048553466797,199.55559936553783,170.98654976711688,171.04623198001363,184395900
2025-04-10,189.4191436767578,193.7562279640405,182.03814529024513,188.07624843340898,121880000
2025-04-11,197.1085205078125,198.49121408156802,185.0820690088969,185.12186726950821,87435900
2025-04-14,201.45556640625,211.8207974391945,200.10271391024364,210.32868138530173,101352900
2025-04-15,201.07754516601562,202.44033954558066,198.74984792281177,200.7990180691496,51343900
2025-04-16,193.24891662597656,199.64511311117855,191.35889396287376,197.31741584829123,59732400
2025-04-17,195.94467163085938,197.78495412822454,193.39812938355274,196.16351652823,52164700
2025-04-21,192.14474487304688,192.78138039340035,188.81234657174457,192.25416731460396,46742500
2025-04-22,198.69017028808594,200.53043756485187,194.93998119085117,195.08918671811182,52976400
2025-04-23,203.52462768554688,206.9067512010516,201.7340854567431,204.9172632087338,52929200
2025-04-24,207.27479553222656,207.73238443559362,201.87334307751462,203.81309077731203,47311000
2025-04-25,208.18003845214844,208.6475693809006,205.11622488486222,205.28532955589748,38222300
2025-04-28,209.03550720214844,210.38835967290976,206.3696005213303,208.89624364686077,38743100
2025-04-29,210.0998992919922,211.12448445804597,207.27481462988695,207.59314001435672,36827600
2025-04-30,211.38311767578125,212.45744310704663,205.58375784941018,208.19993964532281,52286500
2025-05-01,212.19879150390625,213.43226431553572,207.8020097882055,207.98107159612528,57365700
2025-05-02,204.27069091796875,205.9020705063368,201.09745506032002,205.0067917796952,101010600
2025-05-05,197.8446502685547,203.0272736250085,197.1682315771274,202.03252954096354,69018500
2025-05-06,197.4666290283203,199.59538061408486,195.98447015970467,197.1682179665783,51216500
2025-05-07,195.218505859375,198.39174158064424,192.23427392267118,198.1231564563361,68536700
2025-05-08,196.45201110839844,198.99855348942916,193.65676753221484,196.68079799363124,50478900
2025-05-09,197.48654174804688,199.4859718922483,196.5017396407649,197.95407268173315,36453900
2025-05-12,209.95704650878906,210.435160708662,205.93301745006437,210.13634313336473,63775800
2025-05-13,212.08859252929688,212.55673652410627,208.17412935394688,209.59847136477597,51909300
2025-05-14,211.490966796875,213.09460539099953,209.7478820292828,211.5905625216416,49325800
2025-05-15,210.6144561767578,212.11849916658366,208.71199985896817,210.11643191755599,45029500
2025-05-16,210.4252166748047,211.7300530759797,208.9411140237391,211.52087618770122,54737900
2025-05-19,207.9550018310547,208.65223273202483,203.45285841572866,207.0884445111699,46140500
2025-05-20,206.04258728027344,207.64622592622177,204.2198167548668,206.84938410987283,42496600
2025-05-21,201.29144287109375,206.2218800326306,199.91690624087693,204.35927415345975,59211800
2025-05-22,200.5643310546875,201.94883789272,198.91088686006037,199.91690559460176,46742400
2025-05-23,194.4983673095703,196.91875752656549,192.69552221161257,192.90468385583864,78432900
2025-05-27,199.4188690185547,199.94677348688452,196.64984031499387,197.51641281084125,56288500
2025-05-28,199.62803649902344,201.9289060786693,199.11008702875665,199.79736291846774,45339700
2025-05-29,199.15988159179688,203.0046291598645,197.72556941325453,202.77554227533128,51396800
2025-05-30,200.0563507080078,201.16196516975768,196.00242594876025,198.58218796001185,70819900
2025-06-02,200.90298461914062,201.3312933884623,199.3292261245183,199.4885975362889,35423300
2025-06-03,202.46678161621094,202.96480586317466,200.16591202699755,200.55437033168948,46381600
2025-06-04,202.0185546875,205.42503857555045,201.30139858491114,202.10819540070028,43604000
2025-06-05,199.8372039794922,203.94091870107042,199.35908978394463,202.69585814733983,55126100
2025-06-06,203.11419677734375,204.8871617909174,201.2515910514923,202.19783403313102,46607700
2025-06-09,200.65396118164062,205.18598475848052,199.22961916524454,203.58234611432158,72862600
2025-06-10,201.869140625,203.54250994980842,199.77744796710627,199.8073282051838,54672600
2025-06-11,197.9945068359375,203.69190510411792,197.62597377823997,202.69585666840098,60989900
2025-06-12,198.41285705566406,198.890956077424,196.58013147350607,198.29333609984755,43904600
2025-06-13,195.67372131347656,199.57822954037988,194.92668495173118,198.94075911963023,51447300
2025-06-16,197.6359405517578,197.90487790098294,195.78328974313985,196.52037110088898,43020700
2025-06-17,194.86692810058594,197.6060614779548,194.43863454049264,196.4207613301707,38856200
2025-06-18,195.80319213867188,196.78928550519313,194.29916455806153,195.16572178414586,45394700
2025-06-20,200.2057647705078,200.90299573747222,196.0821242533237,197.45667615855015,96813500
2025-06-23,200.70376586914062,201.50060768152076,198.17380945321412,200.83325703321927,55814300
2025-06-24,199.5084991455078,202.63609053842802,199.40888822531906,201.78944331230142,54064000
2025-06-25,200.76351928710938,202.8651820841085,199.82723133036671,200.65395335177794,39525700
2025-06-26,200.2057647705078,201.8392838353224,198.6718566431861,200.63405836503767,50799100
2025-06-27,200.2854461669922,202.41698947637084,199.20971189891864,201.09224306842364,73188600
2025-06-30,204.3592529296875,206.57048164253425,198.4726031076903,201.211736268348,91912800
2025-07-01,206.99879455566406,209.35942450018746,205.3254252695324,205.85332972802502,78788900
2025-07-02,211.6005401611328,212.49697770796604,207.31752868499885,208.08449026524102,67941800
2025-07-03,212.70614624023438,213.8017903991559,210.97301649264048,211.31166931275297,34955800
2025-07-07,209.12037658691406,215.37555986284275,207.97492690746134,211.83958469799765,50229000
2025-07-08,209.1801300048828,210.59451698338924,207.6262968509882,209.26978591644843,42848900
2025-07-09,210.30567932128906,210.49493096772343,206.40117103180637,208.7020406311003,48749400
2025-07-10,211.57064819335938,212.6364120977978,209.2000480941239,209.678147079363,44443600
2025-07-11,210.3256072998047,211.29177557167307,209.03074119537857,209.73794232575938,39765800
2025-07-14,207.7956085205078,210.07656782568804,206.719874444485,209.10042946873696,38840100
2025-07-15,208.28369140625,211.05270487364396,208.09443976951917,208.39325734338402,42296300
2025-07-16,209.3295440673828,211.5606828488181,207.8155461810567,209.4689902412225,47490500
2025-07-17,209.19009399414062,210.96305897069354,208.761785269157,209.7379236663323,48068100
2025-07-18,210.3455047607422,210.95309492429405,208.87135730762196,210.0367321724359,48974600
2025-07-21,211.64036560058594,214.92732845073886,210.7937335563828,211.2618775331451,51377400
2025-07-22,213.5527801513672,214.1006098348481,211.39135685335447,212.29776458434165,46404100
2025-07-23,213.30377197265625,214.29982043425818,211.57065737650467,214.15041924441525,46989300
2025-07-24,212.91531372070312,214.83769515517375,212.68622683006964,213.05475989741393,46022600
2025-07-25,213.0348358154297,214.38946224202752,212.55672164240056,213.85158759699283,40268800
2025-07-28,213.20419311523438,214.00103498726418,212.21809958876685,213.18426788884761,37858000
2025-07-29,210.43516540527344,213.96117031669576,209.9869466315705,213.33365491441555,51411700
2025-07-30,208.22393798828125,211.5507362671114,206.89919168476044,211.06266703997414,45512500
2025-07-31,206.74977111816406,209.0107900151974,206.34138763159262,207.6661338109758,80698400
2025-08-01,201.58029174804688,212.73603143542957,200.7037642416869,210.03673342752194,104434500
2025-08-04,202.5464630126953,207.0585613783641,200.88304868853191,203.70186769022786,75109300
2025-08-05,202.11814880371094,204.52858421879685,201.36115745633876,202.59624780213056,44155100
2025-08-06,212.40733337402344,214.52892145014,204.77759854868273,204.81744899810374,108483100
2025-08-07,219.16053771972656,219.97730473834642,215.7241736307253,218.01508808955717,90224800
2025-08-08,228.44371032714844,230.08718413442585,218.3836152444713,219.95737356583322,113854000
2025-08-11,226.53909301757812,228.91238364576833,224.12592192869855,227.27701087414155,61806100
2025-08-12,229.0021209716797,230.14888579943394,226.429412881848,227.36674823663387,55626200
2025-08-13,232.6717529296875,234.33703985510917,229.77992501054072,230.4181341091737,69878500
2025-08-14,232.123291015625,234.4566858681212,230.1987431425788,233.39967872378062,51916300
2025-08-15,230.9366455078125,233.6190590405621,228.69299310222902,233.33985018068216,56038700
2025-08-18,230.23863220214844,232.46233685580373,229.46083388892833,231.04634466466607,37476200
2025-08-19,229.90956115722656,232.2130419457167,228.70298322789472,230.62753117126795,39402600
2025-08-20,225.3723907470703,229.81981519856654,225.13307755654054,229.33119207499826,42263900
2025-08-21,224.26553344726562,225.88097364743615,223.14869792378403,225.6316789169631,30621200
2025-08-22,227.11746215820312,228.44371192910324,224.77410085849388,225.53195134940427,42477800
2025-08-25,226.51914978027344,228.6531118971015,225.59176554347297,225.84106025439092,30983100
2025-08-26,228.6630859375,228.84258604761433,224.05612439304167,226.22996704217394,54575100
2025-08-27,229.8397674560547,230.24859923631865,227.6160475796746,227.96506627689797,31259500
2025-08-28,231.9039306640625,232.75153884501827,228.69301327644948,230.16884905542523,38074700
2025-08-29,231.485107421875,232.7216147258446,230.71727541448905,231.85405874294378,39418400
2025-09-02,229.0719451904297,230.19876225122124,226.32970313085187,228.6032698757151,44075600
2025-09-03,237.79725646972656,238.17618932549604,233.69885053091846,236.5408165177042,66427800
2025-09-04,239.10354614257812,239.2232027368954,236.0721290991865,237.77729643117493,47549400
2025-09-05,239.0137939453125,240.63920029193574,237.81718240373485,239.32291694518142,54870400
2025-09-08,237.2089080810547,239.47249309970456,235.67324414176576,238.62490021245955,48999500
2025-09-09,233.68887329101562,238.1063683630383,232.70166073618753,236.33139119913957,66313900
2025-09-10,226.1501922607422,231.76431424305812,225.31256565050364,231.53496736029473,83440800
2025-09-11,229.3810577392578,229.7998710451417,226.010588238333,226.23995033725743,50208600
2025-09-12,233.40966796875,233.84841389514688,228.3739115767776,228.5733443098202,55824200
2025-09-15,236.0322265625,237.5180285002954,234.3669397384463,236.33138325533858,42699500
2025-09-16,237.4781494140625,240.53949594661788,235.65332541334,236.51088466190768,63421100
2025-09-17,238.3157958984375,239.42266510979977,237.05934071942244,238.2958480596019,46508000
2025-09-18,237.2089080810547,240.51953392817583,235.98236714862816,239.2930082114909,44249600
2025-09-19,244.8074188232422,245.60516498271895,239.53234916144805,240.5494606794321,163741300
2025-09-22,255.35755920410156,255.9160073848096,247.42002368458668,247.5995237986898,105517400
2025-09-23,253.71221923828125,256.6140134777918,252.86462630601793,255.15814081026073,60275200
2025-09-24,251.59820556640625,255.01853710208397,250.33178410429736,254.49999981420794,42303700
2025-09-25,256.14532470703125,256.4444966190252,250.99989343760635,252.49566170312627,55202100
2025-09-26,254.73931884765625,256.87328100426123,253.06405044687503,253.38315498635407,46076300
2025-09-29,253.71221923828125,254.28061851263055,252.29622703166862,253.84185736381545,40127700
2025-09-30,253.9116668701172,255.1980209495745,252.39595068950493,254.1410137555297,37704300
2025-10-01,254.72933959960938,258.0599285933123,254.21080232618834,254.32049261064776,48713900
2025-10-02,256.40460205078125,257.45162766856953,253.43299812845933,255.85613542550084,42630200
2025-10-03,257.2920837402344,258.5086431914624,253.23357360959045,253.9515436206674,49155600
2025-10-06,255.96583557128906,258.33912604890287,254.3304629034206,257.2621558739689,44664100
2025-10-07,255.75645446777344,256.6738420114173,254.70939836699205,256.0855101139428,31955800
2025-10-08,257.3320007324219,257.7906945345413,255.38748958216482,255.79633660873378,36496900
2025-10-09,253.32330322265625,257.27213808351553,252.42584836214985,257.08267167133846,38322000
2025-10-10,244.57806396484375,255.6567217403356,243.3116425485481,254.2207817432353,61999100
2025-10-13,246.96133422851562,248.98560621270488,244.86725241658198,248.67648318296307,38142900
2025-10-14,247.07101440429688,248.14796941642882,244.00966795095763,245.90431694508948,35478000
2025-10-15,248.63658142089844,251.10959602979932,246.77186176083558,248.78616738422895,33893600
2025-10-16,246.75192260742188,248.33743345063007,244.43847540742667,247.54966879270205,39777000
2025-10-17,251.5782470703125,252.66518358811555,246.57242016484557,247.3203043073955,49147000
2025-10-20,261.50018310546875,263.63416054313814,254.90884523128253,255.168106265739,90483000
2025-10-21,262.0286560058594,264.5415659974475,261.0913055219307,261.1411827196178,46695900
2025-10-22,257.72088623046875,262.1084670888602,254.70938662410154,261.9090191460537,45015300
2025-10-23,258.84765625,259.8847307097371,257.2821086816683,259.2066564378435,32754900
2025-10-24,262.0785827636719,263.3848847726989,258.4488367256365,260.4531761824355,38253700
2025-10-27,268.0516662597656,268.36078929414754,263.90339825112477,264.13276036080543,44888200
2025-10-28,268.2411193847656,269.12862319727753,267.39351124836816,268.23113785786586,41534800
2025-10-29,268.93914794921875,270.6443152614699,266.35642794866993,268.5203194424725,51086700
2025-10-30,270.63433837890625,273.36662916750566,267.72259312931254,271.2226702585742,69886500
2025-10-31,269.6072692871094,276.53767519933945,268.40069127196034,276.2085891024436,86167100
2025-11-03,268.29095458984375,270.08589475979994,265.49886601188945,269.65711516237894,50194600
2025-11-04,269.2781982421875,270.72408938596277,266.86501191822913,267.5730004152706,49274800
2025-11-05,269.3779296875,270.9335263776032,266.17696342424256,267.8522167164328,43683100
2025-11-06,269.0089416503906,272.6287059365568,267.1342708755924,267.1342708755924,51204000
2025-11-07,267.7126159667969,271.5218466038475,266.0173996929098,269.03885049148494,48227400
2025-11-10,268.93035888671875,273.22240319845355,266.96401085683,268.46122924118225,41312400
2025-11-11,274.73956298828125,275.3983427074405,269.2996575494418,269.3096487524697,46208300
2025-11-12,272.9628601074219,275.2186787593472,271.19615348009904,274.49002155435767,48398000
2025-11-13,272.44384765625,276.1868935731559,271.5854266195937,273.6016697208788,49602800
2025-11-14,271.9048156738281,275.44821996704485,269.10002929321837,270.54732197227213,47431300
2025-11-17,266.9639892578125,269.98836893107386,265.237217022597,268.3214829895084,45018300
2025-11-18,266.9440612792969,270.2079864201871,264.8279974843966,269.48932037088264,45677300
2025-11-19,268.06195068359375,271.7051756343288,265.00762791735707,265.0375710636542,40424500
2025-11-20,265.7562561035156,274.91922505965954,265.42688147061517,270.327749378444,45823600
2025-11-21,270.98651123046875,272.8230952896135,265.17732758833057,265.4568071090486,59030800
2025-11-24,275.4083251953125,276.4863089537433,270.397615191446,270.397615191446,65585800
2025-11-25,276.4563903808594,279.8600705608694,274.73957871594786,274.75953066216096,46914200
2025-11-26,277.0352783203125,279.01161742605893,276.1170014953278,276.44637611579356,33431400
2025-11-28,278.3328857421875,278.4826014787427,275.4781737009374,276.7458380127342,20135600
2025-12-01,282.57501220703125,282.89442609469603,275.62792768573877,277.4944549964911,46587700
2025-12-02,285.6592712402344,286.86701880065203,282.10587559562896,282.47518456741903,53669500
2025-12-03,283.623046875,288.0847586222564,282.77461708045536,285.6692634925469,43538700
2025-12-04,280.179443359375,284.20196835267484,278.07334059490756,283.5731318378766,43989100
2025-12-05,278.26300048828125,280.6186397013617,277.53434330937836,280.01974631085085,47265800
2025-12-08,277.3746643066406,279.15136205700173,275.6378704438954,277.6142094762677,38211800
2025-12-09,276.66595458984375,279.5106752769474,276.40645748061854,277.64414811825674,32193300
2025-12-10,278.26300048828125,279.2312028389952,275.92734368017386,277.23491184461454,33038300
2025-12-11,277.514404296875,279.07150890817053,273.3022288840155,278.5824273392719,33248000
2025-12-12,277.7639465332031,278.70220580092337,276.30666253778065,277.38464634485007,39532900
2025-12-15,273.6016540527344,279.63046152672615,272.33402020742307,279.63046152672615,50409100
2025-12-16,274.1007385253906,274.9891026980292,271.2859911871425,272.3140798989353,37648600
2025-12-17,271.33587646484375,275.6478724530811,271.13626563598973,274.50001118897205,50138700
2025-12-18,271.68524169921875,273.12257373871984,266.4549687260805,273.1025913325419,51630700
2025-12-19,273.1625061035156,274.09077415448866,269.399477884542,271.6453053723066,144632000
2025-12-22,270.4674987792969,273.37210596231955,270.00836035897595,272.3539780142796,36571800
2025-12-23,271.85491943359375,271.99467443806464,269.06012395403746,270.3377490962612,29642000
2025-12-24,273.3022155761719,274.9192064044749,271.69521595033444,271.8349404799371,17910600
2025-12-26,272.8929748535156,274.859322715931,272.35396775197984,273.65157518449314,21521800
2025-12-29,273.2523498535156,273.8512128461511,271.8449608988494,272.1843267483383,23715200
2025-12-30,272.5735778808594,273.5717234473003,271.77507361210075,272.304089543875,22139600
2025-12-31,271.3558349609375,273.17246717497864,271.24605357156486,272.553621806917,27293600
2026-01-02,270.5074157714844,277.32473598417806,268.5011336129586,271.75509761912826,37838100
2026-01-05,266.7643737792969,271.0064921177503,265.6464557026853,270.1381104139889,45647200
2026-01-06,261.8734436035156,267.0538212812338,261.6338984265986,266.504853430471,52352100
2026-01-07,259.8471984863281,263.1909919246956,259.32817380451803,262.71190159101934,48309800
2026-01-08,258.55963134765625,258.80916773471864,255.22581364132833,256.5433578451618,50419300
2026-01-09,258.8890075683594,259.7274461787287,255.74485516422806,258.5995368285105,39997000
2026-01-12,259.76739501953125,260.8154357257053,256.32378048041085,258.6794199598783,45263800
2026-01-13,260.5658874511719,261.3244878277737,257.9108470550362,258.24022168851656,45730800
2026-01-14,259.4779052734375,261.33447181199796,256.23393227813756,259.0087756526009,40019400
2026-01-15,257.73114013671875,260.5559089501236,256.5732877053955,260.1666175851947,39388600
2026-01-16,255.05613708496094,258.41988279267105,254.45724364888233,257.4217372195352,72142800
2026-01-20,246.2425079345703,254.31750190322293,242.9685916985444,252.26132447540706,80267500
2026-01-21,247.1907501220703,251.09350304772093,244.72532928784554,248.23880604127606,54641700
2026-01-22,247.8894500732422,250.53452965267718,247.68980878155546,248.737864640942,39708300
2026-01-23,247.58001708984375,248.94748685874615,244.22624741136653,246.86136630134166,41689000
2026-01-26,254.9363555908203,256.08421686766076,249.336758511775,251.01363570547153,55969200
2026-01-27,257.791015625,261.46421404872183,257.73112933459527,258.68937090303496,49648300
2026-01-28,255.96446228027344,258.3799575946877,254.03803333601454,257.17220993748055,41288000
2026-01-29,257.801025390625,259.16847988830324,253.93820707645818,257.52154586161765,67253000
2026-01-30,258.9988098144531,261.41430490835,251.7123292610244,254.69678984095313,92443400
2026-02-02,269.5093078613281,269.98839826257677,258.7293169184304,259.5478036352127,73913400
2026-02-03,268.98028564453125,271.3758289780004,267.11372779647115,268.70080609664296,64394700
2026-02-04,275.97723388671875,278.432693698261,271.7850411492978,271.7850411492978,90545700
2026-02-05,275.3983459472656,278.98168486317746,272.72332314901723,277.6142303156022,52977400
2026-02-06,277.6042175292969,280.3890519626743,276.4164219647768,276.6060720438839,50453400
2026-02-09,274.3672180175781,277.9439398399519,271.4499228389202,277.6541982366954,44623400
2026-02-10,273.4280700683594,275.11651686144285,272.68876099546605,274.6369782150198,34376900
2026-02-11,275.24639892578125,279.92208361183503,274.1973776592452,274.44714753122867,51931300
2026-02-12,261.4891052246094,275.46621856633783,259.94051360693726,275.3363333447182,81077200
2026-02-13,255.5445556640625,261.9886306947134,255.21485759663088,261.7688319830923,56290700
2026-02-17,263.6371154785156,266.0449008431299,255.30478047881587,257.8124646511843,58469100
2026-02-18,264.106689453125,266.57441720150126,262.20844437502524,263.35737977838915,34203300
2026-02-19,260.3401184082031,264.2365527856389,259.81060750150084,262.35827847824623,30845300
2026-02-20,264.3364562988281,264.5063132392292,257.9223826043077,258.73163460792017,42070500
2026-02-23,265.9349670410156,269.1819753311392,263.13755670993424,263.24744081710827,37308200
2026-02-24,271.8895263671875,274.6369951599546,267.46358073991865,267.61343657617186,47014600
2026-02-25,273.97760009765625,274.6869380517792,270.8005039088116,271.5298429675081,33714300
2026-02-26,272.6987609863281,275.8558253670768,270.55071567552415,274.6969199809464,32345100
2026-02-27,263.93682861328125,272.5588900215503,262.6480379442022,272.5588900215503,72366500
2026-03-02,264.476318359375,266.2846497598317,259.960490133898,262.16844722421786,41827900
2026-03-03,263.5072326660156,265.31556422164516,259.8905695547566,263.23749216234586,38568900
2026-03-04,262.2783508300781,265.9050144519466,261.179387723623,264.4063951364299,39803100
2026-03-05,260.0504150390625,261.3192350446657,257.01320478174756,260.54995479568396,49658600
2026-03-06,257.2229919433594,258.53178361058343,254.13584003818684,258.39192833924307,41120000
2026-03-09,259.6407775878906,260.9095975388004,253.44647267699952,255.45463216869055,38218500
2026-03-10,260.58990478515625,262.2384104290217,256.71350175461305,257.4128391437035,30590800
2026-03-11,260.5699157714844,261.888707997661,259.3110658747261,260.8496568052655,26218900
2026-03-12,255.52456665039062,258.71164792954545,253.94601921584928,258.4219063383753,40794000
2026-03-13,249.8897705078125,256.0940459350445,249.29033192864068,255.24483747003174,36930000
2026-03-16,252.58729553222656,253.6563027081548,249.6499992581203,251.87794235419486,32074200
2026-03-17,253.99598693847656,254.89516767044782,251.94787083452104,252.72716690012706,32361600
2026-03-18,249.70994567871094,254.70534343896443,248.7708084606242,252.3974721128864,35757900
2026-03-19,248.73085021972656,251.5982036354298,247.0723745163624,249.17043241392184,34864100
2026-03-20,247.76173400878906,248.97061168291066,245.77356028907465,247.7517334570195,88331100
2026-03-23,251.25851440429688,254.3656523266213,250.0496214753341,253.73622734962268,40546100
2026-03-24,251.4083709716797,254.5954370944537,249.32029842391177,250.1195650925759,45152300
2026-03-25,252.38746643066406,254.76528059453105,251.3684162845015,253.86611511385965,28476700
2026-03-26,252.6572265625,256.76344411909713,250.53918279672283,251.88793104116345,41796700
2026-03-27,248.57098388671875,255.2548282141602,247.8416601166152,253.666280215245,47900000
2026-03-30,246.40298461914062,250.63907198816298,245.28400520065438,249.83982057534305,39446200
2026-03-31,253.55638122558594,255.24482803058763,246.87255213324852,247.6818040942864,49598100
2026-04-01,255.3946990966797,255.94418062939917,253.096813183035,253.8461228128272,40059400
2026-04-02,255.68443298339844,255.89424639361263,250.4192795609811,253.96601496217014,31289400
2026-04-06,258.6217041015625,261.9186847371787,256.2239194053331,256.27389167390277,29329900
2026-04-07,253.26666259765625,255.96418954301222,245.47383916108728,255.92421782448065,62148000
2026-04-08,258.66168212890625,259.51090582044134,256.29386854025813,258.2121146377317,41032800
2026-04-09,260.2502136230469,260.879638597066,255.8342992320816,258.7615948993736,28121600
2026-04-10,260.240234375,261.94865175168746,258.78155637925676,259.7406946341393,31291500
2026-04-13,258.96142578125,259.9405042051452,256.4237552437805,259.49093671136296,36234700
2026-04-14,258.59173583984375,261.68888841493145,256.9532612999924,259.01136264890187,48370700
2026-04-15,266.18475341796875,266.3146386359468,257.57269269729437,257.92237663273806,49913500
2026-04-16,263.15753173828125,266.91408037974617,261.0294875448873,266.55439590858066,43323100
2026-04-17,269.98126220703125,272.0493335842862,266.47448343207725,266.7142527536172,61436200
2026-04-20,272.79864501953125,274.0275237795767,270.04120633500696,270.08114756253855,36590200
2026-04-21,265.9250183105469,272.5488901425708,265.1557075406741,271.250098918132,50209800
2026-04-22,272.9185791015625,273.48803128351057,266.62435952726383,267.5734973129919,43249200
2026-04-23,273.1783142089844,275.5161566987003,271.39995382845746,274.79681820267325,33399600
2026-04-24,270.81048583984375,272.80864483253174,269.4017800912603,272.50893317942314,38157100
2026-04-27,267.3636474609375,268.1129570778125,264.8260075108844,265.84505761361925,41466800
2026-04-28,270.4608154296875,272.97851539952296,268.4127145556596,272.0893199684016,40018900
2026-04-29,269.92132568359375,270.7905199823619,266.7942019267937,267.3037117460274,30047900
2026-04-30,271.1002502441406,275.7459641951834,267.893213328058,270.25102650288807,91848200
2026-05-01,279.88214111328125,286.95561044034525,278.1137509144006,278.6032901046287,79915400
2026-05-04,276.5751647949219,280.3716851917065,274.60697695873915,279.4025768563376,46668400
2026-05-05,283.9184265136719,284.30808218316156,276.2455026895375,276.6750995896243,49311700
2026-05-06,287.245361328125,287.76487170009636,280.8112868075762,281.66051049385584,58336100
2026-05-07,287.1754150390625,291.8611003514943,285.5169394038565,289.00371711581823,45224300
2026-05-08,293.0500183105469,294.4886952888782,289.7330669166447,289.7430674686918,52692800
2026-05-11,292.67999267578125,293.8800048828125,290.2300109863281,291.9800109863281,42247300
2026-05-12,294.79998779296875,295.2699890136719,292.55999755859375,292.55999755859375,45748100
2026-05-13,298.8699951171875,300.9200134277344,293.5,293.5,52684300
2026-05-14,298.2099914550781,300.45001220703125,295.3800048828125,299.82000732421875,35324900
2026-05-15,300.2300109863281,303.20001220703125,296.5199890136719,297.8999938964844,54862800
2026-05-18,297.8399963378906,300.6600036621094,294.9100036621094,300.239990234375,34483000
2026-05-19,298.9700012207031,300.510009765625,296.3500061035156,296.9700012207031,42243600
2026-05-20,302.25,302.79998779296875,298.0799865722656,298.17999267578125,38229800
2026-05-21,304.989990234375,305.5400085449219,300.3999938964844,301.05999755859375,42965100
2026-05-22,308.82000732421875,311.3999938964844,305.8399963378906,306.1199951171875,43670200
2026-05-26,308.3299865722656,311.82000732421875,307.6700134277344,309.55999755859375,48000500
2026-05-27,310.8500061035156,313.260009765625,308.29998779296875,308.3299865722656,50430900
2026-05-28,312.510009765625,312.79998779296875,309.57000732421875,310.67999267578125,48220400
2026-05-29,312.05999755859375,315.0,309.5299987792969,311.7799987792969,70026800
2026-06-01,306.30999755859375,310.94000244140625,305.0199890136719,309.6300048828125,48849900
2026-06-02,315.20001220703125,315.45001220703125,306.69000244140625,307.4599914550781,44534700
2026-06-03,310.260009765625,316.94000244140625,308.8500061035156,314.17999267578125,50836700
2026-06-04,311.2300109863281,313.5400085449219,309.6499938964844,313.2300109863281,44869100
2026-06-05,307.3399963378906,315.1700134277344,307.1499938964844,312.8599853515625,65310500
2026-06-08,301.5400085449219,317.3999938964844,301.1700134277344,308.739990234375,77949100
2026-06-09,290.54998779296875,300.75,287.7799987792969,300.2799987792969,70108800
2026-06-10,291.5799865722656,294.75,287.3800048828125,290.739990234375,52793300
2026-06-11,295.6300048828125,297.0,289.5899963378906,293.7200012207031,42572500
2026-06-12,291.1300048828125,297.1400146484375,289.6199951171875,296.0299987792969,38742100
2026-06-15,296.4200134277344,297.7799987792969,291.70001220703125,294.1199951171875,45732600
2026-06-16,299.239990234375,300.4800109863281,293.9700012207031,295.25,39874400
2026-06-17,295.95001220703125,302.07000732421875,294.3599853515625,300.8500061035156,42745100
2026-06-18,298.010009765625,300.57000732421875,295.6199951171875,298.1099853515625,85962200
2026-06-22,297.010009765625,302.4200134277344,296.760009765625,297.30999755859375,44879900
2026-06-23,294.29998779296875,301.6400146484375,294.17999267578125,297.5400085449219,52010900
2026-06-24,293.0799865722656,299.70001220703125,292.94000244140625,295.3599853515625,53081900
2026-06-25,275.1499938964844,288.79998779296875,273.75,287.3999938964844,107013700
2026-06-26,283.7799987792969,285.95001220703125,274.2099914550781,275.0,261775500
2026-06-29,281.739990234375,288.3699951171875,279.8500061035156,286.7300109863281,66427000
2026-06-30,289.3599853515625,289.94000244140625,280.70001220703125,281.1700134277344,65100200
2026-07-01,294.3800048828125,296.5899963378906,289.20001220703125,293.44000244140625,50164200
2026-07-02,308.6300048828125,309.4200134277344,293.67999267578125,294.1199951171875,75352800
2026-07-06,312.9200134277344,314.20001220703125,307.010009765625,307.67999267578125,20333755
