Date,Close,High,Low,Open,Volume
2011-11-02,3.5137407779693604,3.5410654940628015,3.137268614299407,3.137268614299407,273249728
2011-11-03,3.5188002586364746,3.585594344907702,3.408490769904569,3.491476638926134,165777954
2011-11-04,3.531956911087036,3.6280991658463417,3.454031643452226,3.5117162520693626,121422043
2011-11-07,3.309312105178833,3.474272109888314,3.2698427347247234,3.474272109888314,93118192
2011-11-08,3.3204445838928223,3.3892621290521157,3.275915481075079,3.275915481075079,57333860
2011-11-09,3.3619372844696045,3.3882502734226128,3.2900836867544867,3.325505060132319,52022086
2011-11-10,3.319432258605957,3.428730010535608,3.2769266166001305,3.3143716566123183,60052956
2011-11-11,3.2273383140563965,3.3376486781968384,3.1807855432722034,3.3204442934120975,59119447
2011-11-14,3.359912872314453,3.4277186866330474,3.253651162652492,3.253651162652492,65386521
2011-11-15,3.408491373062134,3.414562827518876,3.3083011015005193,3.3396738216417803,50754737
2011-11-16,3.434802532196045,3.582558153310471,3.427718477023424,3.427718477023424,92211255
2011-11-17,3.5845813751220703,3.700964275340075,3.526896773225371,3.5582692657029846,97848133
2011-11-18,3.6119065284729004,3.6736397946003048,3.5015959430906602,3.521836602227006,79419136
2011-11-21,3.5329697132110596,3.6210153153401694,3.46111589497448,3.5724382125131946,49015244
2011-11-22,3.6888208389282227,3.7120966769083474,3.503620389222257,3.532969431678453,75781999
2011-11-23,3.588630437850952,3.6969166870440606,3.588630437850952,3.6594714264922326,47628081
2011-11-24,3.5926783084869385,3.6614958417769885,3.5086807202452635,3.5279085563641077,44665719
2011-11-25,3.7070369720458984,3.811275451002797,3.6088712601723656,3.6098832056082015,66760267
2011-11-28,3.596726417541504,3.7040007273168536,3.5673782502545985,3.6432789697193195,44331462
2011-11-29,3.568389654159546,3.6331594063317234,3.496535847152061,3.623039077831411,45125652
2011-11-30,3.4095022678375244,3.6027984882081987,3.306275965893327,3.568389720893466,52938676
2011-12-01,3.3730690479278564,3.562317492366244,3.3427091554748958,3.5026085583319917,47374111
2011-12-02,3.3295531272888184,3.359913022985171,3.2394831967110567,3.321456250342611,28316442
2011-12-05,3.1696527004241943,3.3093123300409584,3.1696527004241943,3.2779398335156444,21223073
2011-12-06,3.2081100940704346,3.221265602205837,3.1129795721216595,3.147388339939237,26131315
2011-12-07,3.3336005210876465,3.338660247738859,3.2384699987672003,3.268830985398241,37731736
2011-12-08,3.3801534175872803,3.399382130738673,3.2172179552085773,3.288059822241009,33759207
2011-12-09,3.358901023864746,3.404441848735282,3.3052641982796627,3.320444254342853,22501825
2011-12-12,3.3690218925476074,3.41456272471016,3.3234810603850544,3.3467577775708346,13062155
2011-12-13,3.2769269943237305,3.3589011385710723,3.221265838318702,3.339673300387633,19415613
2011-12-14,3.268831491470337,3.322469199043832,3.238470500138885,3.2749038210728356,12071947
2011-12-15,3.2253148555755615,3.3123487306350854,3.2000138116261687,3.244542913494363,12883337
2011-12-16,3.3801534175872803,3.3801534175872803,3.188881514846722,3.238470121309727,20460943
2011-12-19,3.443911552429199,3.4813565990899806,3.3275286305928744,3.3599130743614767,27451309
2011-12-20,3.3811662197113037,3.5198132503001363,3.359912957884253,3.4307550480022955,20571095
2011-12-21,3.249602794647217,3.40646568622112,3.1979894294465674,3.4054539598947073,19107863
2011-12-22,3.1909055709838867,3.238469844862255,3.0441619037092655,3.1878695162437976,18664633
2011-12-23,3.1909055709838867,3.209121680530786,3.1200634911051353,3.1625682574663854,11168865
2011-12-26,3.13726806640625,3.227337981452406,3.13726806640625,3.1615565041198614,7250142
2011-12-27,2.8235411643981934,3.1372683009436724,2.8235411643981934,3.122088245131462,24479975
2011-12-28,2.7273998260498047,2.7729406507790637,2.637329027485782,2.732459552863632,16964014
2011-12-29,2.688941717147827,2.7881200068654484,2.688941717147827,2.7122184265183753,7556558
2011-12-30,2.7729406356811523,2.7780003624674308,2.6869187135048276,2.700075097617417,10931143
2012-01-04,2.626197099685669,2.811397557070459,2.626197099685669,2.79318122629179,7288372
2012-01-05,2.4996941089630127,2.616076120408502,2.3640825127396106,2.5513072522471565,23224900
2012-01-06,2.5351154804229736,2.556367647728069,2.4146845623177593,2.4582019368221495,10375074
2012-01-09,2.6514980792999268,2.6545334776759972,2.45212951534785,2.5108267257132373,16347009
2012-01-10,2.752699851989746,2.7597839069551338,2.634293494838617,2.641377549804005,21563726
2012-01-11,2.7395436763763428,2.781036501793624,2.712218961965033,2.7425797314338594,18043173
2012-01-12,2.702098846435547,2.8842632587767696,2.69197851618016,2.742579948563417,18554018
2012-01-13,2.5523200035095215,2.702098879288474,2.5300550140045543,2.694003096551823,17313231
2012-01-16,2.4187324047088623,2.530054712231544,2.4086120755375346,2.522970438032884,11408892
2012-01-17,2.5452358722686768,2.578632045050895,2.388371837008737,2.4177211032155412,12589178
2012-01-18,2.3043735027313232,2.599884490476962,2.2912171204176675,2.579643834950223,18346986
2012-01-19,2.3681323528289795,2.408612583584489,2.237581304786273,2.3043743093799076,15183171
2012-01-20,2.4167087078094482,2.4602249806061796,2.368131614256984,2.372179614180676,8173490
2012-01-30,2.4440338611602783,2.509815355252753,2.3893846434873893,2.416709361770679,12410441
2012-01-31,2.4288530349731445,2.4592138073571492,2.379264203903509,2.4592138073571492,9179076
2012-02-01,2.41367244720459,2.475405923904252,2.394443517165911,2.4288525017233202,12354984
2012-02-02,2.4592137336730957,2.468322337234638,2.379264132614941,2.428852962198774,14569459
2012-02-03,2.555356025695801,2.555356025695801,2.421768717123068,2.4308773207966508,24949732
2012-02-06,2.665666103363037,2.8113971671688494,2.518922437604627,2.5381511489159085,49622669
2012-02-07,2.645426034927368,2.708171252488687,2.6231610450636436,2.632269649002152,29785435
2012-02-08,2.6767985820770264,2.696026420859744,2.5938127087364435,2.639353536581578,26196815
2012-02-09,2.655545949935913,2.738531815594823,2.6514979496889426,2.656557676380595,28518294
2012-02-10,2.674773693084717,2.700074952378977,2.621137089736857,2.6413775280487983,19831600
2012-02-13,2.721327543258667,2.7658566422726,2.6312576187445638,2.6322693452308017,30381819
2012-02-14,2.667689561843872,2.7193027108964993,2.6514977807811007,2.7193027108964993,15627055
2012-02-15,2.6899545192718506,2.7000748474814684,2.621136987906073,2.6626298082207884,16522479
2012-02-16,2.7324600219726562,2.755736739355299,2.686919189424942,2.6909669715709277,28476010
2012-02-17,2.7375192642211914,2.8215177401699645,2.730435208368077,2.7527001969400704,20425589
2012-02-20,2.6929914951324463,2.781036885040044,2.6929914951324463,2.7790125561978534,25032487
2012-02-21,2.7243635654449463,2.727399839335341,2.6423896427456657,2.675786685497112,20969918
2012-02-22,2.818481206893921,2.8488419727135583,2.716266635930929,2.717279237878151,35973156
2012-02-23,2.827589511871338,2.893371882865679,2.805325615264083,2.81342139857188,35610566
2012-02-24,2.8822386264801025,2.8822386264801025,2.8164571384337647,2.8245540153024846,25785472
2012-02-27,2.9247443675994873,2.952069084236637,2.859974604046635,2.9176603115194424,44611668
2012-02-28,2.6970391273498535,2.8842632676044397,2.653521969790913,2.8761672660477635,87194049
2012-02-29,2.6484625339508057,2.7213280882369286,2.633281599062946,2.7020991521251685,36027025
2012-03-01,2.6767985820770264,2.696026420859744,2.624173479526869,2.633281207308558,19983774
2012-03-02,2.695014476776123,2.7041230793972293,2.656557707846625,2.6747738186205803,32496012
2012-03-05,2.7081711292266846,2.7223394600037087,2.691978469761078,2.7122191299228318,38840325
2012-03-06,2.5806562900543213,2.7020987149539484,2.5604156305284396,2.7020987149539484,53590853
2012-03-07,2.568512201309204,2.603932694579614,2.533090613570594,2.5502949970034705,27398882
2012-03-08,2.596848726272583,2.6160765631557497,2.5654760131495205,2.5806560687045654,25146150
2012-03-09,2.656558036804199,2.658582584436483,2.595836273712139,2.600896876664974,31021985
2012-03-12,2.725375175476074,2.7506755597367154,2.6676896952153495,2.668702297220746,42754176
2012-03-13,2.770916223526001,2.779012224566495,2.691978352785046,2.7324596713494964,40221401
2012-03-14,2.6130402088165283,2.798240645849382,2.5806559891470835,2.7931809193452133,54987895
2012-03-15,2.605956554412842,2.636317325933814,2.5310675560882974,2.58672871516746,29592337
2012-03-16,2.7172794342041016,2.7193028870956764,2.605956253332839,2.605956253332839,31772566
2012-03-19,2.7172794342041016,2.7172794342041016,2.7172794342041016,2.7172794342041016,0
2012-03-20,2.684894561767578,2.791157157897578,2.6697145035971284,2.762820713675754,49005565
2012-03-21,2.666677951812744,2.716266774693965,2.5806560329718327,2.6980504456077643,28369903
2012-03-22,2.6778104305267334,2.7324598642162314,2.651498315841094,2.7324598642162314,21529788
2012-03-23,2.6899545192718506,2.768892378847246,2.655545753588962,2.691977972011603,46335376
2012-03-26,2.787109136581421,2.793181466256321,2.682871088908085,2.70715953203295,58750961
2012-03-27,2.710195302963257,2.812409002867525,2.700074974278383,2.7891322906710436,42362193
2012-03-28,2.4389731884002686,2.671738165469956,2.4389731884002686,2.671738165469956,53555281
2012-03-29,2.327650547027588,2.412659859753846,2.306398164122615,2.3580113129283258,33453526
2012-03-30,2.273001194000244,2.3640828378013974,2.251748810446642,2.342830454247795,19440243
2012-04-05,2.337770700454712,2.337770700454712,2.2669288390534095,2.293241824373921,20489347
2012-04-06,2.3408069610595703,2.3519390158474938,2.303361921097793,2.327650577919462,18485415
2012-04-09,2.3458669185638428,2.3731916328182807,2.3114581488470884,2.340807191653129,19357570
2012-04-10,2.3580117225646973,2.368132052587603,2.3124700185679514,2.319554950043735,22129973
2012-04-11,2.320650815963745,2.326162809963448,2.263691042359684,2.3224882208932676,13182336
2012-04-12,2.384960412979126,2.3886358858589354,2.280228092566921,2.340862466033043,20234430
2012-04-13,2.443756580352783,2.452944045202541,2.3629112171360127,2.3886351030867092,23290913
2012-04-16,2.372097969055176,2.425383154394449,2.370260784886749,2.414358503861815,19047929
2012-04-17,2.2526657581329346,2.3665854940749003,2.2416411108690784,2.3629109060386844,24727837
2012-04-18,2.315138339996338,2.3335121629253535,2.2526657082005843,2.2636903552200693,17059991
2012-04-19,2.2875776290893555,2.3279998730706923,2.2710401024279863,2.320650695312417,14047236
2012-04-20,2.3188135623931885,2.3298382124290877,2.2747156246161646,2.2875776795265708,12789327
2012-04-23,2.12772274017334,2.3188132641194024,2.1258844523798643,2.300438555371337,35245476
2012-04-24,2.0744376182556152,2.140583973207801,1.9660298470801356,2.103836317151605,32084705
2012-04-25,2.094648838043213,2.113023549111635,2.02298982731714,2.0487137162885873,15459570
2012-04-26,2.0358517169952393,2.1038363614149063,2.0082904224010742,2.0946488952354128,18007123
2012-04-27,2.0597383975982666,2.081786814797819,2.022989858058422,2.0321771033378133,11231806
2012-05-02,2.048713445663452,2.0891365682566807,2.0211521554625325,2.0799493243304887,13427830
2012-05-03,2.113023042678833,2.122209623250276,2.0248265261039156,2.0395257615423983,15669022
2012-05-04,2.2195935249328613,2.252666595868641,2.0946490952619254,2.1166983979894702,26967835
2012-05-07,2.221430540084839,2.2361297797320554,2.164470765663007,2.223267945040741,20840636
2012-05-08,2.226942539215088,2.2728785463723074,2.1791700102532707,2.2122430787456606,20457097
2012-05-09,2.146096706390381,2.2195931175214163,2.146096706390381,2.190194420595696,12453235
2012-05-10,2.1663076877593994,2.2085682174215164,2.135072028076688,2.1442592725336325,8297039
2012-05-11,2.089136838912964,2.160796070245806,2.089136838912964,2.160796070245806,14389572
2012-05-14,2.054224967956543,2.111184946053479,2.054224967956543,2.1093475416496292,9224409
2012-05-15,2.0652501583099365,2.0891366400770806,2.0046155827300103,2.0303396899766293,7342725
2012-05-16,2.0211520195007324,2.0707626034717044,2.0211520195007324,2.0542250797816073,6416368
2012-05-17,2.070762872695923,2.0762748661353503,2.0229896870177306,2.0229896870177306,8485424
2012-05-18,2.0781121253967285,2.1093480071555257,2.041364470787608,2.0450390596174404,11363350
2012-05-21,2.113023042678833,2.1258842113210923,2.063412460707541,2.063412460707541,11508729
2012-05-22,2.214081287384033,2.311463525983214,2.1589586989828935,2.166307876981629,29757601
2012-05-23,2.2692034244537354,2.2747160817628433,2.1828449364188436,2.1993824667683626,26345521
2012-05-24,2.3408620357513428,2.3684233303223494,2.237967139509143,2.2967643176999126,48723902
2012-05-25,2.3316755294799805,2.3812852384342373,2.232455007627219,2.3426992959452333,35677278
2012-05-28,2.2600159645080566,2.3059510778115735,2.236129264012595,2.2820643773161113,25876811
2012-05-29,2.271040201187134,2.287577728567659,2.2324551395730174,2.2655284280231673,25017128
2012-05-30,2.2857394218444824,2.2894151147977295,2.245317176435216,2.2618538205253356,20524749
2012-05-31,2.313300848007202,2.3390249596361867,2.261853949482473,2.271040312134152,24113532
2012-06-01,2.258179187774658,2.3224881372016877,2.2508291267437013,2.3041143093574337,16063614
2012-06-04,2.0836246013641357,2.203056111785094,2.081786313753027,2.1920314642610115,19163803
2012-06-05,2.054224967956543,2.1185350052464793,2.048713196322597,2.096485490033882,13461497
2012-06-06,2.0340144634246826,2.0781121800077167,2.024826997558839,2.067087530073102,12628370
2012-06-07,2.0082898139953613,2.0670869744231015,1.9991034545431656,2.0523877395133656,8243106
2012-06-08,1.9752172231674194,2.0523882246863208,1.9697052295620607,2.039526170310989,13405220
2012-06-11,2.045039176940918,2.0468763610668077,1.9733799436878432,1.9788919376432383,8501970
2012-06-12,2.032176971435547,2.076274906916696,2.0119659604459343,2.022989726752471,10246909
2012-06-13,2.06341290473938,2.067087493600942,2.019315188934416,2.0340144275360705,8660433
2012-06-14,2.045039176940918,2.067087594340223,2.0395262998300723,2.063413005299581,7618998
2012-06-15,2.054224967956543,2.0670870195722904,2.0248264974949515,2.039525732725747,9966010
2012-06-18,2.114860773086548,2.122209950360959,2.0634127787554157,2.067087367392621,12635476
2012-06-19,2.1258842945098877,2.1405835305235716,2.1001612938523793,2.113023125364353,15070900
2012-06-20,2.171820878982544,2.182844646614881,2.11669828741002,2.1258848708314044,18418438
2012-06-21,2.214081287384033,2.217755876383401,2.1148609815241577,2.164470692876375,21685224
2012-06-25,2.2361299991607666,2.250829461039291,2.158958983440182,2.193869460239176,27413290
2012-06-26,2.2287802696228027,2.2342922628809103,2.160795854799509,2.2030563832815697,17830824
2012-06-27,2.2048938274383545,2.2324551217152075,2.1773327539503624,2.206731232337554,13359205
2012-06-28,2.190194606781006,2.2214304903317554,2.136909422675532,2.2048938460990057,17621966
2012-06-29,2.300438642501831,2.350049231977609,2.151608419596362,2.179169711001458,25147311
2012-07-02,2.315138339996338,2.340861338834884,2.265527759591851,2.3224875159058684,18573584
2012-07-03,2.2949271202087402,2.3224884172708826,2.2636912337657127,2.2894153465318543,15232659
2012-07-04,2.2802274227142334,2.3261625406337982,2.2471543586009854,2.2783900179974506,11029853
2012-07-05,2.2287802696228027,2.2728782027871772,2.1681450319510964,2.269202731056045,16250346
2012-07-06,2.226942539215088,2.245317251182391,2.1681453597039835,2.206731305443187,12464318
2012-07-09,2.0597383975982666,2.219593286100084,2.0523883364281206,2.204893826126374,10001038
2012-07-10,2.024827241897583,2.0615760058512036,1.9660300585695434,2.0615760058512036,24954849
2012-07-11,2.0468761920928955,2.0542253695674906,1.9954284171492203,2.021152304621058,7595274
2012-07-12,2.0744376182556152,2.076275023137311,1.9954285459761252,2.0413645511739515,10179151
2012-07-13,2.070762872695923,2.070762872695923,2.0027784556362525,2.037688924959782,13083467
2012-07-16,1.9550058841705322,2.068924754626633,1.9550058841705322,2.068924754626633,10080171
2012-07-17,1.7822892665863037,1.9458187341639557,1.760239857175989,1.9292820910853083,27764624
2012-07-18,1.7859638929367065,1.796988542676546,1.7143047735720087,1.782289304075229,14017827
2012-07-19,1.8484357595443726,1.9256076496382257,1.7547281082620336,1.7639145809253967,17942778
2012-07-20,1.8282244205474854,1.8502729472160508,1.7988258330172697,1.819037065259274,8283819
2012-07-23,1.7951513528823853,1.8080124146472074,1.7822894079621043,1.8006632364958803,5945189
2012-07-24,1.798825740814209,1.8080122124761406,1.7620770943059816,1.7657526765205345,8909434
2012-07-25,1.7620772123336792,1.7969885668479573,1.7455406790791896,1.769427383705335,8913890
2012-07-26,1.7326786518096924,1.763914422368277,1.7216538920547766,1.7547279505306799,9306324
2012-07-27,1.6904182434082031,1.7400289515593526,1.6867436541681822,1.7271670060637812,10511791
2012-07-30,1.6040596961975098,1.7014428133808417,1.6003851073706319,1.7014428133808417,10667664
2012-07-31,1.583848476409912,1.604059596861508,1.5213767168112855,1.604059596861508,11975095
2012-08-01,1.613247275352478,1.616921864437968,1.563637452443114,1.572823925156839,12333857
2012-08-02,1.5930356979370117,1.6114096329478962,1.5562870551543808,1.5967102862292526,9058991
2012-08-03,1.6444830894470215,1.6463203840350786,1.5709866693584493,1.5930360811205366,9078602
2012-08-06,1.6867433786392212,1.6885806729591102,1.6150843739923597,1.6205971401073809,10276756
2012-08-07,1.6885805130004883,1.70327985971691,1.6738812766784754,1.6849059247088027,7503325
2012-08-08,1.6665325164794922,1.6977684014680787,1.649995981879971,1.68858093489369,7044569
2012-08-09,1.6867433786392212,1.6940935494685505,1.6371336721417362,1.6683695522849769,6655093
2012-08-10,1.7179794311523438,1.736354252899961,1.6646951306689117,1.6849062533708858,10102513
2012-08-13,1.7032802104949951,1.7087929772231079,1.6720443268779164,1.7051175050192153,8631257
2012-08-14,1.7620772123336792,1.7749392670716917,1.6665323809287915,1.7161420910866876,9595766
2012-08-15,1.7381913661956787,1.7969884272175805,1.7161419577382784,1.7473778377591287,18014285
2012-08-16,1.716141939163208,1.7363540530891477,1.6702068219826767,1.7363540530891477,9292384
2012-08-17,1.7069547176361084,1.7069547176361084,1.6702069522096914,1.692255368597804,3996236
2012-08-20,1.701442837715149,1.701442837715149,1.6683696610950072,1.694093659956284,3249973
2012-08-21,1.736354112625122,1.7400287013367233,1.684906117252376,1.699605465648574,7132718
2012-08-22,1.7124674320220947,1.7363541356696868,1.6996054882054177,1.7234921918530097,6155704
2012-08-23,1.72349214553833,1.7363540890093736,1.688580682997984,1.7032800311942593,14006396
2012-08-24,1.727166771888733,1.7767764797636965,1.7014427739908986,1.7179793064844124,16878239
2012-08-27,1.622434377670288,1.7179791986830735,1.6003849698978383,1.7179791986830735,11789835
2012-08-28,1.6297836303710938,1.6499957448264693,1.6058969272338586,1.6169216868292215,11233540
2012-08-29,1.607735276222229,1.651833101940874,1.607735276222229,1.6169217482759846,8226545
2012-08-30,1.5673117637634277,1.6224343436874469,1.5158638826680868,1.6077351067950825,16705654
2012-08-31,1.5397508144378662,1.6077353472029812,1.5158641093382945,1.5599619370038378,23801213
2012-09-03,1.5452626943588257,1.552612755464822,1.5213768724696364,1.5434253998711853,24011497
2012-09-04,1.5415879487991333,1.5709864239261444,1.5397506544981132,1.5415879487991333,18904309
2012-09-05,1.561799168586731,1.561799168586731,1.4919783376919853,1.5324005811957284,30801783
2012-09-06,1.620597243309021,1.620597243309021,1.5526127125781792,1.5617991847626302,29147081
2012-09-07,1.675718903541565,1.699605608885223,1.5948733085072615,1.598547897528544,42536360
2012-09-10,1.7124674320220947,1.7271667806133795,1.6757187845578254,1.7051173713459722,38968418
2012-09-11,1.7418659925460815,1.754727936168824,1.6940935795210241,1.712467406201212,35580207
2012-09-12,1.754728078842163,1.7731020174107195,1.7051174842755183,1.7492153121811163,28030952
2012-09-13,1.7878010272979736,1.9292819589292374,1.7290039677626323,1.7620770308655707,53953275
2012-09-14,1.7694272994995117,1.8208743016645328,1.740028712906068,1.8006630700665498,29755696
2012-09-17,1.6463202238082886,1.7547279903801325,1.6389710461713127,1.7547279903801325,25213582
2012-09-18,1.620597243309021,1.6610195976258524,1.602222422234872,1.6279464210565817,11272746
2012-09-19,1.6389710903167725,1.6444829736929663,1.616921790501156,1.6242718514915018,9730899
2012-09-20,1.5434253215789795,1.6352964441776219,1.5434253215789795,1.6352964441776219,12426341
2012-09-21,1.5140265226364136,1.5526124593791968,1.512189228499148,1.515863816773679,12402416
2012-09-24,1.5305633544921875,1.5379135260386398,1.4919784036992518,1.4956529926975428,16250416
2012-09-25,1.5397508144378662,1.580174053119676,1.5342389309622657,1.5379135199459995,15710320
2012-09-26,1.4883027076721191,1.5526126468048174,1.4846281189540056,1.5360761144179327,11331855
2012-09-27,1.5415879487991333,1.5434252431001534,1.4827907777562748,1.4846280720572949,11137155
2012-09-28,1.561799168586731,1.567311934995715,1.5195395202707018,1.5268886979421454,8083822
2012-10-08,1.582011342048645,1.626109169559125,1.5617992260038795,1.626109169559125,11086830
2012-10-09,1.63529634475708,1.6518329868514932,1.5930358163936351,1.600384993524595,14723614
2012-10-10,1.6444830894470215,1.6518332613491686,1.6022225540608226,1.6205973766467956,15427082
2012-10-11,1.6536704301834106,1.7822893211492064,1.6316210200980765,1.6426456699435301,29818923
2012-10-12,1.613247275352478,1.6683697546511056,1.598547925460624,1.6352965761763405,17384759
2012-10-15,1.5489381551742554,1.5820113324154754,1.4993275613542112,1.5820113324154754,19521215
2012-10-16,1.550775170326233,1.5764981714875508,1.5397505223112284,1.5397505223112284,12830756
2012-10-17,1.5544501543045044,1.565474805125879,1.528726153045358,1.5544501543045044,7702833
2012-10-18,1.607735276222229,1.607735276222229,1.5544499849000057,1.5544499849000057,12580989
2012-10-19,1.6187589168548584,1.6408082143806975,1.5746609841696775,1.5967103920899326,13419902
2012-10-22,1.613247275352478,1.6279465148498993,1.5820113914204579,1.605897103631604,14925677
2012-10-23,1.640808343887329,1.6499958095018863,1.6022224013548265,1.6150844557952773,24697617
2012-10-24,1.6628568172454834,1.6757187608804252,1.6040596444999764,1.6169216985293393,21695698
2012-10-25,1.664695143699646,1.7675901500133544,1.6610196715069725,1.6922554446342744,43906418
2012-10-26,1.607735276222229,1.6610195739946296,1.56179916254301,1.6371337531050425,20276287
2012-10-29,1.6242716312408447,1.714304567231621,1.613246982827975,1.6205970428216552,23754568
2012-10-30,1.5875232219696045,1.6352965214999442,1.5801740440443455,1.6077353379693593,17321991
2012-10-31,1.4754406213760376,1.5764982042316245,1.4570666860118389,1.5764982042316245,27027801
2012-11-01,1.486465573310852,1.5103522792548374,1.468091744587218,1.4699290391440345,20058156
2012-11-02,1.499327540397644,1.519539545642396,1.4827908968109575,1.486465485708034,10609305
2012-11-05,1.5011645555496216,1.5213765570338644,1.4846279150396309,1.506677321024984,12094316
2012-11-06,1.5121896266937256,1.5121896266937256,1.4791164468090705,1.5066777428305222,13424080
2012-11-07,1.5434253215789795,1.552612676706576,1.4993274962517946,1.5158640289571563,16149031
2012-11-08,1.4809536933898926,1.5250515227259762,1.473603631988549,1.5250515227259762,12376591
2012-11-09,1.4405300617218018,1.471765937483985,1.4331808854730208,1.471765937483985,9279990
2012-11-12,1.468091607093811,1.4699289014785566,1.4423676090021773,1.462579723939574,5746053
2012-11-13,1.4221564531326294,1.4791162206946498,1.418481864452233,1.4680915714980967,8312220
2012-11-14,1.4405300617218018,1.4680913493595946,1.4166433622083994,1.447880121125813,7465298
2012-11-15,1.3762211799621582,1.4313427638282343,1.368871009878369,1.4313427638282343,10491153
2012-11-16,1.3615221977233887,1.3688713762243387,1.3284481346081733,1.3688713762243387,8926968
2012-11-19,1.3927576541900635,1.4037823017022018,1.3486598369023353,1.35417171908079,7899801
2012-11-20,1.385407567024231,1.407456861606495,1.3725455153160442,1.3964322143153631,5736391
2012-11-21,1.4074571132659912,1.409294407617161,1.3633592889773887,1.3780586373365369,5819657
2012-11-22,1.3688710927963257,1.3982696774185184,1.3633592100618617,1.396432383173697,5165067
2012-11-23,1.3688710927963257,1.3835704403046294,1.359683738416901,1.359683738416901,4157102
2012-11-26,1.3302854299545288,1.3725459662188402,1.322936251449595,1.3688713769663732,8610547
2012-11-27,1.253114104270935,1.3302850957517283,1.2512768101062786,1.3247732132577588,15072568
2012-11-28,1.238415002822876,1.2586261239929977,1.209016416278072,1.240252297187853,7830738
2012-11-29,1.253114104270935,1.278838099281096,1.2402521619630595,1.249439515941622,8175746
2012-11-30,1.2604645490646362,1.273326494174417,1.2329032538857396,1.258626260949829,4205794
2012-12-03,1.2200411558151245,1.2641390940894914,1.2200411558151245,1.2420896833745874,4927844
2012-12-04,1.256788730621338,1.2659761952722546,1.2090163210347806,1.2126909094752594,4354071
2012-12-05,1.3192615509033203,1.3413099677136036,1.2512770189015219,1.2512770189015219,12474090
2012-12-06,1.3082369565963745,1.3284480797955642,1.3045623674975153,1.3192616070484162,3660904
2012-12-07,1.3339605331420898,1.3376351213774855,1.3100739433015045,1.3137485315369002,10009833
2012-12-10,1.3670340776443481,1.3817334281536622,1.3321236031603902,1.3339608977803126,12003102
2012-12-11,1.3504974842071533,1.3780587790134087,1.3431473124970201,1.3688713127632153,9349507
2012-12-12,1.365196704864502,1.3688712938939698,1.3339608214086982,1.3376354104381663,11257021
2012-12-13,1.4203191995620728,1.4993274950241544,1.3615220255776865,1.3688712031494341,38180273
2012-12-14,1.4938154220581055,1.5121892468084943,1.3890831416957996,1.3964323183338443,32859902
2012-12-17,1.5434253215789795,1.5617991486787823,1.4662543204466474,1.4993274962517946,31057745
2012-12-18,1.6150842905044556,1.62978352745908,1.517701183313587,1.550775239222387,49386219
2012-12-19,1.609572410583496,1.6757186458092337,1.5783365320014782,1.609572410583496,40154103
2012-12-20,1.627946376800537,1.6867434401986814,1.5838485516533232,1.6867434401986814,54749323
2012-12-21,1.5930356979370117,1.6150842212401373,1.5507751727160193,1.6003848745214937,29512284
2012-12-24,1.594873309135437,1.6169218368216924,1.5562873645360058,1.567312014759641,11803901
2012-12-25,1.613247275352478,1.6352965761763405,1.569149336071349,1.578336802334968,14534709
2012-12-26,1.605897068977356,1.6205973017074493,1.5838486517847457,1.6169218295458123,22853320
2012-12-27,1.5856859683990479,1.6205973243054668,1.5691493240907082,1.60957267397771,17969948
2012-12-28,1.5489381551742554,1.5875232158381312,1.5287260392525654,1.5875232158381312,23550317
2012-12-31,1.5801739692687988,1.589360441240659,1.5379134383376494,1.5562872654367592,19898156
2013-01-04,1.651833176612854,1.6720442992001685,1.6077353489007435,1.62059729351283,35442419
2013-01-07,1.7473779916763306,1.7620772306279788,1.622434570981749,1.6389711044079247,34960892
2013-01-08,1.6996054649353027,1.730841345675969,1.6775560559697846,1.7290040513209393,30456296
2013-01-09,1.771264672279358,1.8135252044751202,1.7143047909389395,1.7161420853882912,57434907
2013-01-10,1.8245497941970825,1.8557856755119144,1.7198166176090002,1.7547279708568233,54603264
2013-01-11,1.708792805671692,1.800663042381117,1.7051173338367922,1.800663042381117,50198672
2013-01-14,1.7418659925460815,1.754727936168824,1.6720441705860816,1.695930873873506,60981031
2013-01-15,1.7731019258499146,1.7969885194516133,1.7087928681947329,1.7216539290436825,58734330
2013-01-16,1.7198165655136108,1.763914389369666,1.6812315078123605,1.763914389369666,35240753
2013-01-17,1.6628568172454834,1.7216538795965692,1.6555076398285857,1.7106301134712227,21254063
2013-01-18,1.6812314987182617,1.6922552646575206,1.6536703175594034,1.6628567891754524,17745018
2013-01-21,1.6738815307617188,1.688580769314971,1.6628568810579285,1.6867434748902401,11755326
2013-01-22,1.6628568172454834,1.681231527098469,1.6224344647473832,1.6757187608804252,38059958
2013-01-23,1.651833176612854,1.6683697102125545,1.5948732938942272,1.6444830050877586,29740667
2013-01-24,1.63162100315094,1.6977682391700482,1.6169217645614835,1.6555077074365097,33318321
2013-01-25,1.5875232219696045,1.6408084049438885,1.5764984615318551,1.6205972824939945,16534224
2013-01-28,1.605897068977356,1.6077353570303257,1.572823891216289,1.5893605352940376,27516207
2013-01-29,1.6150842905044556,1.622434350559422,1.594873060480674,1.609572407829712,14106380
2013-01-30,1.6169217824935913,1.6444829655489088,1.6022224333466892,1.615084488043959,12789604
2013-01-31,1.620597243309021,1.6536704198782917,1.6077352990953793,1.61508447684294,15242129
2013-02-01,1.6169217824935913,1.6279464323468016,1.5930359610985279,1.6279464323468016,18779790
2013-02-04,1.5801739692687988,1.6242717945943206,1.5305632672103475,1.6242717945943206,29062020
2013-02-05,1.613247275352478,1.613247275352478,1.5507755074884377,1.569149336071349,17583834
2013-02-06,1.6150842905044556,1.6279462332341654,1.5967103547055885,1.61692158472937,8831813
2013-02-07,1.613247275352478,1.6242719257644092,1.600385220003369,1.6022225145461142,7122301
2013-02-08,1.6738815307617188,1.683068886040778,1.6095725828800918,1.6187590550037465,16277234
2013-02-18,1.7308412790298462,1.7326785733141308,1.67571869709113,1.6867433459521737,25949185
2013-02-19,1.6867433786392212,1.7326786068913473,1.6738814352446438,1.7326786068913473,22662465
2013-02-20,1.716141939163208,1.7216538220416189,1.6812314708948395,1.688580648066054,13015296
2013-02-21,1.7437034845352173,1.758402724176498,1.6922554834241321,1.6996056552169412,30736465
2013-02-22,1.6959308385849,1.7510533110282767,1.679394196206864,1.734515895889308,17546049
2013-02-25,1.767590045928955,1.7822892843677365,1.6996055161774672,1.705117399408736,39366023
2013-02-26,1.734515905380249,1.8190369640192583,1.7271667280830287,1.7675899630782284,41430669
2013-02-27,1.721653699874878,1.7804517496378867,1.6867432340837192,1.741865812366587,33742346
2013-02-28,1.7951513528823853,1.8263872367308747,1.7418661682689973,1.7657528739661599,44643034
2013-03-01,1.8980461359024048,1.9752171339350302,1.7749391368378624,1.7878010802377193,108451627
2013-03-04,2.0211520195007324,2.087299244006548,1.892533041863284,1.9072324986830698,91535945
2013-03-05,2.0781121253967285,2.1166980679705896,1.9476559423558168,2.043201654808099,54645438
2013-03-06,2.0395262241363525,2.1222101045981265,2.0266652733658486,2.0781121674918266,54697587
2013-03-07,2.054224967956543,2.1993814613822593,2.0211519094760537,2.048713196322597,53862600
2013-03-08,2.05790114402771,2.1222100925019145,1.9825673249592748,2.0689249106776746,38026920
2013-03-11,1.9935905933380127,2.0523877541860998,1.947655483916693,2.0523877541860998,27036883
2013-03-12,1.8484357595443726,2.0027786565766226,1.8245499370697398,1.9991040675112772,33239999
2013-03-13,1.872322678565979,1.918257806978894,1.8374112082110512,1.8484359702134847,20631532
2013-03-14,1.842923641204834,1.8888586481370695,1.8392490526075378,1.857622768354945,11735791
2013-03-15,1.8851840496063232,1.9403066316855262,1.7988256983040019,1.8594601632501062,22477089
2013-03-18,1.8649719953536987,1.9200945791954058,1.8521110453141274,1.8815095211882733,16854949
2013-03-19,1.8998838663101196,1.9109085172792635,1.828224628560629,1.8631351033425991,16059047
2013-03-20,1.9513299465179443,1.9513299465179443,1.8759963719068034,1.9109077151905127,31808004
2013-03-21,1.9917539358139038,2.008290358784397,1.9439814093980063,1.955006059359762,36115027
2013-03-22,1.9788920879364014,1.991754144105381,1.9476562020133006,1.9844049654659397,12150568
2013-03-25,1.9844045639038086,2.0487135070019367,1.949493212570096,1.9697051056550967,18233782
2013-03-26,1.9421440362930298,1.984404564798056,1.88334686563819,1.9807288722760912,17613051
2013-03-27,1.9053953886032104,1.9513305082979497,1.8962090270308045,1.9292820924221696,12459111
2013-03-28,1.8080123662948608,1.8686478313823025,1.802500482828772,1.8686478313823025,23794470
2013-03-29,1.8208743333816528,1.8465983316871397,1.8080122790316975,1.8080122790316975,13757370
2013-04-01,1.8815096616744995,1.9109083605325927,1.754728062634349,1.811687945076779,28124777
2013-04-02,1.8704848289489746,1.94030664912273,1.8631347685717135,1.8778340061708887,20556900
2013-04-03,1.8704848289489746,1.8704848289489746,1.8704848289489746,1.8704848289489746,0
2013-04-08,1.8704848289489746,1.8704848289489746,1.8704848289489746,1.8704848289489746,0
2013-04-09,1.949493169784546,2.0193149877642522,1.903558053730568,1.9660295907751482,21175418
2013-04-10,2.0285027027130127,2.07443782943156,1.9568436842431975,1.9844049810632072,35232321
2013-04-11,2.006453275680542,2.0579012767762928,1.9862420419686726,2.008290459846287,12930477
2013-04-12,1.9935905933380127,2.0395257027593323,1.989916005373105,2.017477291814695,9439642
2013-04-15,1.9660298824310303,2.0395262998092445,1.9292822257140798,1.9660298824310303,15435504
2013-04-16,1.956843376159668,1.9715426143953694,1.9145828454431804,1.931119267669498,9979114
2013-04-17,2.0046157836914062,2.03033989351685,1.9311193679090395,1.9550060728596454,14174349
2013-04-18,2.0670876502990723,2.0983244178509377,1.9862420526502234,1.9862420526502234,19504537
2013-04-19,2.114860773086548,2.1460966532079224,2.0579010061940264,2.067087367392621,16835943
2013-04-22,2.155282735824585,2.1865194950637936,2.087299211807684,2.1203722715783706,17184630
2013-04-23,2.1405837535858154,2.1957063359588753,2.0762748101133655,2.1681450447723454,19820319
2013-04-24,2.1534461975097656,2.2269426193460133,2.142422429719288,2.16814543771924,23306396
2013-04-25,2.155282735824585,2.21959277562329,2.096485571818892,2.124046859740616,14800595
2013-04-26,2.05790114402771,2.149771385832078,2.035851623628102,2.149771385832078,20252504
2013-05-02,2.0781121253967285,2.1111854119648665,2.021152355518307,2.0395261828228675,8295638
2013-05-03,2.1479337215423584,2.1607957746301873,2.0762747208019463,2.0817864930667227,10749432
2013-05-06,2.1920318603515625,2.2104056874416176,2.1093479825299597,2.1681451565312946,15026714
2013-05-07,2.2232675552368164,2.302276616854605,2.171820446280611,2.1773324393930356,21219216
2013-05-08,2.2232675552368164,2.2232675552368164,2.2232675552368164,2.2232675552368164,0
2013-05-09,2.283902168273926,2.351886589043413,2.2232678084542306,2.265528340632569,46420627
2013-05-10,2.36474871635437,2.4253830780361345,2.232455122016436,2.278390244502621,31064261
2013-05-13,2.36474871635437,2.36474871635437,2.36474871635437,2.36474871635437,0
2013-05-14,2.511741876602173,2.535628584979769,2.3261630744634196,2.3794482650561757,37294976
2013-05-15,2.497042417526245,2.5264408971751937,2.4253831818041927,2.476831183556463,27237903
2013-05-16,2.421708583831787,2.603611896787139,2.388635515135842,2.47131829727014,50571541
2013-05-17,2.4676434993743896,2.5062294420870335,2.3445373767057642,2.395984490763503,26479504
2013-05-20,2.5889127254486084,2.590751013624056,2.384960105867913,2.465806589112188,33504030
2013-05-21,2.847987413406372,2.847987413406372,2.734067660755069,2.7561171793057273,80961234
2013-05-22,2.7322304248809814,2.983956407049482,2.715693783057476,2.8884104822472425,60047961
2013-05-23,2.8075649738311768,2.836963669761029,2.587074864751702,2.7101820833488883,37700313
2013-05-24,2.88106107711792,2.903109489559167,2.7781662042410327,2.7891899688840303,30180160
2013-05-27,3.0041675567626953,3.0703147895096103,2.882898844398642,2.8939234935842153,29772005
2013-05-28,3.013382911682129,3.013382911682129,3.013382911682129,3.013382911682129,0
2013-05-29,2.930445909500122,3.004167778779886,2.8401366694622916,2.8604107870094513,40285516
2013-05-30,2.7664146423339844,2.912015331390359,2.7019084256438517,2.912015331390359,39591210
2013-05-31,2.6613612174987793,2.7682578277691743,2.6374012391448627,2.76457196686275,28581940
2013-06-03,2.674262523651123,2.7608858957430864,2.655831448793249,2.655831448793249,21203829
2013-06-04,2.7037513256073,2.718495876232975,2.5341906544080177,2.6724196261432684,35638061
2013-06-05,2.7000653743743896,2.744298581838046,2.6005407129476947,2.650302600728794,19073874
2013-06-06,2.7148101329803467,2.783002215364191,2.6447741235071787,2.6871642931428035,24303525
2013-06-07,2.5673651695251465,2.783002090476009,2.5397195523943505,2.672419621952826,33394883
2013-06-13,2.5286622047424316,2.6171284092417464,2.359101296598111,2.5028591834254557,13323083
2013-06-14,2.692692518234253,2.6963783785939204,2.517602967111821,2.523131868384374,19117299
2013-06-17,2.83829402923584,2.9396615228565173,2.6908502813514996,2.6908502813514996,47621155
2013-06-18,2.810648202896118,2.915701558227808,2.729554606211493,2.8714685665092015,24203420
2013-06-19,2.9562482833862305,2.9838941188144292,2.7535128951331247,2.7571987555286315,33006516
2013-06-20,2.7811591625213623,2.9488770206046144,2.771943734969917,2.912015531864974,17319622
2013-06-21,2.8143341541290283,2.8677827970982848,2.6042269938101272,2.7277107663092584,28028306
2013-06-24,2.5821099281311035,2.8935854564920835,2.5526210460166294,2.838293996310324,25057609
2013-06-25,2.705594539642334,2.736926241108491,2.454940263514642,2.4862719649807987,45195514
2013-06-26,2.912015199661255,2.9765225207639325,2.7055941639667265,2.7461412875825784,52218769
2013-06-27,2.8640964031219482,3.0594589745953487,2.803276048874398,2.94518998731923,37103230
2013-06-28,2.978365898132324,3.0778907955385426,2.8106482492361207,2.8677827526141333,37800942
2013-07-01,3.0557734966278076,3.094477806200468,2.9046438911373667,2.982051624418103,31639154
2013-07-02,3.0391860008239746,3.087104846888082,2.947033947881227,3.0410288204167086,38051934
2013-07-03,3.0041675567626953,3.0189127711002537,2.8751549040894164,3.0041675567626953,36565613
2013-07-04,2.818020820617676,2.9488771978254595,2.7645721791784843,2.9488771978254595,44113451
2013-07-05,2.6668901443481445,2.8567240526956486,2.6668901443481445,2.7940606517804154,29049466
2013-07-08,2.6558315753936768,2.724024540276804,2.554464755966539,2.554464755966539,20844054
2013-07-09,2.7037513256073,2.718495876232975,2.559993451903351,2.6687328794549887,15274637
2013-07-10,2.709280490875244,2.7369263322022594,2.6539888082212135,2.6926931189587267,23006208
2013-07-11,2.8198635578155518,2.83460810947206,2.613442492218196,2.677948715334881,30887508
2013-07-12,2.904644012451172,3.006011729389527,2.7756306753293503,2.7959036871982486,31693737
2013-07-15,2.9728362560272217,2.994953194624634,2.8585670306923636,2.886212871739903,21781272
2013-07-16,3.2621943950653076,3.2695670021949734,3.1423965053910172,3.1423965053910172,91257667
2013-07-17,3.116593837738037,3.243764339785517,3.031813281573588,3.168199432180072,51447125
2013-07-18,3.184786796569824,3.1940024451122233,3.0262845956769993,3.0871049527039354,23308256
2013-07-19,3.13318133354187,3.354347843350888,3.13318133354187,3.1460828443148703,41193134
2013-07-22,3.2843117713928223,3.3451323556507235,3.1000067558562487,3.1331812777310546,18071756
2013-07-23,3.2732534408569336,3.3469753173159833,3.131338590597142,3.3267020836590975,22869710
2013-07-24,3.2253341674804688,3.286154524946657,3.182943999901541,3.2419213162323897,14973295
2013-07-25,3.1884725093841553,3.2990558574386633,2.9488767317068434,3.2437641834114093,16760993
2013-07-26,3.048401355743408,3.1847866123506354,2.954405599558619,3.1516120955391838,14738119
2013-07-29,3.13318133354187,3.295370520805303,3.004167997541096,3.168199783201772,35754899
2013-07-30,3.0336575508117676,3.122123756275154,2.958091970282849,3.087105306544454,13187618
2013-07-31,3.197688341140747,3.317486236859344,3.0078544390807536,3.050244606820834,19825389
2013-08-01,3.249293088912964,3.293526298322476,3.1884727304908185,3.1976883792446227,12851879
2013-08-02,3.315642833709717,3.32670130082254,3.234548367902142,3.306427407538013,16824825
2013-08-05,3.3690922260284424,3.4612445153955154,3.291683603127045,3.302742294207469,15923396
2013-08-06,3.2585084438323975,3.3912078386286986,3.1921583035020196,3.369091568117467,35090168
2013-08-07,3.2916831970214844,3.4354410696095123,3.2087467890751054,3.234548700505626,37204851
2013-08-08,3.249293088912964,3.35066079588214,3.1626699327243806,3.2806256745707247,14558478
2013-08-09,3.2419216632843018,3.31380071818953,3.2124330019620775,3.247450565816065,9929152
2013-08-12,3.13318133354187,3.2787822629747434,3.0410292670643937,3.2787822629747434,21503366
2013-08-13,3.1147513389587402,3.1516128322824994,3.0742042056747905,3.131338711975106,17796058
2013-08-14,3.1737284660339355,3.175571285769769,3.088948127810975,3.1313382969224555,16730521
2013-08-15,3.1110646724700928,3.1847865327094818,3.0907905574091106,3.177413925899933,12328409
2013-08-16,3.009697437286377,3.1663568295430107,3.0004820095618765,3.092634958010016,9897133
2013-08-19,3.1571409702301025,3.1626698721509983,2.9967959490741136,3.011540278106181,13013189
2013-08-20,3.227177143096924,3.302742054763486,3.1405537626178175,3.157141133637422,19318451
2013-08-21,3.348817825317383,3.3580332521898923,3.2050599565793942,3.225334072871814,22260611
2013-08-22,3.31748628616333,3.39120815441893,3.2677243960465754,3.3580334133636702,10413018
2013-08-23,3.3525032997131348,3.3948934611641195,3.2750955832189947,3.317485744669979,13408884
2013-08-26,3.402266263961792,3.457557936152846,3.328544403483905,3.350660452255216,11991203
2013-08-27,3.4612441062927246,3.479674296228389,3.35803335951041,3.3838363784051846,9053830
2013-08-28,3.3690922260284424,3.4944190383736884,3.3451324669080473,3.4206971625867983,8217029
2013-08-29,3.310114622116089,3.400423641007383,3.3008989731744967,3.3654051937735687,4522649
2013-08-30,3.4796741008758545,3.5662972510673088,3.2916830292670354,3.3101143254986014,20080110
2013-09-02,3.4612441062927246,3.6160604479323273,3.356190539836361,3.577356141056296,26049985
2013-09-03,3.7303292751312256,3.737700996430801,3.4133248843663617,3.4133248843663617,25679424
2013-09-04,4.102624416351318,4.102624416351318,3.62158893299298,3.686095147952258,32037354
2013-09-05,4.215049743652344,4.4951928265591015,4.0565477944988055,4.073135161428949,43990087
2013-09-06,4.146857738494873,4.242696766269408,4.054705678966038,4.16528815040064,23264796
2013-09-09,4.156073093414307,4.165287855783141,3.894360376999229,4.109997066908921,31116350
2013-09-10,4.572602272033691,4.572602272033691,4.016001198761776,4.089723286154745,29962351
2013-09-11,4.235323429107666,4.697928459995146,4.168973957674547,4.681341092136866,27925606
2013-09-12,4.16528844833374,4.380925168919739,4.045490319445108,4.202149717714146,29689450
2013-09-13,4.432530879974365,4.511781658824088,3.962554002184876,4.156073788820003,31081881
2013-09-16,4.6205220222473145,4.642638075914373,4.345907970273724,4.345907970273724,26803586
2013-09-17,4.607620716094971,4.804827029265846,4.535741659471593,4.570759002696457,21446580
2013-09-18,5.049952030181885,5.06838288708145,4.524683017453872,4.644482037037914,21599877
2013-09-23,5.177122116088867,5.191866446654904,4.902508073431817,5.066539636843589,25619706
2013-09-24,4.987287998199463,5.15316258899895,4.987287998199463,5.0683822524332625,18071096
2013-09-25,4.917252063751221,5.097870986551954,4.917252063751221,4.9762293819344645,12842373
2013-09-26,4.694244384765625,4.96885845219816,4.583661009678984,4.880392017888254,31324512
2013-09-27,5.061009407043457,5.158691470113385,4.685027698059763,4.685027698059763,28119858
2013-09-30,5.3208794593811035,5.436991488814248,5.123673623502885,5.215825676281379,20112906
2013-10-08,5.5457329750061035,5.851678741085518,5.320880589665731,5.400131814822368,17109333
2013-10-09,5.427775859832764,5.553103537919988,5.3835424314101425,5.510713150559466,14061403
2013-10-10,5.713449001312256,5.897754007840131,5.30797816412384,5.420404563593021,19219163
2013-10-11,5.730037212371826,5.98253522350139,5.584436049833634,5.6507864288659935,13751871
2013-10-14,5.685801982879639,5.713448039256247,5.4554209849785185,5.713448039256247,14723301
2013-10-15,5.497812271118164,5.846148386501691,5.436991911555407,5.787170625205531,10808668
2013-10-16,5.276646614074707,5.612081452043711,5.167907179782642,5.405660388082415,29299651
2013-10-17,5.372485160827637,5.7632112013294154,5.319036526199888,5.436991599080826,32099926
2013-10-18,5.317193508148193,5.438834220809889,5.160534128704233,5.320879590350064,22030207
2013-10-21,5.7042341232299805,5.735565823111186,5.289548088367309,5.341153684045092,26016681
2013-10-22,5.731878757476807,6.08205878838747,5.658157111950627,5.658157111950627,33071361
2013-10-23,5.510714054107666,5.787171144615499,5.254530861539317,5.774269855065483,18884416
2013-10-24,5.575221538543701,5.897754671883925,5.510714203183932,5.621297573897354,20987497
2013-10-25,5.84061861038208,5.8977533240961915,5.4554212711236945,5.56231853458006,21259007
2013-10-28,6.424864768981934,6.424864768981934,5.8203455563435345,5.930928015046494,27160096
2013-10-29,6.485685348510742,6.524389653345103,5.781641455439522,6.424864994093122,35113034
2013-10-30,6.139192581176758,6.469098271577272,5.964102788315844,6.3751031741371005,23921719
2013-10-31,6.170525074005127,6.37878916109548,5.951202297390056,6.0451973934260135,16474253
2013-11-01,5.888538360595703,6.174211076504174,5.553103975025869,6.039669068380628,46781622
2013-11-04,5.748467445373535,5.873794252181805,5.621297154356379,5.768740899416049,16535196
2013-11-05,5.85720682144165,6.071000936160513,5.829561202572427,5.870108553179578,17849961
2013-11-06,6.273736000061035,6.33639940365624,5.80007261880339,5.870108630459738,18442247
2013-11-07,6.100489616394043,6.297695031644464,6.0470409768050954,6.225816422347582,10556234
2013-11-08,5.919869422912598,6.340084544574643,5.879322963658298,6.1373491477775355,8095600
2013-11-11,6.000965118408203,6.109704556124045,5.783485357111911,5.964103406199242,6184508
2013-11-12,6.041511058807373,6.247932539106711,5.997278074285615,6.082058404217885,7278314
2013-11-13,5.787169456481934,6.172367203916442,5.766896450320774,6.172367203916442,6955074
2013-11-14,5.763210773468018,5.923556222514952,5.5143989155950734,5.78901290392149,16160916
2013-11-15,5.7742695808410645,5.930928975230303,5.695018805940359,5.713449218707965,11342867
2013-11-18,5.8737945556640625,5.930929281122704,5.628669167347778,5.7982298594195685,16210414
2013-11-19,5.842462062835693,5.910655027310139,5.805601683312714,5.8793233282231885,6751644
2013-11-20,5.69686222076416,5.860893348083778,5.584435809645301,5.789014290644662,13985233
2013-11-21,5.514400005340576,5.695018940598417,5.378014504703179,5.695018940598417,16694400
2013-11-22,5.444364547729492,5.5254579179712655,5.414875445461195,5.424090208571424,8043411
2013-11-25,5.459107875823975,5.582591614138194,5.392757518626567,5.475695243657228,8634160
2013-11-26,5.58443546295166,5.593651112299907,5.234256733280946,5.459109098627028,18200301
2013-11-27,5.595493793487549,5.748467096012391,5.532830393891761,5.532830393891761,13250336
2013-11-28,5.663686752319336,5.6876458444962195,5.5531038396525325,5.602866393965341,10168174
2013-11-29,5.678430557250977,5.7503095988731285,5.597336310668578,5.676587959191153,7174092
2013-12-02,5.110773086547852,5.495969609586288,5.110773086547852,5.483068320302954,22370967
2013-12-03,5.365112781524658,5.43514878896526,5.0462653300978095,5.110772656956865,9750494
2013-12-04,5.3024492263793945,5.435148629756144,5.234256262107608,5.365112624367073,10277134
2013-12-05,5.134731769561768,5.307978083278879,5.04257971063366,5.234256436136394,9437757
2013-12-06,5.077596664428711,5.2305699564949295,5.040736286589444,5.13473137955678,5515937
2013-12-09,4.998347282409668,5.105243692216649,4.9577999254125915,5.068383304181084,9905444
2013-12-10,5.145790100097656,5.282175592455692,5.025992421548003,5.072068451759408,9811282
2013-12-11,5.184494972229004,5.271118361379145,5.075754643239861,5.143947618301105,8376298
2013-12-12,5.2287278175354,5.271118211668211,5.064696250938411,5.1844948249783585,6343328
2013-12-13,5.405660629272461,5.436992332076609,5.212140845491003,5.228727774631477,7901953
2013-12-16,5.446207046508789,5.584435134621083,5.267430723753413,5.403817099487686,6080875
2013-12-17,5.326408863067627,5.547575148572339,5.23057071516091,5.446207433815625,4093992
2013-12-18,5.261901378631592,5.433305072108671,5.215825355079804,5.36879775327174,3210732
2013-12-19,5.438833713531494,5.560475743644431,5.225040965763445,5.252685693834548,11112953
2013-12-20,5.252685546875,5.521771286714463,5.215825172257792,5.510712598517443,6405749
2013-12-23,5.21582555770874,5.252685935049941,5.068381833682783,5.160533884366362,5394851
2013-12-24,5.160533905029297,5.448049633109979,5.116300920524068,5.307977629645624,7743415
2013-12-25,5.394600868225098,5.400130434084831,5.132888163791789,5.2305697784433764,7726435
2013-12-26,5.394600868225098,5.556788917030982,5.346681802853334,5.4369912536015725,8256729
2013-12-27,5.52361536026001,5.593651375245777,5.344839904454411,5.488598017165601,7314325
2013-12-30,5.731878757476807,6.059941851797355,5.494126007722613,5.523614665933086,12392059
2013-12-31,5.9253997802734375,5.9954357908819444,5.687646129628356,5.783485160734075,13065570
2014-01-02,5.711606502532959,5.9899066370291,5.702390852692312,5.930929312815802,15634508
2014-01-03,6.282949447631836,6.282949447631836,5.718977604596996,5.768739708794487,29685237
2014-01-06,6.030454158782959,6.3566733783134,6.008337218652947,6.266363905157209,17600083
2014-01-07,6.1742119789123535,6.207386725490189,5.989906945393026,6.082059905085032,8702099
2014-01-08,6.214758396148682,6.467255483250921,6.059942049625175,6.266363106769392,16913927
2014-01-09,6.034139633178711,6.421180095249521,6.026767910580715,6.214759017468384,14040477
2014-01-10,5.695018768310547,6.045197937378135,5.6120814684720335,6.045197937378135,12286073
2014-01-13,5.578906059265137,5.897753488745974,5.529143508133642,5.696861129040056,7704557
2014-01-14,5.667372703552246,5.674744425098433,5.529143733716905,5.5770632457590485,6036972
2014-01-15,6.235032081604004,6.235032081604004,5.667373559319008,5.689490499026229,17759977
2014-01-16,6.386162281036377,6.5022743225097654,6.244247219177123,6.3087536628110685,17639193
2014-01-17,6.281106948852539,6.445138931568706,6.19448401925463,6.4285506762067515,7808839
2014-01-20,5.967789649963379,6.2663627500259,5.905125366923389,6.2663627500259,9487805
2014-01-21,6.113391399383545,6.12260616351619,5.916185082328486,5.9659476434116625,8021507
2014-01-22,6.723439693450928,6.725282734691693,6.2037002918260615,6.211072013856835,21924977
2014-01-23,6.758457660675049,7.003583038222227,6.609170873184185,6.7916324039102856,19253616
2014-01-24,6.819277286529541,6.948290605882707,6.6626187937327135,6.74924216797615,10704022
2014-01-27,6.852453231811523,6.920645312455337,6.411964175672224,6.708695134083887,17179273
2014-01-28,6.90037202835083,7.114165682340431,6.634973223434481,7.027542307495424,11525809
2014-01-29,6.874569416046143,6.975937125715303,6.76582998445567,6.819277736711928,7098053
2014-01-30,6.6718339920043945,6.924331966858734,6.616542312709159,6.8745694111997935,10028995
2014-02-07,6.942761421203613,6.948290101144931,6.505958942465436,6.598111433289913,7829912
2014-02-10,7.409054756164551,7.534382021459339,6.7861040697689194,6.904059169042388,15053587
2014-02-11,7.1768293380737305,7.5177928405415,7.0773046719167345,7.3537617334055145,8932628
2014-02-12,7.355604648590088,7.394308955446826,7.092048879811269,7.198946151752919,9126971
2014-02-13,7.00358247756958,7.569398766158362,6.964878170627873,7.3371742533049105,10057007
2014-02-14,6.944604873657227,7.049658214479234,6.784259857891392,7.003582187802915,13468785
2014-02-17,7.3611345291137695,7.366663209835255,6.857982061959686,6.981466709425015,17250241
2014-02-18,7.226590633392334,7.552810675503871,7.176828967283173,7.420111275127875,12453588
2014-02-19,7.1583991050720215,7.280039825383399,7.007268839426658,7.187887764541446,8876760
2014-02-20,6.861668586730957,7.246866465634877,6.819278633249755,7.2450234241791724,9810556
2014-02-21,7.077304363250732,7.147340367619961,6.706852218206424,7.073618281069838,17586283
2014-02-24,7.047815799713135,7.169456963880449,6.889313810929146,6.913273789862268,9693658
2014-02-25,6.6441874504089355,7.243178418686441,6.343770888724424,7.045972150535207,23696653
2014-02-26,6.509645462036133,6.5981118768926725,6.253461422875294,6.4617263939104745,15170732
2014-02-27,6.100489616394043,6.662619416582401,6.026767522900847,6.609170776993453,8513401
2014-02-28,6.2682061195373535,6.297694778576738,5.908812644562583,6.083902000541201,10619416
2014-03-03,6.459883689880371,6.553878789954231,6.1926413902853295,6.2663630374020824,12629055
2014-03-04,6.270049571990967,6.542820090390638,6.201856610191869,6.450668037867858,7760617
2014-03-05,6.27189302444458,6.4469823786550435,6.233188716913974,6.354829434223035,5121637
2014-03-06,6.303224563598633,6.38247488901317,6.030453148398937,6.198170776578763,7728099
2014-03-07,6.131820201873779,6.524389248458794,6.0654698425803355,6.395375940525707,11913405
2014-03-10,5.731878757476807,5.995435411961947,5.722664437650557,5.989905845615222,15999595
2014-03-11,5.632354736328125,5.792700194305012,5.612080841749487,5.678430762797206,8551453
2014-03-12,5.73372220993042,5.949358005247494,5.562318512403682,5.6507849226454745,8121365
2014-03-13,5.9806904792785645,5.995434806895786,5.676587836308935,5.733722105825669,10901701
2014-03-14,6.120762825012207,6.174211466327071,5.918027393558584,5.9862208083940445,9558309
2014-03-17,6.282949447631836,6.424864482503901,6.008335468233128,6.1189183649375325,23932883
2014-03-18,6.509645462036133,6.515174142349154,6.233188413908224,6.247932742562273,11191304
2014-03-19,6.266363620758057,6.539135069280027,6.249776691544927,6.465413415300288,12643233
2014-03-20,5.999121189117432,6.61285607156907,5.772425811857579,6.61285607156907,26549066
2014-03-21,5.811130523681641,5.989905960442024,5.624982479295046,5.82403225482831,17938589
2014-03-24,5.558631420135498,5.879322290628941,5.529142767375523,5.8277167053668055,21153378
2014-03-25,5.663686752319336,5.695018452077455,5.438834401728977,5.527300820448874,12402784
2014-03-26,5.787169456481934,5.894067153225227,5.623138822908497,5.663685721095189,10290979
2014-03-27,5.339310169219971,5.801915310203535,5.258216794434379,5.801915310203535,15330324
2014-03-28,5.3006062507629395,5.427776089427046,5.160534238253893,5.2674306243773446,11442649
2014-03-31,5.387229919433594,5.5051850017265025,5.289548290780792,5.293233930328526,6841175
2014-04-01,5.387229919433594,5.553104073966756,5.328252599753283,5.394601641461347,11762654
2014-04-02,5.090497970581055,5.427775810688106,5.068381920968354,5.409345400233989,15588951
2014-04-03,5.040736198425293,5.195551642957838,5.0094045013175155,5.101556551634507,12013056
2014-04-04,5.191865921020508,5.191865921020508,5.013090488074569,5.046265228489479,9932398
2014-04-08,5.2877044677734375,5.324564844191678,5.1439463864422015,5.177121123857616,9220619
2014-04-09,5.483068943023682,5.49228415070122,5.285863055792006,5.285863055792006,10200894
2014-04-10,5.436992645263672,5.634198966019955,5.4185622307878205,5.492283888691227,15555667
2014-04-11,5.175278663635254,5.346682378713444,5.15131868543656,5.346682378713444,21718735
2014-04-14,5.22504186630249,5.247157918330413,5.15684889724289,5.160534536803971,12410647
2014-04-15,5.19555139541626,5.34483859568147,5.16237665888275,5.243471345162412,10611578
2014-04-16,5.149475574493408,5.190022476291894,5.1070851887718565,5.132888205575846,8145159
2014-04-17,5.2010817527771,5.232413453161177,5.14210443440707,5.193709145048571,10107145
2014-04-18,5.250843524932861,5.274803501900518,5.171592758508045,5.173435799587692,6324449
2014-04-21,5.326408863067627,5.416718772921251,5.16053470260447,5.217669426019621,15102380
2014-04-22,5.153162956237793,5.372485756479636,5.0517952419546654,5.306135383912678,12887048
2014-04-23,4.965172290802002,5.1586920695527425,4.930153620360735,5.153162945672216,16557579
2014-04-24,4.79192590713501,4.996503950031549,4.62789389007842,4.937526623915742,18436118
2014-04-25,4.812198162078857,4.812198162078857,4.662911828862522,4.756906484622025,14459200
2014-04-28,4.592875957489014,4.8969786421964585,4.589189875078797,4.738476655624857,25242149
2014-04-29,4.664754867553711,4.679499198152506,4.552328903805593,4.585503647652882,12430645
2014-04-30,4.758749485015869,4.817727244269216,4.670283510534238,4.670283510534238,9888661
2014-05-05,4.812198162078857,4.823256851916035,4.71267349700237,4.758749525772844,7300505
2014-05-06,4.876705646514893,4.930153398691237,4.815884400699144,4.830628730384281,11922528
2014-05-07,4.686870574951172,4.893292959843763,4.664754523615927,4.865646899077093,12010093
2014-05-08,4.624207496643066,4.782709477684733,4.607620126375803,4.685027854289699,13714127
2014-05-09,4.508095741271973,4.6629120925605,4.462019709895798,4.6444816800100295,8416331
2014-05-12,4.6592254638671875,4.677655874257131,4.498879564677968,4.568915567091991,9167417
2014-05-13,4.688714504241943,4.753220945886317,4.637108907994171,4.681341896550313,7734888
2014-05-14,4.600247383117676,4.6702833873337,4.543113552371055,4.644481255056137,11125472
2014-05-15,4.491507530212402,4.626049516675908,4.4417454256300095,4.600246943929482,11240066
2014-05-16,4.585503578186035,4.585503578186035,4.441746357025595,4.533898421872031,12682998
2014-05-19,4.605778217315674,4.6555398974164115,4.4417470725334285,4.559702177470204,10591832
2014-05-20,4.6592254638671875,4.7513775158169045,4.618678118077075,4.681341513402883,11707758
2014-05-21,4.73663330078125,4.73663330078125,4.589189571203358,4.637108639363192,13207194
2014-05-22,4.828785419464111,4.996503046129318,4.756906373331558,4.810355451319365,38244220
2014-05-23,5.057324409484863,5.061010049178941,4.786396007648891,4.861960701489719,30401854
2014-05-26,5.2600579261779785,5.2987622258657305,5.077596001323064,5.129201586596007,36423444
2014-05-27,5.258216857910156,5.263745538979905,5.138418728266611,5.263745538979905,16201599
2014-05-28,5.3135085105896,5.378014513980438,5.234256847813697,5.27111811721637,22689056
2014-05-29,5.018620491027832,5.285862831114268,4.968858371684284,5.272961540914089,29462887
2014-05-30,4.872697353363037,5.035244479078872,4.8468382391395615,5.035244479078872,26642304
2014-06-03,4.928110599517822,5.042631931265503,4.802507045115622,4.857919934029741,18307364
2014-06-04,4.942888259887695,4.979830931448065,4.769258902112173,4.887475362323266,15713054
2014-06-05,4.96135950088501,4.987218614678632,4.846838158570964,4.876391938804158,16052263
2014-06-06,5.123906135559082,5.134989247921037,4.935500327973152,4.935500327973152,25844527
2014-06-09,5.183013439178467,5.297534774835658,5.053715214263626,5.098045882036579,24945044
2014-06-10,5.533965110778809,5.61893265594471,4.935498960644439,5.238426479460511,39152766
2014-06-11,5.637404918670654,5.984663641336497,5.437915997452967,5.530272456290907,35281040
2014-06-12,5.61523962020874,5.79256274767206,5.54504894739196,5.596767619517793,19386644
2014-06-13,5.596768379211426,5.703902180131364,5.530272807763549,5.622628384650166,19826447
2014-06-16,5.785174369812012,5.855365048831088,5.611545449580247,5.615240116391167,20703175
2014-06-17,5.652182102203369,5.966192835534781,5.630017207924006,5.807340357353255,21304720
2014-06-18,5.604157447814941,5.76300947644844,5.541354770684904,5.726066803532618,17913379
2014-06-19,5.301230430603027,5.681736763607656,5.171931726815415,5.611546076743853,17767660
2014-06-20,5.448999881744385,5.4600825518363045,5.245816708904818,5.286453609819045,11721187
2014-06-23,5.792562007904053,5.866446893859014,5.478551797483432,5.478551797483432,21254995
2014-06-24,5.829504013061523,5.862752901103,5.696512012178719,5.77039645711361,14768356
2014-06-25,5.6743483543396,5.825811499334236,5.670653243469982,5.8110346071396375,10948810
2014-06-26,5.740843296051025,5.829504639500448,5.633710839382973,5.633710839382973,13982713
2014-06-27,6.021605491638184,6.04377127283496,5.6595707614741455,5.744537443827881,28951070
2014-06-30,6.099184513092041,6.165680075078345,5.977273837216765,6.021604951725009,23194793
2014-07-01,6.154599189758301,6.343005011092332,6.062242280858431,6.125044961153923,23701807
2014-07-02,6.391028881072998,6.391028881072998,6.065936414019723,6.184151977651028,23384337
2014-07-03,6.291284561157227,6.464913909690655,6.261730780610405,6.391029014413176,21261479
2014-07-04,6.125044822692871,6.261731517722696,6.021605690781598,6.25803729471947,27160502
2014-07-07,6.1361260414123535,6.206316710872218,6.054853148670874,6.091795372644274,12867230
2014-07-08,6.224787712097168,6.2358703790919865,5.888612148189808,6.121349042901795,13921717
2014-07-09,5.921861171722412,6.206316741638093,5.910778060565045,6.206316741638093,21885580
2014-07-10,5.877530574798584,6.0216052616570215,5.847976792878905,5.921861691588551,10296767
2014-07-11,5.696512222290039,5.932942898712636,5.537659772000101,5.884918007733597,21914776
2014-07-14,5.966192245483398,5.966192245483398,5.615239760454964,5.670652656538808,19433451
2014-07-15,5.833199977874756,6.07332490300933,5.674347954077577,5.977274222698776,20479984
2014-07-16,5.581991195678711,5.818423235814962,5.5376605210860115,5.799951233580409,21959529
2014-07-17,5.430527210235596,5.6078503248515394,5.301228985602405,5.58568543492374,17029857
2014-07-18,5.40466833114624,5.559826588015281,5.349254541147158,5.412057221201874,11802999
2014-07-21,5.497023582458496,5.563520481648221,5.323394664418381,5.4046680111129355,13221190
2014-07-22,5.689125061035156,5.707595731765668,5.4674699097015065,5.485941912163426,16720137
2014-07-23,5.504411697387695,5.740842814578022,5.426833028375818,5.68542903565914,13708709
2014-07-24,5.227344036102295,5.485940926337465,5.1867071472841335,5.485940926337465,25717033
2014-07-25,5.304922580718994,5.319699469433931,5.1867070270891205,5.2273439149655765,14461269
2014-07-28,5.3751139640808105,5.404667745458741,5.194096609230549,5.264286396092695,19769871
2014-07-29,5.441610813140869,5.526577489960278,5.301229464983735,5.356642804590155,20698556
2014-07-30,5.415750980377197,5.4637758762069755,5.371420307303556,5.400974089352649,12125710
2014-07-31,5.4342217445373535,5.448999079728753,5.364031067042418,5.441611077998738,13266786
2014-08-01,5.231039047241211,5.44161107979555,5.2199559348663875,5.375114181188436,17700936
2014-08-04,5.415750980377197,5.4231389819790214,5.201484728789916,5.238427844172182,20148569
2014-08-05,5.703901767730713,5.726066660670458,5.441611060515756,5.441611060515756,32533653
2014-08-06,5.907085418701172,6.040077451255003,5.737149823150907,5.7445378254934045,43251420
2014-08-07,6.498161792755127,6.498161792755127,6.099184847667704,6.099184847667704,63616858
2014-08-08,6.634849548339844,6.775230016784642,6.542493089173661,6.7715357939308305,55871441
2014-08-11,6.645930767059326,6.716121439256428,6.520327200651585,6.686567658925195,32081316
2014-08-12,6.575740337371826,6.664402113575113,6.475995894631927,6.616376337429029,31619314
2014-08-13,6.405806064605713,6.660707872096026,6.29128471821736,6.564658526831438,33015490
2014-08-14,6.361475944519043,6.4612204089176375,6.28020215111518,6.3540870546464845,26721654
2014-08-15,6.361475944519043,6.361475944519043,6.361475944519043,6.361475944519043,0
2014-08-18,6.535103797912598,6.686566905033118,6.413193136060084,6.464913133629301,43054454
2014-08-19,6.664403438568115,6.668097217570991,6.379946942509272,6.483385184082887,28480052
2014-08-20,6.793701648712158,6.967330124726047,6.59421272461995,6.649626511939103,35345124
2014-08-21,6.738287448883057,6.926693692759521,6.608989211601137,6.790006566231649,29464260
2014-08-22,6.852808952331543,6.856502730934124,6.612683157255221,6.68656760751524,23743235
2014-08-25,7.011662006378174,7.08554691152943,6.771536175614216,6.841726857703433,23096029
2014-08-26,6.634849548339844,6.989495830126569,6.61268376730652,6.9747189387113275,28096029
2014-08-27,6.479691028594971,6.716121725222244,6.431666133511865,6.53141059028722,15186462
2014-08-28,6.490773677825928,6.679179922732943,6.435359893596036,6.479691009762037,15398465
2014-08-29,6.62376594543457,6.638542835755709,6.464913930571897,6.464913930571897,7600624
2014-09-01,6.668096542358398,6.723510324357808,6.5757409788767545,6.612683204269412,11520071
2014-09-02,6.634849548339844,6.756758902515589,6.494468192074125,6.7419820111003474,23624276
2014-09-03,7.299810886383057,7.299810886383057,6.579435264740757,6.627460158213434,61535023
2014-09-04,7.340446949005127,7.410637613904267,7.177900730173402,7.273950950173666,37997751
2014-09-05,7.325671195983887,7.728343249192715,7.281340079313766,7.469746770273721,30035512
2014-09-09,7.152041912078857,7.388473057005604,7.022743671313648,7.362613941545103,32043868
2014-09-10,7.063380241394043,7.1889847054299265,7.033826458755227,7.055992239644796,25329192
2014-09-11,7.248092174530029,7.510382863725977,7.092933939416868,7.092933939416868,43249787
2014-09-12,7.273951530456543,7.358918202942399,7.203760859957909,7.248091973292461,13192547
2014-09-15,7.214844703674316,7.344142058710561,7.133570913658332,7.318283386742135,17073113
2014-09-16,6.790005683898926,7.237008344253112,6.7678407946830585,7.229620343788076,27148322
2014-09-17,6.668096542358398,6.830642777996515,6.531410308405565,6.760452105840043,19071521
2014-09-18,6.775229454040527,6.889750796907078,6.612683218063342,6.631153886887778,12636857
2014-09-19,6.797395706176758,6.874974385060876,6.653320128999629,6.812172597392781,13705342
2014-09-22,6.653319835662842,6.745675401691138,6.509244708748264,6.690262062074161,20760042
2014-09-23,6.642237663269043,6.679180336346824,6.5387989776900985,6.608989657018461,15953731
2014-09-24,6.793701648712158,6.793701648712158,6.620072728787803,6.642237622240812,17243944
2014-09-25,7.207454681396484,7.462357348134073,6.838031568928716,6.838031568928716,47517939
2014-09-26,7.310894966125488,7.4845243379549204,7.1187944789760085,7.203762053358719,32790872
2014-09-29,7.225926876068115,7.429110030391715,7.159431305486825,7.307200670490133,16840623
2014-09-30,7.277645587921143,7.384778036600741,7.188983807172451,7.262868698448094,12213721
2014-10-08,7.163124084472656,7.340447197947287,7.137264084584146,7.225925419366265,19716832
2014-10-09,7.0449090003967285,7.211149014271775,6.948858326781413,7.192678345529414,21851925
2014-10-10,6.753065586090088,7.059687455843972,6.727206022642423,7.0559932324943055,32834970
2014-10-13,6.464913845062256,6.741981422739774,6.450136954936567,6.741981422739774,47721134
2014-10-14,6.2802019119262695,6.538798842481628,6.173069449556334,6.501856170167743,62418585
2014-10-15,6.0585479736328125,6.2949786744876475,5.9661924045139125,6.272813781809561,66033364
2014-10-16,6.143515110015869,6.213705781531104,5.984663098368237,6.0474644370516,48446118
2014-10-17,6.420583248138428,6.431666360536181,6.113961865502312,6.154598760532856,57399476
2014-10-20,6.324533462524414,6.420583706853701,6.250648556753312,6.420583706853701,35866633
2014-10-21,6.232176780700684,6.30606122946712,6.132431887045173,6.2986732285008875,30038583
2014-10-22,6.1878461837768555,6.3836404332532615,6.161986624551163,6.195234185359463,24269769
2014-10-23,5.973580837249756,6.150903986666009,5.951415942972017,6.1139622002627885,23430818
2014-10-24,6.102878093719482,6.147209206789374,5.947719863840479,5.947719863840479,18581000
2014-10-27,6.3282270431518555,6.387335046403677,6.102878141431495,6.147209254847965,25237474
2014-10-28,6.387336254119873,6.475997609896056,6.328228239691921,6.328228239691921,28783361
2014-10-29,6.40211296081543,6.494468537066711,6.3430049481041255,6.420583632155202,31282030
2014-10-30,6.239565372467041,6.427971178571276,6.2137062568607,6.405806285753049,30079627
2014-10-31,6.269118309020996,6.394722754692777,6.1324316403904024,6.228482307744303,33273742
2014-11-03,6.1989288330078125,6.276507504891526,6.139821273477363,6.20262261156805,21135262
2014-11-04,6.479691028594971,6.501855920876732,6.180457214358463,6.19892921567285,49818852
2014-11-05,6.952552318572998,7.126181215657242,6.475996296215714,6.475996296215714,93256808
2014-11-06,6.771535873413086,6.8934452290197665,6.653320296793112,6.8934452290197665,47138263
2014-11-07,6.945165157318115,7.129877187867785,6.760452682857985,6.771535795332171,53273739
2014-11-10,6.712428569793701,6.97102507053857,6.616377882886714,6.967330403586317,40338781
2014-11-11,6.48707914352417,6.753064514213327,6.246954219999032,6.6570142784570026,34457267
2014-11-12,6.719815731048584,6.74198151043586,6.391029033654473,6.427970815538792,23273412
2014-11-13,6.498161792755127,6.72351071238701,6.439054228715642,6.712428044129606,19799128
2014-11-14,6.357781887054443,6.420583679367109,6.272814312367996,6.420583679367109,12957288
2014-11-17,6.575740337371826,6.612682559160538,6.357780340997672,6.357780340997672,19204668
2014-11-18,6.416889667510986,6.645931489992837,6.36886388142772,6.612683927414007,20559969
2014-11-19,6.55726957321167,6.671790918475497,6.339309550556926,6.413194003042986,33968808
2014-11-20,6.3503923416137695,6.47230213449099,6.3503923416137695,6.47230213449099,22799198
2014-11-21,6.453831672668457,6.48338545722027,6.357781872875065,6.357781872875065,18681992
2014-11-24,6.668096542358398,6.708733434200745,6.413193855417791,6.505550306720282,33593958
2014-11-25,6.8823628425598145,6.945164626285718,6.579435259915351,6.605295261830562,38758048
2014-11-26,6.900834083557129,7.019049659574662,6.771535838904557,6.882363413075862,30413229
2014-11-27,6.7641472816467285,6.959941522032647,6.649625937911015,6.900833516922072,23304541
2014-11-28,6.668096542358398,6.826948999367673,6.586823202584129,6.727204546897074,19490194
2014-12-01,6.398416519165039,6.612682743235146,6.376251629385197,6.605294742582126,28481380
2014-12-02,6.4095001220703125,6.516633464286733,6.350392117114055,6.354086339679419,25021437
2014-12-03,6.608989715576172,6.608989715576172,6.250648313836349,6.376252781939043,43002711
2014-12-04,6.6311540603637695,6.6311540603637695,6.501855823926792,6.5461873834710484,32070021
2014-12-05,6.394723892211914,6.623766602739316,6.265425201250228,6.612683933898681,41196277
2014-12-08,6.202622890472412,6.394723355405104,6.169375330651954,6.35039223985348,39633342
2014-12-09,6.062242031097412,6.306062076508212,5.980969570448086,6.169375827930373,32241424
2014-12-10,6.25064754486084,6.269118657335778,6.014216861271212,6.051159530131506,20592033
2014-12-11,6.560964107513428,6.575740997712819,6.176763186687561,6.198928965897072,53008411
2014-12-12,6.583129405975342,6.797395658847117,6.583129405975342,6.797395658847117,73126672
2014-12-15,6.660708904266357,6.760453375469204,6.524022644643521,6.583130216372315,43935048
2014-12-16,6.475996971130371,6.660708110778273,6.47230230442696,6.660708110778273,29939265
2014-12-17,6.283896446228027,6.475996460216872,6.258036444807052,6.475996460216872,23941693
2014-12-18,6.254342079162598,6.391029206112438,6.206317184333503,6.272813636468843,17904025
2014-12-19,6.143515110015869,6.317144455595987,6.058547548478569,6.198928891509037,21347708
2014-12-22,5.947720527648926,6.143515670020012,5.53027245865278,6.143515670020012,34807860
2014-12-23,5.6447930335998535,5.951414819028535,5.578296587682771,5.947719708874034,25532362
2014-12-24,5.770397663116455,5.836894565276367,5.6484883034950455,5.6484883034950455,16475427
2014-12-25,6.084407806396484,6.132432257082099,5.7851739951947145,5.833199777611642,29173372
2014-12-26,6.143515110015869,6.22848267155317,6.01421687841237,6.128738219993803,26489272
2014-12-29,5.962498188018799,6.1324333485006495,5.825811925226401,6.1324333485006495,21063321
2014-12-30,5.751925945281982,5.932942840265892,5.740842834331752,5.873835282720126,9356119
2014-12-31,5.969886779785156,6.0216059036587,5.770397842737643,5.770397842737643,15369422
2015-01-05,5.888612270355225,5.984662940790454,5.788867821422156,5.881224269449138,20224506
2015-01-06,6.20631742477417,6.23587120735241,5.8664480373034955,5.903389821615839,33796438
2015-01-07,6.132431507110596,6.243259061214754,6.0770181739688995,6.21001017350897,18417465
2015-01-08,6.099184513092041,6.221093857236045,6.084407622892767,6.113961403291314,15418735
2015-01-09,6.051159381866455,6.184151832337858,6.051159381866455,6.099184273124592,17031916
2015-01-12,5.977274417877197,6.1102677743215255,5.95510952433551,6.021605536691974,9949330
2015-01-13,6.176764011383057,6.187846680512312,5.9107790644599785,5.973580856192422,15719288
2015-01-14,6.317144393920898,6.4427475139717645,6.099184380402553,6.1324319387171835,42088467
2015-01-15,6.3393096923828125,6.516633714047829,6.3393096923828125,6.3799465860697255,27469675
2015-01-16,6.254342079162598,6.313450529850055,6.19523407238558,6.313450529850055,28550019
2015-01-19,6.435359954833984,6.520327521376122,5.936638555481843,6.221094149072304,49879156
2015-01-20,6.6274590492248535,6.6422359370514865,6.343003070741454,6.424275953787938,43585531
2015-01-21,6.767841339111328,6.786312007625331,6.505550210953327,6.616376885499842,53603945
2015-01-22,6.6939568519592285,6.867586207112348,6.642237290120035,6.8343373149086935,45793412
2015-01-23,6.645930767059326,6.8343370044917835,6.5018556440341415,6.6976507704598305,33483716
2015-01-26,6.701345920562744,6.797396614117467,6.557270768051687,6.653321017695896,34464228
2015-01-27,6.7641472816467285,6.790006395761367,6.60160015661504,6.741981502286246,29029389
2015-01-28,7.104016304016113,7.370001204419456,6.723510065395998,6.749370066085261,53637701
2015-01-29,7.0707688331604,7.181595062519978,6.941470159857924,7.055991499480657,17277863
2015-01-30,6.786312580108643,7.092934403951414,6.786312580108643,7.085546402268823,17702118
2015-02-02,6.727205276489258,6.834337741746907,6.538799018732449,6.79000706646788,19422096
2015-02-03,6.874974250793457,6.882363140167619,6.642237330865516,6.7272048976086944,18526954
2015-02-04,6.808477878570557,7.148347683509896,6.7789240982915935,6.893444552962152,20626724
2015-02-05,6.701345920562744,6.908222869130448,6.649627238308961,6.863892189561049,18375897
2015-02-06,6.472301483154297,6.734592155993067,6.472301483154297,6.686567265778508,16756387
2015-02-09,6.40211296081543,6.501856539256329,6.317145386753767,6.446443637416045,15279528
2015-02-10,6.498161792755127,6.509244904922979,6.376252441923689,6.4021124451014115,12596409
2015-02-11,6.590517520904541,6.6385424113781895,6.4759961843262115,6.4981610744805725,11269412
2015-02-12,6.55726957321167,6.668096695851194,6.505550456471428,6.62746024698386,11818409
2015-02-13,6.878668308258057,6.945165207946068,6.6052958150267145,6.61268381687926,27453109
2015-02-16,7.425416946411133,7.565797878501671,6.900835007870039,6.900835007870039,61010238
2015-02-17,7.277645587921143,7.558407375729861,7.244397586606784,7.510382484942455,25369011
2015-02-25,7.277645587921143,7.277645587921143,7.277645587921143,7.277645587921143,0
2015-02-26,7.6840128898620605,7.8317818050884345,7.351531054960864,7.418027066812732,38687685
2015-02-27,7.680316925048828,7.787449364289801,7.536241377559208,7.684011147091621,19159214
2015-03-02,8.286174774169922,8.448720615819031,7.839171933992632,7.839171933992632,43225275
2015-03-03,8.219676971435547,8.40069478014971,8.071907168599733,8.286172983192246,29657108
2015-03-04,8.149486541748047,8.411777247442553,7.983244740693392,8.201204772944472,23867038
2015-03-05,8.282479286193848,8.297256178633562,7.9795521033587375,8.182735262225782,20141233
2015-03-06,7.89088773727417,8.755339263636907,7.89088773727417,8.348973055265617,31550946
2015-03-09,8.086684226989746,8.108849564699415,7.610128578410915,7.684013037443146,25002011
2015-03-10,8.45980167388916,8.795976816654466,7.942608736794449,7.953690516719015,33430584
2015-03-11,9.305781364440918,9.305781364440918,8.821836427677727,9.302087141836937,68018058
2015-03-12,9.198649406433105,9.383361434443124,8.858780020664234,9.231897411667145,45063073
2015-03-13,9.224509239196777,9.37227904354443,8.954830078714584,9.191261232978267,27553052
2015-03-16,9.545907974243164,9.789727563246995,9.235591488004909,9.239286598571,40433117
2015-03-17,9.261451721191406,9.534825112050608,9.087822351711022,9.534825112050608,41465529
2015-03-18,9.60132122039795,9.789727466359205,9.475716760483483,9.475716760483483,45385373
2015-03-19,9.409221649169922,9.586545243918216,9.161706928441925,9.42030431835288,39450731
2015-03-20,9.339031219482422,9.475717469935681,9.198649858222986,9.457246355009564,27239693
2015-03-23,9.959661483764648,10.081571718189563,9.272533412170144,9.394442758774192,41791412
2015-03-24,9.885777473449707,9.930108146924916,9.468328522583008,9.930108146924916,30187095
2015-03-25,10.875831604003906,10.875831604003906,9.605014657121037,9.808197777290205,54338823
2015-03-26,10.87952709197998,11.958244599216178,10.450995467354355,10.849973309291443,64674439
2015-03-27,11.969326972961426,11.969326972961426,10.897998825601372,10.897998825601372,49590916
2015-03-30,11.969326972961426,11.969326972961426,11.969326972961426,11.969326972961426,0
2015-03-31,11.969326972961426,11.969326972961426,11.969326972961426,11.969326972961426,0
2015-04-01,11.969326972961426,11.969326972961426,11.969326972961426,11.969326972961426,0
2015-04-02,11.969326972961426,11.969326972961426,11.969326972961426,11.969326972961426,0
2015-04-03,11.969326972961426,11.969326972961426,11.969326972961426,11.969326972961426,0
2015-04-07,11.969326972961426,11.969326972961426,11.969326972961426,11.969326972961426,0
2015-04-08,11.969326972961426,11.969326972961426,11.969326972961426,11.969326972961426,0
2015-04-09,11.969326972961426,11.969326972961426,11.969326972961426,11.969326972961426,0
2015-04-10,11.969326972961426,11.969326972961426,11.969326972961426,11.969326972961426,0
2015-04-13,11.969326972961426,11.969326972961426,11.969326972961426,11.969326972961426,0
2015-04-14,11.969326972961426,11.969326972961426,11.969326972961426,11.969326972961426,0
2015-04-15,13.166259765625,13.166259765625,13.166259765625,13.166259765625,2608832
2015-04-16,14.48140811920166,14.48140811920166,12.929828360779736,14.148926298486517,49672261
2015-04-17,14.222809791564941,15.434520089741705,13.543071080830817,15.434520089741705,90233985
2015-04-20,12.800532341003418,13.779505049682749,12.800532341003418,13.779505049682749,37323772
2015-04-21,13.321418762207031,13.543073932927769,12.560406108973766,12.560406108973766,47730458
2015-04-22,13.598484992980957,14.093512600982285,13.336193410641227,13.591096547721857,42313199
2015-04-23,13.443325996398926,14.012237987327724,13.110844224810295,13.602177550018101,39164816
2015-04-24,13.254919052124023,13.742557240646336,12.940908408606571,13.225365276323927,32299046
2015-04-27,13.639122009277344,14.222810984668625,13.413773531679745,13.428551310633546,38354737
2015-04-28,13.003711700439453,13.927270853306139,12.859637026592438,13.742558845168638,26285457
2015-04-29,13.081294059753418,13.136707407713503,12.62690283083872,13.003714484788297,30501918
2015-04-30,14.333638191223145,14.389052419382232,13.299252286959767,13.299252286959767,65582410
2015-05-04,15.04293155670166,15.767000976815034,14.573763501223702,14.776946636217739,69115016
2015-05-05,15.002294540405273,16.43565635094401,14.411215418295065,14.411215418295065,57017900
2015-05-06,15.209174156188965,16.202922829966457,14.8508327411399,14.8508327411399,41492117
2015-05-07,14.370580673217773,15.652481296056173,14.348415336689017,15.257196797830678,23037661
2015-05-08,15.316302299499512,15.327385854092336,14.13784184812201,14.813887184679244,24280252
2015-05-11,16.849414825439453,16.849414825439453,14.776946978113546,15.404967511005612,42040091
2015-05-12,16.4504337310791,17.713863128346112,15.988655039770673,16.84941330457567,43769330
2015-05-13,15.730058670043945,16.80877511542839,15.146368004829297,15.87782755964687,41576973
2015-05-14,14.813889503479004,15.7005074231279,14.533127680152386,15.7005074231279,51742933
2015-05-15,14.972740173339844,15.319998874374807,14.34102633129127,14.924716167223343,30721350
2015-05-18,14.736309051513672,15.811330430837613,14.566373933694136,14.954269060419806,45827288
2015-05-19,15.135287284851074,15.331080189452578,14.363191231373973,14.776945926851534,41897124
2015-05-20,15.279363632202148,15.840887256363168,15.102039167554304,15.146369839805825,46813707
2015-05-21,15.881521224975586,16.07731589559984,14.77694520089554,15.25350165543611,43529000
2015-05-22,14.980125427246094,16.195530621942687,14.843439219774302,16.066231970297345,72646247
2015-05-25,14.754780769348145,14.776946104605983,14.341026068893457,14.776946104605983,46586972
2015-05-26,16.177059173583984,16.210308058944218,14.994902823032053,14.994902823032053,63475551
2015-05-27,16.032983779907227,16.956542827048303,15.626617586088184,16.63514462666893,61101873
2015-05-28,14.961660385131836,16.83463771277911,14.573765183741267,16.03668374702573,58374713
2015-05-29,15.072484970092773,15.693116140128048,14.425993354136908,15.28674988006198,46950876
2015-06-01,16.34330177307129,16.39132577565126,14.95426884686273,15.179617297333289,64398463
2015-06-02,17.976158142089844,17.976158142089844,16.41719057476789,16.605596851831066,70008253
2015-06-03,18.914487838745117,19.50556513979554,17.484819472558538,18.61895007604063,76472222
2015-06-04,18.249526977539062,19.31346652589208,17.096926096096887,19.210028303954722,53314848
2015-06-05,17.699085235595703,19.062259448983337,17.355521681450465,18.308634565117554,56779858
2015-06-08,16.79769515991211,18.519210195199115,16.402412407711395,17.772973591534793,61117875
2015-06-09,16.398714065551758,17.296412651599702,16.077314096472517,16.80507847495277,45447668
2015-06-10,17.366605758666992,17.880105378465785,16.25464206026061,16.420881194275164,52447774
2015-06-11,16.5908203125,17.688009100598798,16.254645095526048,17.44049346951757,57944615
2015-06-12,16.609285354614258,17.045205354998885,16.295275576088724,16.73489068653771,46052153
2015-06-15,14.946880340576172,16.76813816070541,14.946880340576172,16.61667593327117,90282727
2015-06-16,13.450716018676758,14.451854851324795,13.450716018676758,14.451854851324795,93113231
2015-06-17,14.31886100769043,14.425993463487105,12.9372164232495,13.450715142192536,58097329
2015-06-18,12.885496139526367,14.21911668890229,12.885496139526367,14.082429567338203,61895579
2015-06-19,13.476574897766113,13.709311813655658,12.1762040796114,12.190980970282427,70977909
2015-06-23,13.964214324951172,14.35210857543037,12.312889764210317,13.302945833718695,56746814
2015-06-24,13.709310531616211,14.440769214891585,13.483962082135859,14.100899873420309,52208808
2015-06-25,13.236449241638184,13.761031512234766,12.33875048991107,13.724088398559402,56331049
2015-06-26,11.91391372680664,12.745117402365178,11.91391372680664,12.597347603562065,32638924
2015-06-29,10.724369049072266,12.320278539422533,10.724369049072266,12.301807426419927,47860900
2015-06-30,11.293280601501465,11.559265504696624,9.653039625280641,10.02985208936926,72142560
2015-07-01,11.082710266113281,12.3313620272256,10.853667561829408,11.008824921368829,73035111
2015-07-02,10.301926612854004,11.68957843082746,10.087303067644278,10.919893624846432,49960280
2015-07-03,9.621050834655762,10.934693782131337,9.273212382555917,9.991090738313819,51121186
2015-07-06,9.177000045776367,10.583154325679457,8.65894460997464,10.583154325679457,77715950
2015-07-07,9.177000045776367,9.177000045776367,9.177000045776367,9.177000045776367,0
2015-07-08,9.177000045776367,9.177000045776367,9.177000045776367,9.177000045776367,0
2015-07-09,9.177000045776367,9.177000045776367,9.177000045776367,9.177000045776367,0
2015-07-10,9.177000045776367,9.177000045776367,9.177000045776367,9.177000045776367,0
2015-07-13,9.177000045776367,9.177000045776367,9.177000045776367,9.177000045776367,0
2015-07-14,10.094701766967773,10.094701766967773,10.094701766967773,10.094701766967773,1043741
2015-07-15,9.961487770080566,11.104912788505153,9.946686209279154,11.104912788505153,89413175
2015-07-16,10.468442916870117,10.64606253427559,9.169601521105998,9.95408779410388,46907395
2015-07-17,11.508257865905762,11.51565953667481,10.472144903477984,10.642363766495084,58363333
2015-07-20,11.74508285522461,12.31864510971638,11.445350362394212,11.833893108535793,71269994
2015-07-21,12.170628547668457,12.455559457464386,11.471252193094983,11.656272576224568,58550791
2015-07-22,12.074419021606445,12.50736646955263,11.656274024308347,12.170630059651783,56508946
2015-07-23,12.39265251159668,12.418555240067795,11.870894884483794,12.137324727364119,57659333
2015-07-24,11.830190658569336,12.566570896853827,11.685875456334944,12.499963880437955,65635431
2015-07-27,10.908791542053223,11.989309959111578,10.646062940734572,11.47125353709443,56327992
2015-07-28,10.324127197265625,10.916192263335716,9.81717110093117,10.61645889566064,65012736
2015-07-29,10.77187728881836,10.77187728881836,9.473034931465081,10.472143889857977,62261982
2015-07-30,9.695059776306152,10.760776709342753,9.695059776306152,10.509149260722188,60092343
2015-07-31,9.646954536437988,9.95408872786584,9.498938026497946,9.498938026497946,41298072
2015-08-03,9.062291145324707,9.399028497232122,8.703352337228198,9.399028497232122,58333990
2015-08-04,9.702459335327148,9.702459335327148,9.036387336544726,9.102993469259273,43447577
2015-08-05,9.85417652130127,10.287123956293806,9.772767047036632,9.843075350624696,51019970
2015-08-06,9.987390518188477,10.427738731373237,9.39162591632893,9.580346706165699,50075373
2015-08-07,10.875489234924316,10.975400673675773,10.198315065198853,10.198315065198853,60519475
2015-08-10,11.437948226928711,11.67477405886168,10.69786761330106,11.027202299145877,59131674
2015-08-11,11.160419464111328,11.967108144459282,11.056808530864593,11.545261851919816,62808079
2015-08-12,10.731170654296875,11.256628684365888,10.731170654296875,11.027202733549164,39386617
2015-08-13,11.086410522460938,11.093811302651336,10.361131395892695,10.686766613573289,37252658
2015-08-14,10.886590003967285,11.345439288115191,10.831083260449072,11.164120164345881,37170146
2015-08-17,11.215924263000488,11.282532174535046,10.453641229553249,10.731171378154144,43398376
2015-08-18,10.094701766967773,11.426848457575364,10.094701766967773,11.426848457575364,45917915
2015-08-19,10.216815948486328,10.45364090916207,9.13999800889854,9.658054388982835,34271601
2015-08-20,9.676556587219238,10.209414541012467,9.621050735637251,9.987390245381443,22369097
2015-08-21,8.843965530395508,9.621051033841372,8.832865249038134,9.439731023750463,28756042
2015-08-24,7.959568500518799,8.470224058976926,7.959568500518799,8.251900176838598,19431898
2015-08-25,7.163982391357422,7.249091813995589,7.163982391357422,7.163982391357422,67867059
2015-08-26,6.62372350692749,7.511820732042557,6.446103884043852,7.215788175453682,50441668
2015-08-27,7.230589866638184,7.230589866638184,6.727334555850463,6.727334555850463,45111762
2015-08-28,7.756046772003174,7.770848331974553,7.182483655203093,7.404508388728352,46038625
2015-08-31,6.993764400482178,7.589529022021512,6.993764400482178,7.585828631692736,34513027
2015-09-01,6.6422247886657715,7.126978567216176,6.627423228035508,6.875350257895514,40313697
2015-09-02,7.308298110961914,7.308298110961914,6.357294672469508,6.546015470809622,76421094
2015-09-07,7.197286605834961,7.878161163986193,7.1602831434082255,7.400808984069085,60456609
2015-09-08,7.696841239929199,7.7634473766225405,6.964160396755461,7.086274167052128,43918502
2015-09-09,8.144590377807617,8.270404554167158,7.567327635060474,7.678339358933678,58892778
2015-09-10,7.855959892272949,8.137189592627713,7.815254704234149,7.952169163617389,29899023
2015-09-11,7.941067695617676,8.066880963845358,7.778248746363867,7.855958720051891,21402372
2015-09-14,7.145479679107666,8.03727721508936,7.145479679107666,7.955868636114547,31620448
2015-09-15,6.9752607345581055,7.126978054048763,6.64592558959648,6.864249482475873,27074476
2015-09-16,7.674638271331787,7.674638271331787,6.986363422550598,6.986363422550598,25702704
2015-09-17,7.733842849731445,8.137187101414883,7.659835056506217,7.77084763564703,34012162
2015-09-18,8.037277221679688,8.126086580634121,7.68203889655891,7.881859954206386,29061602
2015-09-21,8.518329620361328,8.592337418844838,7.874459105645681,7.985471692673982,34401419
2015-09-22,8.392518043518066,8.677449014039263,8.362914028893506,8.621942264758522,30750423
2015-09-23,8.288907051086426,8.529433357869909,8.200096776867365,8.288907051086426,21966651
2015-09-24,8.514629364013672,8.647844292676886,8.307406635705922,8.54053209388926,21039699
2015-09-25,7.952167510986328,8.492427122563194,7.76344673040209,8.455423222311984,26676102
2015-09-28,8.62934398651123,8.62934398651123,7.848557994322524,8.096485059660724,29457759
2015-09-29,8.88096809387207,9.01418210837751,8.25189924635441,8.43691960024818,48289038
2015-09-30,8.681146621704102,8.980879978805632,8.473924789657833,8.91057257150422,30513175
2015-10-08,9.01418399810791,9.49893687556522,8.958678147094417,9.121496199370398,54277947
2015-10-09,9.269512176513672,9.31391685485807,8.921673750876522,9.00308232784125,34853714
2015-10-12,9.732063293457031,9.987391122459771,9.295415444060126,9.32501945680671,39035026
2015-10-13,9.84677505493164,9.972589214501252,9.602549295002579,9.695059052551466,42131890
2015-10-14,10.068799018859863,10.542450698123838,9.772766052342618,9.824572399530096,49964118
2015-10-15,10.357431411743164,10.357431411743164,10.00959295055524,10.21311530307105,46581877
2015-10-16,10.36113166809082,10.657163772786905,10.202014889817091,10.60165791990072,46318865
2015-10-19,10.065098762512207,10.472143465859594,9.898581202390819,10.394435271136278,46730174
2015-10-20,10.25381851196289,10.305624859153696,9.991089943371799,9.998491612373071,33542568
2015-10-21,9.228804588317871,10.316723370124388,9.228804588317871,10.25751714779554,44292666
2015-10-22,9.695059776306152,9.769067587870087,9.177002427449043,9.251011128316168,40873533
2015-10-23,10.109502792358398,10.20571382129629,9.732062124487891,9.861575773996334,43205069
2015-10-26,11.119715690612793,11.119715690612793,9.909682710092358,10.316727427283274,107211179
2015-10-27,10.6571626663208,10.827381486802118,10.142806704371633,10.6571626663208,97259211
2015-10-28,9.95408821105957,10.68676727377845,9.91708341851843,10.435140731759974,56389997
2015-10-29,10.12060546875,10.290824307786544,9.765367119133627,10.028095713460086,46788966
2015-10-30,9.876378059387207,10.205714570934012,9.769066741912187,10.065098851836044,42561267
2015-11-02,9.661754608154297,10.20571370869422,9.613648649564592,9.79496953548195,53258168
2015-11-03,9.60624885559082,9.831972644513824,9.384224567347113,9.739462894955215,38228498
2015-11-04,10.194613456726074,10.21311540811753,9.6691562586025,9.676557039159082,58190935
2015-11-05,10.094701766967773,10.490646184340932,9.994791232056329,10.213115142091839,62686156
2015-11-06,10.449941635131836,10.546150888190246,10.120605138442146,10.120605138442146,55957960
2015-11-09,10.542450904846191,10.731170790840116,10.068799216294586,10.324127010177635,62209836
2015-11-10,10.427740097045898,10.664565990583707,10.28712525078161,10.36113306460492,48286697
2015-11-11,10.694167137145996,10.786677776609158,10.327826747905858,10.361131147266551,52068323
2015-11-12,10.579455375671387,11.049406699693135,10.39813537042056,10.701568249677011,57006396
2015-11-13,10.268621444702148,10.56465445083036,10.02809607234057,10.56465445083036,45142677
2015-11-16,10.58315658569336,10.612759708957839,10.01329468424582,10.01329468424582,38464365
2015-11-17,10.235318183898926,10.801480588399526,10.224217012593217,10.697869656212914,50885800
2015-11-18,9.787569046020508,10.305626368690934,9.757965922891309,10.25011962352054,40634501
2015-11-19,10.187214851379395,10.19831513431231,9.806072825998564,9.88008064090621,29974495
2015-11-20,10.734870910644531,11.204823086752512,10.102102471392682,10.213114166242827,88126952
2015-11-23,10.44624137878418,10.91619363425283,10.398136302892297,10.6941684284532,50687678
2015-11-24,10.642361640930176,10.69416710084398,10.361131112095045,10.468442421916496,32016930
2015-11-25,11.678476333618164,11.708079456225164,10.549852837710622,10.605358692598749,105373442
2015-11-26,11.027202606201172,11.689575943275303,10.993899987019498,11.689575943275303,84533397
2015-11-27,10.109502792358398,11.323236043570086,10.091001731731671,11.030904345376555,64850607
2015-11-30,10.287123680114746,10.42773850490957,9.436030393881122,10.34632992213362,54950192
2015-12-01,10.25011920928955,10.316727122941616,10.0169937347651,10.17611140445738,36209864
2015-12-02,9.928184509277344,10.298224427970933,9.565544481868443,10.250119354150172,38828457
2015-12-03,10.216815948486328,10.316726478771406,9.872677898898282,9.98369048851809,33873711
2015-12-04,9.917082786560059,10.19461293246288,9.809771474008155,10.102103180262963,40087424
2015-12-07,9.976288795471191,10.139106844851652,9.843074755407857,9.972588405469432,26542653
2015-12-08,9.476734161376953,9.909681560811958,9.476734161376953,9.905981170890342,46759078
2015-12-09,9.33981990814209,9.565543697562545,9.269512498322605,9.43603004789507,27669859
2015-12-10,9.46933364868164,9.602548578921056,9.343520387797305,9.343520387797305,24223368
2015-12-11,9.317617416381836,9.461933526736921,9.265811952414465,9.380524051199359,21818820
2015-12-14,9.491537094116211,9.495237484573126,9.102994317533698,9.184403796889015,24896145
2015-12-15,9.495237350463867,9.67285697919033,9.46563422722665,9.550743206533653,28842803
2015-12-16,9.558144569396973,9.66545588768234,9.4767350938084,9.547043398539866,24201613
2015-12-17,10.405537605285645,10.41663877720166,9.68025837219639,9.76906774752451,74124313
2015-12-18,10.113203048706055,10.37963199004885,10.083599931812739,10.250117464337638,48379358
2015-12-21,10.102103233337402,10.168710255271282,9.887479717802936,10.168710255271282,35794087
2015-12-22,10.150208473205566,10.19461315523184,9.961487685290807,10.153908863374422,29557067
2015-12-23,9.957786560058594,10.161308893625177,9.887479152040274,10.161308893625177,36637617
2015-12-24,9.772767066955566,9.954087966982032,9.55814443343772,9.898581224182928,29581879
2015-12-25,9.891180992126465,9.917083725194088,9.732063313979337,9.765367717226582,18157623
2015-12-28,9.754264831542969,10.168710304175331,9.754264831542969,9.854176254227367,37997535
2015-12-29,9.991090774536133,10.02439517525191,9.632152040007407,9.695058672675817,23642103
2015-12-30,10.209415435791016,10.242718949659011,10.061399818599927,10.061399818599927,38289472
2015-12-31,10.14650821685791,10.405536421397231,10.083601583157686,10.257520812690823,40681907
2016-01-04,9.132596969604492,10.194613422415333,9.132596969604492,10.098403275503568,29551127
2016-01-05,8.851366996765137,9.195505092514853,8.374014842766375,8.61454200432239,33598887
2016-01-06,8.954977989196777,9.054888523611382,8.65894588681338,8.873569405599692,24143033
2016-01-07,8.059477806091309,8.695946518583437,8.059477806091309,8.695946518583437,7083641
2016-01-08,8.15199089050293,8.396218453574534,7.400808915829188,8.140889718481786,61053267
2016-01-11,7.363804817199707,8.114986772298506,7.363804817199707,7.818954636812368,35166199
2016-01-12,7.511820316314697,7.6672375888994875,7.219488166187333,7.400807724667541,30837416
2016-01-13,7.160282611846924,7.685739387305686,7.141780659681289,7.563626503012496,23401738
2016-01-14,7.534022808074951,7.615431391428721,6.801342445330216,6.8457471271595445,27366081
2016-01-15,7.104775905609131,7.515520109570191,7.034468046736848,7.419310408446006,26240777
2016-01-18,7.511820316314697,7.719042160690323,6.956759581336595,7.027067437472717,36986740
2016-01-19,7.837454319000244,7.863357045536611,7.4415108633384905,7.452612476505543,33040090
2016-01-20,7.774548053741455,7.904061692359264,7.541422614926426,7.770847664066661,31508399
2016-01-21,7.271294593811035,7.8300553143193365,7.271294593811035,7.652436577820678,31827310
2016-01-22,7.448914051055908,7.556225819652935,7.1121776279929,7.41190970159555,26669205
2016-01-25,7.58582878112793,7.682039820874545,7.474817069077775,7.578428000324586,16497064
2016-01-26,6.827244758605957,7.511820007476525,6.827244758605957,7.511820007476525,33779471
2016-01-27,6.686629772186279,6.88275179333885,6.290686673511345,6.849448725070021,29804715
2016-01-28,6.190776824951172,6.734736970275533,6.179676541246006,6.6052228405252,24188046
2016-01-29,6.62372350692749,6.749537221198583,6.249982309745578,6.249982309745578,25914619
2016-02-01,6.731035232543945,6.8679505706025,6.590420393281662,6.649626641392097,25153054
2016-02-02,7.030767440795898,7.152880314379961,6.679229046523527,6.723634172478361,26182958
2016-02-03,7.733842849731445,7.733842849731445,6.867949001087359,6.9752603012639405,53831536
2016-02-04,7.759747505187988,7.9706706334117285,7.64873491118982,7.781949846127004,43666033
2016-02-05,7.58582878112793,7.892962073769837,7.556225657914555,7.711642944087919,25563825
2016-02-15,7.6857380867004395,7.8078518396323044,7.260192369599894,7.400807182263429,26617059
2016-02-16,8.07058048248291,8.248200084219057,7.696840219101848,7.696840219101848,32193327
2016-02-17,8.022475242614746,8.089083147652811,7.848556034447956,8.074280699297578,24627897
2016-02-18,7.874460697174072,8.114986980161929,7.8448575717975,8.096485026801572,25198009
2016-02-19,7.855959892272949,7.963271225303057,7.770850014704449,7.815254704234149,18137669
2016-02-22,8.011374473571777,8.281504748362572,7.974371459287996,8.011374473571777,34833214
2016-02-23,8.129788398742676,8.17419397532362,7.870761056289159,8.048379805400142,21176830
2016-02-24,7.900362968444824,8.159391160441025,7.719042077953504,8.048378569983761,23824367
2016-02-25,7.11217737197876,7.9854726065912525,7.11217737197876,7.937366642768329,34332953
2016-02-26,7.060370922088623,7.271294503001301,6.745836412845704,7.20838697864053,30024703
2016-02-29,6.494208812713623,7.097375527923691,6.353593985102149,7.05667079106882,31014761
2016-03-01,6.8309454917907715,6.8309454917907715,6.360994168967423,6.538613338992389,38350713
2016-03-02,7.171383380889893,7.234290014724499,6.753237506794824,6.819844975506549,34463535
2016-03-03,7.097376346588135,7.36750530702042,7.093675066657799,7.156582596622257,28860897
2016-03-04,6.638524532318115,7.108475394278686,6.52751283278914,7.067771549102919,30147813
2016-03-07,6.793942451477051,7.023367541773944,6.719934200053303,6.801342787502702,26971686
2016-03-08,7.115877151489258,7.115877151489258,6.512710870995141,6.8753504505529275,34373059
2016-03-09,6.893853187561035,7.112177098997283,6.871650401675605,6.94195826023444,24141544
2016-03-10,6.719933986663818,6.98636297188643,6.719933986663818,6.882751601043958,18134955
2016-03-11,6.745835781097412,6.786540515209566,6.612621298211091,6.668127592127111,14894286
2016-03-14,7.104775905609131,7.278694690701439,6.838346920311677,6.838346920311677,32160731
2016-03-15,7.089974403381348,7.297196702187458,7.030767714685632,7.0973756285384235,31222119
2016-03-16,7.012266159057617,7.2860959251508906,6.88645200204011,7.252791968457291,29145057
2016-03-17,7.589529514312744,7.615432248294351,7.030768315165832,7.108476517110652,47008127
2016-03-18,7.763446807861328,7.8670586189015586,7.5155197844014765,7.589528474945375,67123289
2016-03-21,7.9225640296936035,7.992872326269478,7.770848045578491,7.84855623256428,48308455
2016-03-22,7.796751499176025,7.904062814986674,7.774549157973822,7.881860473784471,29623020
2016-03-23,7.833756923675537,7.9114651329858905,7.678339615751557,7.778250170579154,31751667
2016-03-24,7.741247177124023,8.214898105746055,7.733845505956391,7.963271522357966,60436177
2016-03-25,7.844855308532715,7.878158814973194,7.626531432564393,7.674636497422863,30131078
2016-03-28,8.003974914550781,8.166792097094786,7.859658795265419,7.881861138339602,47440766
2016-03-29,7.715342998504639,8.081682521620074,7.604330401985672,8.003974326568976,34038627
2016-03-30,8.188993453979492,8.23709851962291,7.81525231922085,7.848555826204754,47277720
2016-03-31,8.166791915893555,8.355512717140027,8.103886167882271,8.222298661650626,47161129
2016-04-01,8.096484184265137,8.177893659882288,7.811553242862909,8.144589257996154,31174340
2016-04-05,8.399916648864746,8.485026510429899,8.026176359628206,8.026176359628206,46355478
2016-04-06,8.547933578491211,8.62934305411413,8.32960966223954,8.436921869873304,50291022
2016-04-07,8.503528594970703,8.917974071125473,8.473925473717232,8.869868109785493,68754389
2016-04-08,8.614542007446289,8.71075127135787,8.436922373746643,8.51093018391184,53646231
2016-04-11,9.047489166259766,9.158501777927867,8.721853891352913,8.721853891352913,55591257
2016-04-12,8.991981506347656,9.391625405524056,8.847666296141716,9.15109916587777,58485775
2016-04-13,8.929076194763184,9.354623818500745,8.892073174864045,9.14370064674372,69912236
2016-04-14,8.899471282958984,9.099293241888773,8.699650213332289,9.058588949927781,56434739
2016-04-15,8.855066299438477,8.995682010730071,8.769957328234893,8.847666408636881,38516481
2016-04-18,8.640443801879883,8.836564477501424,8.522030429182667,8.836564477501424,30459527
2016-04-19,8.707051277160645,8.79216025403176,8.588637898297707,8.640444251783249,25421747
2016-04-20,8.15199089050293,8.758857628901795,7.959570575469761,8.732954894185792,50898211
2016-04-21,8.296304702758789,8.499827022366627,8.029875759238536,8.151988617421459,46401148
2016-04-22,8.425820350646973,8.425820350646973,8.118687080199363,8.211196833556148,31191007
2016-04-25,8.88096809387207,8.936473933249337,8.255599635646227,8.429518821664544,57988833
2016-04-26,8.977181434631348,8.977181434631348,8.695949968999251,8.773659061296394,54523392
2016-04-27,8.433219909667969,8.803261576438953,8.4295204089824,8.769957177238338,80048246
2016-04-28,8.436923027038574,8.455424981012525,8.092784904516591,8.418420183761379,39521326
2016-04-29,8.314806938171387,8.41471835125689,8.307406158631942,8.36291200517778,17788390
2016-05-03,8.599740982055664,8.640445280186558,8.25560286470619,8.333311070228808,32116500
2016-05-04,8.640443801879883,8.781058625910422,8.533131599500868,8.540532379713001,36901289
2016-05-05,8.68855094909668,8.795862287811063,8.607141458010064,8.65894782117547,30719697
2016-05-06,8.192695617675781,8.7329544043406,8.192695617675781,8.714452452009828,43845414
2016-05-09,7.844855308532715,8.114984638964005,7.741244399606779,8.103884359453469,29719904
2016-05-10,7.867059707641602,7.937367128550393,7.7967522867328105,7.84485736419672,14688825
2016-05-11,7.715342998504639,7.955869253442104,7.704240938479943,7.885561838872062,21721215
2016-05-12,7.874460697174072,8.003975259999786,7.478518005959215,7.548825428728572,40645266
2016-05-13,7.929967403411865,8.063181466881627,7.789351669335018,7.818954794550521,29118453
2016-05-16,8.015076637268066,8.02247741880173,7.76344828651702,7.867060117291551,27134629
2016-05-17,7.881861209869385,8.063181235923908,7.756047931307231,7.959570300637428,33277149
2016-05-18,7.511820316314697,7.826354362259343,7.36380382388618,7.804152021790526,29164779
2016-05-19,7.504419803619385,7.719042435800532,7.4748166819392265,7.511820584039425,24096786
2016-05-20,7.589529514312744,7.600630686019147,7.374906416670696,7.471116126807925,27264091
2016-05-23,7.837454319000244,7.911462109104148,7.604328890870013,7.604328890870013,38735411
2016-05-24,7.689439296722412,7.833755403889759,7.62283316239586,7.830055013688112,23378952
2016-05-25,7.64133358001709,7.837455133476519,7.585827731670937,7.770848115461137,20608847
2016-05-26,7.678339004516602,7.71534380006951,7.408210044242142,7.682040284444774,26119008
2016-05-27,7.619132041931152,7.693140736812041,7.534023065516718,7.678338286393368,21009993
2016-05-30,7.622833728790283,7.7412462240413245,7.400808521588247,7.530322188269074,19048984
2016-05-31,8.07058048248291,8.09648321137941,7.652435540993565,7.670936600902335,47895293
2016-06-01,8.15199089050293,8.30370779742845,8.077983077028634,8.13348982643757,45041487
2016-06-02,8.251901626586914,8.348111775925661,8.122387074712387,8.15569058794503,35147566
2016-06-03,8.31850814819336,8.407318400726894,8.214896335121418,8.222298004693705,37808983
2016-06-06,8.72185230255127,8.72185230255127,8.292605275660373,8.292605275660373,55410316
2016-06-07,8.895771026611328,9.125196087483396,8.588636889291887,8.88096946715526,80799808
2016-06-08,8.762557983398438,8.89947243776062,8.658947044962192,8.81436345261656,44935576
2016-06-13,8.18529224395752,8.806960380802373,8.17049068517333,8.61823961700099,46166198
2016-06-14,8.4517240524292,8.503529520259848,8.074282436770954,8.170492591313588,34648765
2016-06-15,9.206603050231934,9.29541239139676,8.325906859802625,8.329607249017826,109181154
2016-06-16,9.24731159210205,9.595150117195908,9.088193893235433,9.177003275317299,105048478
2016-06-17,9.080791473388672,9.454531741602715,8.991981226720652,9.295414087020742,56543225
2016-06-20,9.080791473388672,9.080791473388672,9.080791473388672,9.080791473388672,0
2016-06-21,9.080791473388672,9.080791473388672,9.080791473388672,9.080791473388672,0
2016-06-22,9.080791473388672,9.080791473388672,9.080791473388672,9.080791473388672,0
2016-06-23,9.080791473388672,9.080791473388672,9.080791473388672,9.080791473388672,0
2016-06-24,9.080791473388672,9.080791473388672,9.080791473388672,9.080791473388672,0
2016-06-27,9.24731159210205,9.302817455903217,8.832866919750066,8.880972001711076,52894550
2016-06-28,9.24731159210205,9.43603241832929,9.102995456915744,9.177003275317299,43268972
2016-06-29,9.065990447998047,9.362022545959999,9.025285267504374,9.347220985527056,41175504
2016-06-30,9.028984069824219,9.143697032309808,8.9475755017591,9.065988853702194,34907435
2016-07-01,9.058588981628418,9.2436093804926,9.003083128760093,9.051189090549073,32449029
2016-07-04,9.217705726623535,9.32131664160811,9.010483007351379,9.065989743967553,42006106
2016-07-05,9.154799461364746,9.343520238988667,9.028985313181117,9.288013500179481,39179889
2016-07-06,9.084492683410645,9.236209586760868,9.02898682461295,9.102994636343208,31479409
2016-07-07,9.436031341552734,9.50263925981656,9.11409647893974,9.15110038391788,60255175
2016-07-08,9.354621887207031,9.521139444239767,9.291714365247131,9.465633591895521,35363424
2016-07-11,9.102993965148926,9.424929701044537,9.080792512570028,9.402727359162512,52620548
2016-07-12,9.102993965148926,9.195504612293822,8.840265363575174,9.032686549189181,42293492
2016-07-13,9.188103675842285,9.306516163871551,9.028986005749847,9.132596932775455,36866322
2016-07-14,9.202905654907227,9.273213072868465,9.069690710519621,9.139999017784012,28026449
2016-07-15,9.139997482299805,9.380522819128295,9.139997482299805,9.373122928836576,62387330
2016-07-18,8.903172492980957,9.114095620800017,8.892071322532749,9.077090830002899,37496259
2016-07-19,9.047489166259766,9.077092292223732,8.892072754948947,8.9327770531494,27121242
2016-07-20,9.110396385192871,9.236209666216638,8.999383777339288,9.051190135299334,33268742
2016-07-21,9.162200927734375,9.288015097555842,9.077091943854368,9.114096739192352,32203279
2016-07-22,9.306516647338867,9.37312456461868,9.14739896898037,9.191804543601299,50551545
2016-07-25,9.284313201904297,9.39902528102879,9.177000123472222,9.280611922952152,38118800
2016-07-26,9.343521118164062,9.432330485730374,9.254711750597751,9.28801437413199,41706236
2016-07-27,8.603439331054688,9.343520936967577,8.514629965210634,9.325018985750066,73252163
2016-07-28,8.599740982055664,8.688550359795796,8.44062329096803,8.658947233882419,37015095
2016-07-29,8.422120094299316,8.644144395185572,8.399916863837902,8.621941164724158,23674966
2016-08-01,8.422120094299316,8.522030629511738,8.166791392372488,8.396217362947947,24525038
2016-08-02,8.477624893188477,8.507228903460849,8.392516809704848,8.422119930674137,13031940
2016-08-03,8.403615951538086,8.54053125676336,8.35181138616774,8.44802062697235,17911509
2016-08-04,8.492427825927734,8.507229387254123,8.359212884687112,8.418419129992664,15808136
2016-08-05,8.403615951538086,8.529430087904794,8.3555108864843,8.510928139807184,14713556
2016-08-08,8.503528594970703,8.507228985127387,8.325908978146789,8.40361717143715,13806407
2016-08-09,8.614542007446289,8.621941899159635,8.470225888320982,8.477625780034328,22308284
2016-08-10,8.525731086730957,8.651544354283844,8.522030696508814,8.621941232506694,16576043
2016-08-11,8.362913131713867,8.522030802549066,8.348111570641116,8.510929631744503,20994835
2016-08-12,8.488728523254395,8.499829695671576,8.362914346556433,8.362914346556433,15132443
2016-08-15,8.792159080505371,8.858766986295453,8.473924667986331,8.477624168488164,34423880
2016-08-16,8.795860290527344,8.869868093525351,8.688548976180234,8.736654048128939,34819550
2016-08-17,8.932774543762207,9.017883506999873,8.755154948571922,8.792158845631779,38081960
2016-08-18,8.858765602111816,8.96237650045805,8.836562377449043,8.940174165098142,20559329
2016-08-19,8.977181434631348,9.051190136309732,8.862469325449814,8.873570497306092,33493960
2016-08-22,8.651544570922852,9.02898616163905,8.644144679596373,9.010484210065034,33293975
2016-08-23,8.692248344421387,8.814361205011835,8.62564132955387,8.651543168254921,17228123
2016-08-24,8.799561500549316,8.851366967474736,8.695949677395307,8.695949677395307,19968212
2016-08-25,8.777359008789062,8.80696213224462,8.607140159616462,8.65894651496684,20194448
2016-08-26,8.732953071594238,8.940175795377522,8.725552291791372,8.847666047841694,20493637
2016-08-29,8.751455307006836,8.80696115734168,8.662645946471086,8.71815179680593,16676044
2016-08-30,8.755156517028809,8.82546393403787,8.718152613339829,8.7699580785044,11991281
2016-08-31,8.851366996765137,8.86616855879281,8.692250204967666,8.732954500543762,22629315
2016-09-01,8.773656845092773,8.8735682558651,8.769956455408723,8.8735682558651,15624594
2016-09-02,8.758855819702148,8.921673865017668,8.740353870155275,8.788459828280176,21225803
2016-09-05,8.866168022155762,8.906873204571296,8.799560997062722,8.799560997062722,18538556
2016-09-06,8.929076194763184,8.936477865906939,8.73665586691064,8.91057512946525,27085229
2016-09-07,8.877269744873047,9.010483789995517,8.851366124573923,8.94017637729199,28545448
2016-09-08,8.814362525939941,8.914273063213898,8.80326224443484,8.914273063213898,21789411
2016-09-09,8.528230667114258,8.849293687234889,8.528230667114258,8.748961939973343,24012871
2016-09-12,8.32756519317627,8.474719653569569,8.18041162583516,8.227233459003381,26437700
2016-09-13,8.421210289001465,8.441276282021342,8.274056696681235,8.381077409909372,13453643
2016-09-14,8.280745506286621,8.414521172096377,8.253989658682812,8.340943484238224,11076550
2016-09-19,8.294122695922852,8.394454447202177,8.267367740858832,8.280745664917012,9283757
2016-09-20,8.36769962310791,8.401143540724476,8.260678908124426,8.320877781223775,10709020
2016-09-21,8.334253311157227,8.434585035182788,8.280743415564432,8.367697219165747,10359272
2016-09-22,8.294122695922852,8.421210295318536,8.280745664917012,8.401143409231267,10004395
2016-09-23,8.23392391204834,8.340943733451862,8.193791032495843,8.31418877810098,10246964
2016-09-26,7.839283466339111,8.220546282269085,7.812529403082372,8.193791325959964,19035098
2016-09-27,7.8727264404296875,7.926237239680159,7.678751914145883,7.839282525792746,20346559
2016-09-28,7.892794609069824,7.912861496947903,7.7924628488366885,7.906172534321877,10331496
2016-09-29,7.899481773376465,7.952992569150507,7.852659938705705,7.879414890066617,9701435
2016-09-30,7.819218158721924,7.919549018965787,7.819218158721924,7.899483025527486,8071106
2016-10-10,8.140278816223145,8.173722727871574,7.832593757394963,7.892792619751696,16471658
2016-10-11,8.08676815032959,8.15365597468993,8.013191364922776,8.106834140416808,12561253
2016-10-12,8.053327560424805,8.10014851576889,8.01988274510406,8.046638597360655,9345323
2016-10-13,7.966372489929199,8.086771154333794,7.946306492388038,8.04663915925147,13091100
2016-10-14,7.946302890777588,7.96636887922397,7.852659229888773,7.9596808117766,10147320
2016-10-17,7.812528133392334,7.973058738210048,7.765706297671558,7.952992747502422,9957175
2016-10-18,8.046637535095215,8.073391597714954,7.7924623305270035,7.819218179251465,21795678
2016-10-19,7.932925701141357,8.060013283192193,7.892792827496474,8.046636254012045,13195525
2016-10-20,7.98643684387207,7.9998147666854456,7.866038217708468,7.89279317028296,14242918
2016-10-21,7.879415512084961,7.979748150450241,7.825905605138947,7.952993196977234,13028643
2016-10-24,7.999814033508301,8.06670185534044,7.886103486120618,7.886103486120618,16135348
2016-10-25,8.033260345458984,8.086770261697229,7.999816424546972,8.046638271044767,12231356
2016-10-26,7.959681510925293,8.080079238283147,7.959681510925293,8.066702209161283,9676468
2016-10-27,7.999814033508301,8.03994690521802,7.912859329295214,7.959681161798582,9476863
2016-10-28,7.966372489929199,8.086771154333794,7.952995455919272,8.033261232189002,15260698
2016-10-31,7.839283466339111,7.966371071649102,7.765707559752125,7.966371071649102,13113884
2016-11-01,7.879415512084961,7.906171358610256,7.83259456677027,7.839282635349306,8319484
2016-11-02,7.665373802185059,7.8927931305541605,7.638617956692985,7.832594264301502,21808056
2016-11-03,7.685441493988037,7.799152076388223,7.598487656053263,7.638619647067804,16944723
2016-11-04,7.67206335067749,7.765707030961503,7.631930472420388,7.685440381394977,9944755
2016-11-07,7.645308017730713,7.712196748029599,7.625242023777714,7.67206386707122,8853525
2016-11-08,7.7188849449157715,7.7456398985507215,7.665374144593577,7.685440136556717,8923829
2016-11-09,7.578420162200928,7.74563973520836,7.538287286068689,7.74563973520836,14580168
2016-11-10,7.698818683624268,7.7255745324791505,7.6252418853780695,7.678752690035471,10764530
2016-11-11,7.725574493408203,7.785773366922513,7.62524184681454,7.785773366922513,14732900
2016-11-14,7.859349727630615,7.859349727630615,7.705507178259825,7.745640056054479,19620654
2016-11-15,7.892794609069824,7.892794609069824,7.765707891385004,7.866039651618139,17389675
2016-11-16,7.9061713218688965,7.9998149981676745,7.872726513867702,7.9061713218688965,19708348
2016-11-17,7.825905799865723,7.89279363173871,7.765706929790496,7.872726746345428,12347861
2016-11-18,7.7924628257751465,7.8593506657326175,7.772396831008872,7.852661703126387,10270358
2016-11-21,7.732263088226318,7.805840784155073,7.692130205470826,7.799151821520421,10610342
2016-11-22,7.819218158721924,7.819218158721924,7.718885512373343,7.759018392302304,14670275
2016-11-23,7.752330780029297,7.872728547728329,7.738952853372732,7.845973587467712,13653745
2016-11-24,7.631930351257324,7.799150823515877,7.618552427699902,7.752328984117206,13068017
2016-11-25,7.779084205627441,7.779084205627441,7.565042779663703,7.638618682602172,14403436
2016-11-28,7.765707492828369,7.84597236106402,7.7255746121843565,7.812529335755113,12115623
2016-11-29,7.705507278442383,7.779084073180468,7.692129354652796,7.732262232969235,14278394
2016-11-30,7.725574493408203,7.825906246949506,7.672063689021425,7.68544072032885,11553424
2016-12-01,7.84597110748291,7.86603799112494,7.725573377839657,7.7456393684294556,15901680
2016-12-02,7.67206335067749,7.866038780078097,7.645307503137875,7.859349818193193,13517032
2016-12-05,7.678751468658447,7.792461129048022,7.598485720965544,7.6252406725124375,10741341
2016-12-06,7.605174541473389,7.732262136735805,7.565042556708742,7.692129258918848,9731128
2016-12-07,7.638617992401123,7.64530695380541,7.578420018919311,7.611863039836233,7424506
2016-12-08,7.558352947235107,7.6519957254157145,7.544975024758349,7.631929734752811,9101484
2016-12-09,7.424577236175537,7.591797257139261,7.411199312999618,7.558353342251744,13316646
2016-12-12,6.902849197387695,7.451331047123588,6.8694052856232615,7.437954018249133,21463551
2016-12-13,6.889472007751465,6.942982808093607,6.856028092432236,6.902849931100073,9444657
2016-12-14,6.742318630218506,6.929605531712767,6.72225219243434,6.896160724528938,10170532
2016-12-15,6.789140701293945,6.882783932006563,6.708874500863799,6.735629901007181,9615740
2016-12-16,6.8560285568237305,6.916228322917794,6.795829237255844,6.802518199383224,7639364
2016-12-19,6.849338531494141,6.88947140497636,6.7757621921448825,6.88947140497636,8994127
2016-12-20,6.822585105895996,6.869406501347274,6.802518219454647,6.869406501347274,4802667
2016-12-21,6.842650413513184,6.876095223079403,6.815895905438695,6.862717299252915,6827622
2016-12-22,6.829273700714111,6.856028208284985,6.795828891777441,6.849339246497651,6735195
2016-12-23,6.829273700714111,6.876095093646987,6.7824518612550815,6.829273700714111,8003804
2016-12-26,6.849338531494141,6.849338531494141,6.708873920832482,6.755695308877666,7441712
2016-12-27,6.815896034240723,6.869406390979388,6.815896034240723,6.849339504860446,4292708
2016-12-28,6.822585105895996,6.849339614905926,6.802518219454647,6.822585105895996,4434771
2016-12-29,6.842650413513184,6.89616121576681,6.802517981612207,6.809206943525451,7006610
2016-12-30,7.050004005432129,7.116892283006415,6.8493391727092705,6.8827839812856375,20236685
2017-01-03,7.0031819343566895,7.070070656240095,6.976426981434688,7.050003771759393,9257537
2017-01-04,7.063382625579834,7.083448173126429,6.963049976058729,7.043315738454658,11621380
2017-01-05,7.0031819343566895,7.076758278155259,6.983115049875987,7.0633816947465276,7824931
2017-01-06,6.889472007751465,7.0031821235839065,6.889472007751465,7.0031821235839065,8714132
2017-01-09,6.8961615562438965,6.936294436652474,6.862717638078809,6.889472594000405,6579224
2017-01-10,6.8560285568237305,6.922917285045173,6.8493395946963505,6.922917285045173,5514241
2017-01-11,6.789140701293945,6.889472000621653,6.755695892957035,6.849339123669654,6271960
2017-01-12,6.775763034820557,6.849339383320223,6.76238511097865,6.789140958662462,4673032
2017-01-13,6.715563774108887,6.829273895099387,6.708874812131161,6.769074130352191,5930540
2017-01-16,6.414567470550537,6.7556960389628005,6.1737702036343665,6.742319008391221,14712486
2017-01-17,6.5082106590271,6.568409528820596,6.320924194827846,6.374433656328734,8704193
2017-01-18,6.494833469390869,6.508211394435447,6.441323108791165,6.501522431913158,5961229
2017-01-19,6.407878398895264,6.494832668329214,6.3878115138034115,6.481455191460794,5690392
2017-01-20,6.52158784866333,6.56840968911888,6.407878621541631,6.414567583471328,6978090
2017-01-23,6.581788063049316,6.588477025436413,6.508211262896031,6.521588294617836,5705242
2017-01-24,6.789140701293945,6.882783932006563,6.662052662244417,6.675430585579181,16678516
2017-01-25,6.775763034820557,6.809206951372995,6.708874755189516,6.7690740728996035,5467225
2017-01-26,6.7824506759643555,6.842649088899409,6.75569483349083,6.775761715345975,5370885
2017-02-03,6.795828819274902,6.82927362785476,6.728940988219783,6.795828819274902,4559637
2017-02-06,6.9162278175354,6.983115201290721,6.795828740671249,6.802517702309853,9229894
2017-02-07,6.842650413513184,6.949672018020436,6.795829019698964,6.936294094193949,7491352
2017-02-08,6.8961615562438965,6.902850518487387,6.8025183174659425,6.842650751348336,6524799
2017-02-09,6.936293601989746,6.942982563428337,6.862716812269773,6.916227610726236,9714748
2017-02-10,6.949671745300293,7.0767584444554705,6.909538868448055,6.989804175626386,12750616
2017-02-13,6.95635986328125,6.996492288740068,6.896160108777797,6.916226991296342,8012534
2017-02-14,6.8961615562438965,6.976427763587237,6.876095562565792,6.956361323382948,6407157
2017-02-15,6.809206962585449,6.936294113609683,6.809206962585449,6.876095242326632,7687176
2017-02-16,6.815896034240723,6.856028466900094,6.782452117094828,6.82258499628037,6274620
2017-02-17,6.76238489151001,6.856028122733407,6.76238489151001,6.822584653792517,7681688
2017-02-20,6.862717628479004,6.862717628479004,6.702186107069249,6.749007503129638,7784271
2017-02-21,6.95635986328125,6.983114367061038,6.8493382759533725,6.876094119311433,12587362
2017-02-22,6.922916889190674,6.983115312264043,6.8894720804661596,6.983115312264043,10587045
2017-02-23,6.95635986328125,6.963048377594674,6.8894711479382815,6.922915952135857,8379264
2017-02-24,7.136958122253418,7.157025006969482,6.929605671834436,6.929605671834436,21136767
2017-02-27,7.043315410614014,7.1637144951299625,6.996493569220377,7.136958646875115,16082435
2017-02-28,6.996493816375732,7.06338254632339,6.922917463706637,7.056693584023386,15430097
2017-03-01,6.96304988861084,7.043315649998723,6.922917454443086,6.983115882431623,11181653
2017-03-02,7.029937744140625,7.070071517993838,6.949672429065145,6.989804863339791,13914093
2017-03-03,7.070070743560791,7.090136288710915,6.94298270624405,7.016559944003622,11869376
2017-03-06,7.150336265563965,7.197157658431376,7.070070956858953,7.070070956858953,20935619
2017-03-07,7.150336265563965,7.2105355819873385,7.090136502614438,7.163714189119928,14056056
2017-03-08,7.123580455780029,7.203846657957948,7.096825501580213,7.143647341219126,11844767
2017-03-09,6.996493816375732,7.123580974392478,6.983115891775726,7.110203942844848,11644077
2017-03-10,6.996493816375732,7.0232496655757455,6.969738860228095,6.983115891775726,6830327
2017-03-13,7.029937744140625,7.050004631067231,6.909539548264311,6.976427831774431,10954806
2017-03-14,7.009871006011963,7.123580227506634,6.983115159617219,7.036625959354423,10675422
2017-03-15,6.96304988861084,7.009871731595834,6.942983448263869,6.949672410554921,7294098
2017-03-16,7.043315410614014,7.0767588813540545,6.983115645092953,6.983115645092953,8531548
2017-03-17,7.043315410614014,7.143647608938827,7.016560455411511,7.063382296805148,16908186
2017-03-20,7.076757431030273,7.0901353524160005,7.023247978117769,7.0901353524160005,10333731
2017-03-21,7.0566935539245605,7.0767591011604205,7.009871711076622,7.0767591011604205,7940872
2017-03-22,6.9764275550842285,7.023249396336943,6.929606160357685,7.023249396336943,9726473
2017-03-23,6.949671745300293,7.009871060578649,6.889471983495791,6.9764271453771665,8505428
2017-03-24,6.949671745300293,6.9764271453771665,6.896160945146546,6.942982783649538,9998679
2017-03-27,6.8961615562438965,6.983115832778359,6.889472594000405,6.949672361139457,12348859
2017-03-28,6.882783889770508,6.956360681555624,6.869405966517837,6.889471958344556,6267430
2017-03-29,6.802517414093018,6.916227524500766,6.802517414093018,6.889471679079972,8815696
2017-03-30,6.6553635597229,6.8225844721853655,6.64198652972354,6.802517587607915,11089729
2017-03-31,6.769073009490967,6.769073009490967,6.662051868199356,6.708873701238078,7286140
2017-04-05,6.929605484008789,6.929605484008789,6.775762497705163,6.775762497705163,9610952
2017-04-06,6.922916889190674,6.976427243571442,6.896161042211062,6.922916889190674,8606281
2017-04-07,6.949671745300293,6.989804175626386,6.869405991595817,6.949671745300293,12384853
2017-04-10,6.802517414093018,6.916227524500766,6.789140384434871,6.902849601790368,12125185
2017-04-11,6.809206962585449,6.849339394598762,6.742319129370431,6.795829038721515,9636348
2017-04-12,6.829273700714111,6.889472124169347,6.762384975893079,6.809206815352109,9079221
2017-04-13,6.869406223297119,6.876095185173488,6.795828982235533,6.822584829741011,7272351
2017-04-14,6.742318630218506,6.876094733270903,6.7356296687817405,6.835962304228701,6908371
2017-04-17,6.708874225616455,6.809206413880092,6.695497195882807,6.7757624999675885,5548984
2017-04-18,6.6553635597229,6.789140557608555,6.648675491249357,6.708874358877162,7039967
2017-04-19,6.6553635597229,6.702185397351346,6.561720330992148,6.628608606671906,7811536
2017-04-20,6.615230560302734,6.682119281261726,6.56172020867212,6.682119281261726,6748236
2017-04-21,6.608541011810303,6.6754297268270175,6.588475468967902,6.615229972617192,6065109
2017-04-24,6.414567470550537,6.635297852030871,6.414567470550537,6.608542004783089,8878366
2017-04-25,6.441322326660156,6.521587634550476,6.427944403239979,6.427944403239979,4673474
2017-04-26,6.427945137023926,6.48145594376088,6.39450121770798,6.4212561745502565,7887955
2017-04-27,6.534965515136719,6.5416544768029645,6.340990092077061,6.414567330827323,10709728
2017-04-28,6.501522064208984,6.5750988616880965,6.474766662159227,6.541654944020532,6499624
2017-05-02,6.52158784866333,6.555032658311814,6.474766454733944,6.494832893996871,6156551
2017-05-03,6.434633731842041,6.514899044308954,6.367746343558092,6.514899044308954,8439417
2017-05-04,6.52158784866333,6.5750986510485765,6.401189659611934,6.4279446142783945,10666019
2017-05-05,6.421254634857178,6.488143350502845,6.407877606169793,6.474765428763274,7888613
2017-05-08,6.374433994293213,6.454700646694021,6.32092452995532,6.407878804898696,6407545
2017-05-09,6.407878398895264,6.427944390934819,6.3209241294613125,6.354368044895437,6356190
2017-05-10,6.1603922843933105,6.441322429328712,6.140325398943197,6.387811627847388,11218985
2017-05-11,6.167080879211426,6.233968707293399,6.080126613399635,6.12025948885927,10315260
2017-05-12,6.013238906860352,6.1871474549130205,5.946351072459506,6.1871474549130205,12910920
2017-05-15,5.939661979675293,6.0667491301553795,5.919595093965311,6.013238774507246,8896959
2017-05-16,6.073437690734863,6.086815613657524,5.799196522186163,5.946350548652509,12538055
2017-05-17,6.294167995452881,6.381122260918882,6.0333047525287515,6.053370743652644,23917168
2017-05-18,6.314235210418701,6.367746011306159,6.220591978654877,6.220591978654877,12310901
2017-05-19,6.44801139831543,6.555032554870925,6.260724485974852,6.280790478394966,17477517
2017-05-22,6.381122589111328,6.5884763841942755,6.367746005217631,6.448011313419769,11361823
2017-05-23,6.300856590270996,6.461388528657786,6.300856590270996,6.367745307247752,9903870
2017-05-24,6.501522064208984,6.534965981876549,6.260724785339697,6.354368469250761,10701958
2017-05-25,6.494833469390869,6.635298556675518,6.448012071313454,6.488144953394783,10089821
2017-05-26,6.501522064208984,6.608542332829482,6.448011706635646,6.541654944020532,9729878
2017-05-31,6.52158784866333,6.635297968837357,6.514898886733634,6.56840968911888,6909326
2017-06-01,6.421254634857178,6.57509760917959,6.421254634857178,6.5483426587526345,6840089
2017-06-02,6.421254634857178,6.468076467893489,6.254035078373473,6.434632556596748,11330480
2017-06-05,6.702186107635498,6.755696465934543,6.427944907379391,6.44801179408349,21342762
2017-06-06,6.849338531494141,6.969737598466906,6.66205208626119,6.68880793061748,19996551
2017-06-07,6.9162278175354,6.983115201290721,6.795828740671249,6.842650132563045,17292769
2017-06-08,7.264044761657715,7.324244072044215,6.9229162291864315,6.9229162291864315,40371835
2017-06-09,7.250668048858643,7.317555430218577,7.123580014907191,7.290800924200731,17689858
2017-06-12,7.16371488571167,7.270735158882834,7.116893041765201,7.210536283131941,12723485
2017-06-13,7.223912715911865,7.223912715911865,7.123580520436507,7.1904692461216255,12629852
2017-06-14,7.284111499786377,7.424576554555012,7.237289666021466,7.237289666021466,21879274
2017-06-15,7.324244976043701,7.59179764851526,7.223912779682637,7.290801505958232,32602708
2017-06-16,7.157025337219238,7.324244918974459,7.13695845157722,7.324244918974459,18677131
2017-06-19,7.177091121673584,7.243979398962075,7.103514329224546,7.223912513901995,11470678
2017-06-20,7.136958122253418,7.230601351631018,7.123580199109376,7.163713968541503,9749441
2017-06-21,7.203846454620361,7.270734284758066,7.116892186136115,7.150336101204968,10740002
2017-06-22,6.996493816375732,7.230602138561591,6.983115891775726,7.1704028174401255,14104574
2017-06-23,7.197157859802246,7.20384682176738,7.003182428075034,7.003182428075034,16647272
2017-06-26,7.210536003112793,7.284112800863169,7.116892765382662,7.143647721004882,17381831
2017-06-27,7.203846454620361,7.257357254561897,7.1369581779565126,7.210535416244589,11967219
2017-06-28,7.2439799308776855,7.284112810892454,7.103514850825997,7.203847050862917,13860263
2017-06-29,7.404438495635986,7.4917864438573325,7.270056726300851,7.310371301956168,19176521
2017-06-30,7.451472282409668,7.498505654758944,7.283495183651811,7.390999970657619,18450167
2017-07-03,7.626168251037598,7.6463250892319605,7.431315077260946,7.48506679529516,26112178
2017-07-04,7.5522589683532715,7.619450527732759,7.518663637211302,7.619450527732759,11793230
2017-07-05,7.545539855957031,7.592573679224607,7.4649107009542055,7.552259101723194,11909686
2017-07-06,7.458191394805908,7.585853915817131,7.377562245305031,7.538820095759035,18792905
2017-07-07,7.458191394805908,7.478348682181128,7.3305288737946865,7.444752904190595,12325345
2017-07-10,7.229742527008057,7.438034213038503,7.22302372974758,7.391000389476249,15382007
2017-07-11,7.196147918701172,7.337248946234097,7.155832442310447,7.229742803383371,8570857
2017-07-12,7.296931743621826,7.296931743621826,7.142393157613168,7.216303052653564,8962718
2017-07-13,7.296931743621826,7.464909267129303,7.276774907290532,7.464909267129303,10078604
2017-07-14,7.296931743621826,7.397718168016774,7.263336418339409,7.323808721524073,8229489
2017-07-17,6.819877624511719,7.2834947673656085,6.752686519720211,7.276775522322137,19986251
2017-07-18,6.940821647644043,6.994574268173837,6.772844540283019,6.81315911781731,15143475
2017-07-19,7.270056247711182,7.317090065728723,6.880348559181756,6.940820867231585,17038383
2017-07-20,7.511944770812988,7.62616926130066,7.276776543850912,7.276776543850912,29982559
2017-07-21,7.498505592346191,7.5522586582233275,7.404438399882836,7.48506710160303,13333457
2017-07-24,7.673201084136963,7.726954147195218,7.464909871114086,7.464909871114086,29860061
2017-07-25,7.679921627044678,7.7471131914965765,7.558978784641613,7.673202380889927,14126467
2017-07-26,7.720236301422119,7.861337781113028,7.599293457537948,7.612731950012023,24750845
2017-07-27,7.861337184906006,7.98228091671338,7.686640384374612,7.693359630102059,33564248
2017-07-28,8.136819839477539,8.163695924827415,7.8344609637309235,7.854618700564987,36088295
2017-07-31,8.492932319641113,8.660908985060788,8.190572527694505,8.190572527694505,52553396
2017-08-01,8.318236351013184,8.573561418953563,8.271202526180705,8.526527594121085,26692967
2017-08-02,8.277921676635742,8.439179093050107,8.264483184811386,8.331673849742003,28348817
2017-08-03,8.170414924621582,8.425739970502484,8.123381103852713,8.264482566159318,28812116
2017-08-04,8.062909126281738,8.244324254183237,8.04947063640183,8.156975864154738,19941002
2017-08-07,8.204010963439941,8.284640121126047,7.995719720330494,8.002438069224675,18024596
2017-08-08,8.37198543548584,8.3988615124319,8.170412615652232,8.204007936108622,21018328
2017-08-09,8.1636962890625,8.398864513379024,8.143538551329069,8.351830689096603,17294674
2017-08-10,8.096506118774414,8.244325949467855,8.015876957106057,8.130101453286956,11624552
2017-08-11,8.13010025024414,8.324954776355645,7.9957189320789,8.069628836488883,21482780
2017-08-14,8.378707885742188,8.466057197064396,8.190573460782119,8.204011954384875,20755288
2017-08-15,8.29135799407959,8.593716836784528,8.271201156543802,8.472773120283465,20665563
2017-08-16,8.586997985839844,8.593717231025169,8.284639129264056,8.365268277296998,27242163
2017-08-17,8.43245792388916,8.600435444999496,8.345109541144154,8.580277711860475,24736786
2017-08-18,8.30479621887207,8.432458279081754,8.244323914003164,8.385424463538252,17563845
2017-08-21,8.277921676635742,8.358549936295134,8.24432544707485,8.291359271364517,9995755
2017-08-22,8.324954986572266,8.398863995753048,8.244324937703396,8.271201919691528,13830411
2017-08-23,8.5534029006958,8.701222695098837,8.291357741059056,8.331672311995831,34765815
2017-08-24,8.5534029006958,8.694503450426804,8.49293059574293,8.5534029006958,20621071
2017-08-25,8.600436210632324,8.62731229344822,8.47277324733977,8.506369472228961,13217467
2017-08-28,8.768413543701172,8.828884952910844,8.573559929332156,8.620592848897262,28663427
2017-08-29,8.5534029006958,8.795290326316449,8.533245166679704,8.768413347628321,23856827
2017-08-30,8.600436210632324,8.647470028381735,8.47277324733977,8.539964800022695,16369082
2017-08-31,8.546684265136719,8.634031760812045,8.506369691326768,8.600436432153,8898423
2017-09-01,8.546684265136719,8.580278696700283,8.378705827650528,8.546684265136719,15425393
2017-09-04,8.93639087677002,8.969986203037479,8.499649841102215,8.560122146059975,39186936
2017-09-05,8.875920295715332,9.265628488556029,8.855762557782521,8.929673366440571,40829527
2017-09-06,8.929672241210938,9.003582143459996,8.68778479907103,8.969986814900922,22800989
2017-09-07,8.674346923828125,9.104368774645064,8.674346923828125,8.92967287433269,32034171
2017-09-08,8.634031295776367,8.728098928631523,8.573559886866219,8.634031295776367,13085111
2017-09-11,9.205156326293945,9.238751659650022,8.667628301309882,8.681066793490556,36090369
2017-09-12,9.460481643676758,10.004728031785634,9.238751899512586,9.299223321704405,80798265
2017-09-13,10.179423332214355,10.407872288664134,9.393289578075386,9.40000882334076,105505736
2017-09-14,10.360838890075684,10.488501864020892,10.018165441471156,10.333962805017151,74514414
2017-09-15,10.092076301574707,10.609446594673084,10.031603983110939,10.233176882830803,51250687
2017-09-18,10.468342781066895,10.515376596691935,10.132388621208104,10.233174600037117,34845851
2017-09-19,11.187286376953125,11.456049897795527,10.414591142394285,10.414591142394285,69835535
2017-09-20,11.375423431396484,11.38214267746212,10.891648479817945,11.146974447738486,39663909
2017-09-21,10.690074920654297,11.281355081343028,10.522097367808662,11.281355081343028,48397609
2017-09-22,10.972275733947754,11.516522953053759,10.837894413355077,11.113377197084688,67353470
2017-09-25,10.7505464553833,11.31495053677023,10.723670369587204,11.140254633452265,38550920
2017-09-26,10.61616325378418,10.992431976837588,10.48178105435345,10.48178105435345,32796519
2017-09-27,11.126814842224121,11.254476907664365,10.515377009297655,10.777421282211597,37777280
2017-09-28,11.24103832244873,11.456048758909525,10.952117095290703,11.106656126839203,32314594
2017-09-29,11.308229446411133,11.3754209955842,11.08649975629762,11.267914875745456,20195222
2017-10-09,11.140254020690918,11.75841023966882,11.019309398522058,11.46948896914434,29435737
2017-10-10,11.052905082702637,11.247757805810753,10.616164024226585,11.227600967835778,32915838
2017-10-11,10.905086517333984,11.046187090447672,10.72367046950717,10.938680952070461,16278333
2017-10-12,10.763984680175781,11.120096620808313,10.757265434619322,10.918523739592207,21024564
2017-10-13,11.254478454589844,11.301512278525198,10.824456587501235,10.878209657298152,27123255
2017-10-16,11.086501121520996,11.449331405096626,10.851332913194504,11.422455320375047,23292231
2017-10-17,11.610590934753418,11.65762386007925,10.891647798428831,10.985714546176041,34960986
2017-10-18,11.4627685546875,11.926385671635979,11.288072678796025,11.590431512093657,37575798
2017-10-19,11.301512718200684,11.758411586510789,11.086502224839371,11.4358940522776,25654910
2017-10-20,11.214163780212402,11.516523561717074,11.086501698321356,11.288074586959283,19640308
2017-10-23,11.328388214111328,11.462769530530172,11.153691426252239,11.234320574941743,25900249
2017-10-24,11.26119613647461,11.341825281424265,10.972274884222436,11.321668443734577,21206224
2017-10-25,11.32166862487793,11.341825462890121,11.005871284955024,11.254477071614538,19633265
2017-10-26,11.77184772491455,12.013735172834565,11.167129105114514,11.261196745004131,57310646
2017-10-27,11.469490051269531,11.818882768747489,11.308231735957305,11.758411349053201,37856835
2017-10-30,11.953263282775879,12.094364747573701,11.254477895601187,11.62402832577202,58029521
2017-10-31,12.981284141540527,13.008160223907055,12.027172900931177,12.033892145796669,50443744
2017-11-01,13.0283203125,13.357555296537338,12.766275097971311,12.867061097877697,43456327
2017-11-02,12.752835273742676,13.229890930413418,12.699083104912079,12.893935838292384,25340627
2017-11-03,12.410162925720215,12.860341640506263,12.302657681500564,12.746118047413054,33332916
2017-11-06,13.404589653015137,13.418027248610949,12.46391669490881,12.497512029541802,34676171
2017-11-07,13.088789939880371,13.404588204330514,12.93425177610839,13.39114971309141,35744962
2017-11-08,13.189577102661133,13.431464567392478,12.927532797749958,13.102228701992221,29617268
2017-11-09,13.337395668029785,13.538968536369842,12.947688421604166,13.129103554562478,28269495
2017-11-10,13.98914909362793,14.36541879796914,13.344116724478939,13.485218200017743,59917802
2017-11-13,14.6005859375,15.23218156164159,13.982429701529997,14.11009267546592,54298776
2017-11-14,14.224316596984863,15.144833521321036,14.049620694350242,14.80887841325395,46527247
2017-11-15,13.834609031677246,14.419170835867783,13.57256473459205,14.419170835867783,37990779
2017-11-16,14.056340217590332,14.264631455725276,13.59944136924906,13.841328836530515,38358199
2017-11-17,13.243330001831055,14.412451835946843,12.766274324243502,14.076496729095643,59789753
2017-11-20,13.70022964477539,13.72710663080434,13.03503949118514,13.270207736364478,51228574
2017-11-21,13.216452598571777,13.76069798733514,12.631890842698487,13.505372956911755,66250560
2017-11-22,13.182859420776367,13.53225216780468,12.76627600238375,13.09551100974537,41857163
2017-11-23,11.86591625213623,13.223172504166692,11.86591625213623,12.981285935253924,62272035
2017-11-24,11.77856731414795,12.181713072453428,11.624028256313437,11.624028256313437,42306728
2017-11-27,11.570276260375977,11.946545042381887,11.341826395841453,11.818882067485205,29233106
2017-11-28,11.926387786865234,11.97342161078775,11.503085165753753,11.664343478004902,31157511
2017-11-29,11.671061515808105,11.946545206143545,11.503084859268332,11.91294897774004,24523266
2017-11-30,11.046186447143555,11.751691065816178,11.012590220172514,11.724814084239345,43289330
2017-12-01,11.153692245483398,11.348545886278984,11.046187005033037,11.167129839854969,31684521
2017-12-04,11.308229446411133,11.54339762577834,11.194004979040951,11.194004979040951,33280825
2017-12-05,11.140254020690918,11.536679628486588,11.019309398522058,11.361983734777642,22953802
2017-12-06,11.052905082702637,11.355263931995495,10.434748894069964,11.146972718840418,40506944
2017-12-07,10.92524242401123,11.126815294874241,10.750545636898126,10.992433081933738,21641132
2017-12-08,11.44933032989502,11.529959473583428,10.952117875213462,10.965555467764572,34256271
2017-12-11,12.121240615844727,12.275780568934819,11.35526458127953,11.583713542567553,43651329
2017-12-12,11.852477073669434,12.101082855152265,11.69121788745245,12.040611445279412,26505855
2017-12-13,12.047330856323242,12.07420783827917,11.657623588917529,11.738252740594264,18686931
2017-12-14,11.99357795715332,12.148116108523277,11.879352584978857,11.986858712073003,16422249
2017-12-15,11.77856731414795,12.248903733139167,11.697938162486853,11.94654486295782,16147450
2017-12-18,11.671061515808105,11.865916052166234,11.368703534036515,11.77856765250822,16808855
2017-12-19,11.68449878692627,11.98013928633374,11.610589783443723,11.71137576684224,16837920
2017-12-20,11.919666290283203,12.000295431184039,11.603869868366234,11.644183541721246,21449748
2017-12-21,12.537824630737305,12.766273587844964,11.765128467808402,11.91294827569036,32250523
2017-12-22,13.041756629943848,13.438183138845613,12.450476489301852,12.497510310155464,46849525
2017-12-25,12.994722366333008,13.33739579728426,12.779711902750236,12.994722366333008,25391083
2017-12-26,12.820026397705078,12.954408618840285,12.430319122637183,12.900655550967093,24576200
2017-12-27,12.57813835144043,12.994722589568694,12.531105428476868,12.766273631676679,18505051
2017-12-28,12.712519645690918,12.820024871543787,12.43703688768983,12.564699848006295,18744539
2017-12-29,12.611733436584473,12.988003092672823,12.53782443091691,12.699082726798277,18023304
2018-01-02,12.893937110900879,12.920814095064399,12.584858969785195,12.752836532424798,23188947
2018-01-03,12.994722366333008,13.102227598124394,12.752834921980776,13.102227598124394,25637354
2018-01-04,12.732680320739746,12.954410068474692,12.470635094766836,12.947690822101697,29395550
2018-01-05,12.188431739807129,12.712521239319257,11.959982769820872,12.699083645087773,47313114
2018-01-08,11.805444717407227,12.195151101549527,11.496365693612372,12.101084352651577,39372401
2018-01-09,11.583712577819824,11.792004682632747,11.496364188985813,11.73825162094364,28676354
2018-01-10,11.28807258605957,11.671059660940804,11.23431952625242,11.576992927647552,28756974
2018-01-11,11.503083229064941,11.624026942890907,11.227600474866144,11.267915046141464,20559534
2018-01-12,11.375423431396484,11.677781430489667,11.355265693199577,11.496366272195516,17585829
2018-01-15,10.918523788452148,11.368703374698576,10.811018550354321,11.368703374698576,27091369
2018-01-16,10.716951370239258,11.005872663297728,10.555693057564351,10.91852426108289,23168881
2018-01-17,11.120097160339355,11.28135547313626,10.468344663269267,10.73038897301645,30019805
2018-01-18,11.415738105773926,11.650906355936714,11.093222340453059,11.126817676605501,33100620
2018-01-19,11.422454833984375,11.751690670460162,11.368702666830092,11.422454833984375,20643039
2018-01-22,11.516523361206055,11.67778077221322,11.368703544477082,11.422455715780954,22300215
2018-01-23,11.644184112548828,11.718094012481945,11.409015922908745,11.435892005494756,18484142
2018-01-24,11.839038848876953,11.926386343193393,11.422454626956542,11.556836836597586,26680620
2018-01-25,11.657623291015625,12.094364368588094,11.536679566591149,11.83903932620009,21951560
2018-01-26,11.677781105041504,11.886073241793303,11.47620911126366,11.55683826761303,14795198
2018-01-29,11.489646911621094,11.892792700585355,11.42245624582558,11.624029140307712,15336706
2018-01-30,11.738253593444824,11.812163505002552,11.422456209282398,11.422456209282398,15936639
2018-01-31,11.335107803344727,11.523242190297832,10.562411622104923,11.348545397137114,24010295
2018-02-01,11.254478454589844,11.758411129060054,11.21416387651605,11.341826856598992,22117439
2018-02-02,10.696791648864746,11.462768492018546,10.616163404575547,10.992432132973455,28685707
2018-02-05,10.07863712310791,10.616165118132955,9.964413534320839,10.394435392083542,37575196
2018-02-06,9.72924518585205,10.051760902010287,9.615019804411718,9.809873442069952,22068372
2018-02-07,9.944252967834473,10.179421118405527,9.41344436955093,10.011443611684689,30084250
2018-02-08,9.769558906555176,10.0786370298598,9.682211404344056,9.984570281995008,28930463
2018-02-09,9.285782814025879,9.62845712239967,9.064053117980254,9.413445774065224,29858668
2018-02-12,10.145828247070312,10.1727043316829,9.440323624951892,9.460480464137452,24974167
2018-02-13,10.145828247070312,10.39443494529717,9.964413106018197,10.260051830947685,19155123
2018-02-14,10.051761627197266,10.15926777076828,9.897222555046492,10.125671540217583,10843456
2018-02-22,10.340681076049805,10.387714893291417,9.99128751773808,10.186142031609826,13890601
2018-02-23,10.051761627197266,10.333963684153863,9.957694872942138,10.320525191933585,15055667
2018-02-26,11.059624671936035,11.059624671936035,10.06519962133131,10.132390284916491,37147398
2018-02-27,11.086501121520996,11.39557923565347,10.911805225187456,10.931961167359239,30456091
2018-02-28,11.073062896728516,11.382141915384526,10.871490013733528,10.871490013733528,22199263
2018-03-01,11.610590934753418,11.691219191210077,10.958838460690489,11.079782191018799,35888091
2018-03-02,11.294792175292969,11.677780189374179,11.267916090982421,11.523242031766898,23872717
2018-03-05,11.38214111328125,11.449330873417304,11.200724185726958,11.355264132712254,18914362
2018-03-06,11.476208686828613,11.718095249835232,11.361984202407404,11.442612458679248,24812859
2018-03-07,11.576992988586426,11.744970516409484,11.241038830035722,11.489644602350802,25808627
2018-03-08,11.476208686828613,11.724814495465104,11.435893213049376,11.529960857676508,14854736
2018-03-09,11.906228065490723,11.993577350017611,11.4560494330439,11.469487922524255,30009133
2018-03-12,12.342968940734863,12.605014099530122,11.959980966613072,11.959980966613072,38026774
2018-03-13,12.195151329040527,12.396724219147114,12.148117505166395,12.376566481588668,22707755
2018-03-14,12.020454406738281,12.282498693188963,12.020454406738281,12.114521149443283,20762711
2018-03-15,11.986858367919922,12.027172940148892,11.644184055425953,11.91294757125394,18468809
2018-03-16,11.597152709960938,12.13467981459745,11.597152709960938,11.946545417684227,19643099
2018-03-19,12.067488670349121,12.141397679916368,11.395579367756406,11.503084604984492,26662424
2018-03-20,11.959982872009277,12.087646746515771,11.778567723022038,11.959982872009277,15712298
2018-03-21,11.86591625213623,12.470634020061503,11.778567851006182,12.080927632064384,26118881
2018-03-22,12.054048538208008,12.248902146635213,11.86591417439819,11.86591417439819,25892088
2018-03-23,10.931960105895996,11.684498478890472,10.898365676077592,11.54339792643326,31651515
2018-03-26,12.02717399597168,12.02717399597168,10.58256941089491,10.58256941089491,36153765
2018-03-27,12.403443336486816,12.551264052430447,12.16155587086513,12.22874743160153,38798152
2018-03-28,12.618453979492188,12.766274697316211,12.161556025569503,12.228747587160633,35712210
2018-03-29,12.638609886169434,12.73267752051229,12.32953179775069,12.631890641274166,24607003
2018-03-30,12.887218475341797,12.93425229948632,12.531106516955541,12.73267940822093,37054599
2018-04-02,12.725958824157715,13.008160842254892,12.38328449649197,12.920812449042232,42545000
2018-04-03,12.531105041503906,12.732677909035473,12.302656090666622,12.497509713097891,29731786
2018-04-04,11.946544647216797,12.652049262963011,11.933106156484122,12.652049262963011,24808595
2018-04-09,12.174993515014648,12.349689407740565,11.86591540726491,11.879353000800439,28791317
2018-04-10,12.195151329040527,12.416881956705561,11.933107020449752,12.349690395272981,21802967
2018-04-11,12.141398429870605,12.423600479984076,12.033894083097685,12.363129060650412,21725132
2018-04-12,12.080928802490234,12.329534641282399,11.939827318434046,12.121242486968399,13921077
2018-04-13,11.738253593444824,12.228747784631398,11.516523858771645,12.121241643187805,25699296
2018-04-16,11.583712577819824,11.865914581770621,11.355263635558137,11.624027149812795,24991017
2018-04-17,11.153692245483398,11.812163076748254,11.133535405378263,11.603871841581096,29994162
2018-04-18,11.711377143859863,11.879353802607998,11.086501640868338,11.281355282692624,27591926
2018-04-19,12.201869010925293,12.410161120186965,11.644184235960614,11.691218053806212,39162912
2018-04-20,11.99357795715332,12.34296973037514,11.906228668204658,12.174993088844548,25015153
2018-04-23,12.121240615844727,12.141397454972251,11.771847928505013,11.926386984499587,21231205
2018-04-24,12.62517261505127,12.732678749561925,12.027174115176472,12.141397701039917,42313705
2018-04-25,12.423599243164062,12.625172116034854,12.302656416537086,12.605015277295525,26482260
2018-04-26,12.222028732299805,12.48407304989226,12.09436574799759,12.443758470486067,18296861
2018-04-27,12.208587646484375,12.35640744053837,11.980138710747216,12.302655277479872,18181613
2018-05-02,12.121240615844727,12.484071793999801,11.953263069034792,12.228746748176574,20104319
2018-05-03,11.986858367919922,12.215307311518938,11.576993400742818,12.141396514852953,26840388
2018-05-04,11.77856731414795,12.121240760159845,11.704657407974532,11.899511041639594,22730716
2018-05-07,12.584856986999512,12.746116175286918,11.75169034530173,11.886071656564715,42998519
2018-05-08,12.732680320739746,12.73939956711274,12.457197499116491,12.631893419336121,30764862
2018-05-09,12.678924560546875,12.833463606000725,12.504228677340349,12.732677623046436,21279717
2018-05-10,12.873779296875,12.994723025183127,12.510949009046149,12.739397974596324,33644496
2018-05-11,12.52438735961914,12.873780074584374,12.403443624004762,12.873780074584374,26410769
2018-05-14,12.215310096740723,12.470635181010763,12.027175682474013,12.470635181010763,32263438
2018-05-15,12.208587646484375,12.302655277479872,11.97341946609105,12.242182972669791,25763032
2018-05-16,12.101083755493164,12.316095122684235,11.892791633697987,12.161555169865192,23513149
2018-05-17,11.704659461975098,12.11452364059804,11.590434959926364,12.11452364059804,32815902
2018-05-18,11.328388214111328,11.711376221838725,11.18056751011691,11.704656976598685,35296942
2018-05-21,11.469490051269531,11.597153033740975,11.30151248997003,11.516523876084863,36010053
2018-05-22,11.160411834716797,11.469489971209246,10.89836752271137,11.462770725268873,43497409
2018-05-23,10.871489524841309,11.281354518015364,10.858051931309628,11.173848387188904,32788154
2018-05-24,10.905086517333984,11.03946784466215,10.851333448145379,10.871490288406378,21242942
2018-05-25,10.548973083496094,10.911805159064075,10.454906338992835,10.87148968658273,32370774
2018-05-28,10.139107704162598,10.636320139893549,10.03832082984573,10.622882547854596,38162285
2018-05-29,10.132390022277832,10.414592057954511,10.092075445752592,10.179423844406536,26725067
2018-05-30,9.998006820678711,10.179422845792931,9.782996365033908,9.93753541037094,24789017
2018-05-31,9.601581573486328,10.118951838425676,9.426885667967738,10.085356506483471,44713716
2018-06-01,9.379851341247559,9.769558606225022,9.346256011107505,9.514233558903296,27556989
2018-06-04,8.439179420471191,8.439179420471191,8.439179420471191,8.439179420471191,5955600
2018-06-05,7.5925726890563965,7.5925726890563965,7.5925726890563965,7.5925726890563965,5083540
2018-06-06,7.008012771606445,7.364124275699792,6.833315969629619,7.2566185859100365,186417347
2018-06-07,6.913072109222412,7.048489263230568,6.858904705212861,6.933383868714203,88419118
2018-06-08,6.730257987976074,6.953696829525048,6.649006883769315,6.940154752821306,69407415
2018-06-11,6.493276596069336,6.879216261863651,6.432338611363329,6.709944383461542,71274186
2018-06-12,6.750570297241211,6.804737700833846,6.574527365578239,6.669320095862732,66385860
2018-06-13,6.513588905334473,6.743798771966347,6.500046829411277,6.737027734004749,46473400
2018-06-14,6.540672779083252,6.594838820446971,6.364628963603205,6.506817590714724,45904098
2018-06-15,6.2021284103393555,6.547442734182278,6.175044260383182,6.533901563214537,52307061
2018-06-19,5.73493766784668,6.215669125104444,5.599519178183128,6.100564651904649,57180757
2018-06-20,5.917751789093018,6.012544063928733,5.728167239421588,5.728167239421588,48586732
2018-06-21,5.728167533874512,5.992231257342442,5.653687013807756,5.978689180237489,52888460
2018-06-22,5.978689670562744,6.012544866101665,5.640146303273873,5.667229555694448,50883247
2018-06-25,5.863583564758301,6.120876652352631,5.836499867745928,6.066710614343357,45447551
2018-06-26,5.938063621520996,6.100564912036057,5.768791745237936,5.768791745237936,51959804
2018-06-27,6.026084899902344,6.1411902829251925,5.8906673074106815,5.9719188573171085,50845386
2018-06-28,5.890667915344238,6.120877801137854,5.829730828643722,6.087023964527622,46296174
2018-06-29,6.073480606079102,6.107335339557062,5.870354465237073,5.877125502333694,45350533
2018-07-02,5.741707801818848,6.093794546676474,5.6604576056277445,6.026085070505937,62307697
2018-07-03,5.978689670562744,6.066712274953376,5.7146259254383756,5.789105095597597,63769399
2018-07-04,5.877126216888428,6.066711210597695,5.802646155785572,6.026084983078534,45666198
2018-07-05,5.640145778656006,5.971919431993026,5.640145778656006,5.9109809897017165,41036069
2018-07-06,5.701082706451416,5.795874974966311,5.470872846914502,5.646915308438456,54279076
2018-07-09,5.802646636962891,5.802646636962891,5.707854358250326,5.755250271603988,31059595
2018-07-10,5.572436809539795,5.843272023484549,5.437019202567418,5.836500984934095,77527599
2018-07-11,5.369309425354004,5.531810711893189,5.301600857299464,5.457330654225942,47790569
2018-07-12,5.606290340423584,5.626603001323838,5.389622108155931,5.389622108155931,51338750
2018-07-13,5.504726886749268,5.6536865588809295,5.497957204757249,5.619832724858344,38817745
2018-07-16,5.457330226898193,5.619831952718115,5.42347594552183,5.545352352888058,48709676
2018-07-17,5.457330226898193,5.504726130424073,5.355767834774249,5.491185412284847,34325312
2018-07-18,5.28128719329834,5.518268060767217,5.2745161563974685,5.477643195377392,71657644
2018-07-19,5.139100074768066,5.335455664591734,5.1187878639637665,5.315142549776985,52758995
2018-07-20,5.247434139251709,5.260976215052057,5.098474469484279,5.159412454570246,41058341
2018-07-23,5.28128719329834,5.294829267100082,5.16618273001947,5.247433364809386,37943778
2018-07-24,5.626603603363037,5.73493840909632,5.267746254391155,5.315142618898158,102441081
2018-07-25,5.477643966674805,5.62660318342758,5.450560719268044,5.592749350171728,71867642
2018-07-26,5.525040149688721,5.5792075511994135,5.450560989623263,5.497957352943813,55148709
2018-07-27,5.430246829986572,5.613060757890361,5.423475793099536,5.5114970126053455,51784940
2018-07-30,5.288059234619141,5.457331121246403,5.247434361512982,5.396393585584555,43794690
2018-07-31,5.315142631530762,5.376081072901875,5.260976584551076,5.308372497165495,26222438
2018-08-01,5.288059234619141,5.369309884841897,5.260976437886921,5.321913521543549,32497144
2018-08-02,5.0036821365356445,5.260976149472623,4.908889867140818,5.260976149472623,48697254
2018-08-03,4.9562859535217285,5.078161474538569,4.949514915463211,4.9833692017453775,25605619
2018-08-06,4.624512672424316,4.915660522546597,4.5703452731416405,4.915660522546597,49974082
2018-08-07,4.787015438079834,4.800556160772179,4.617742618263953,4.6651389897321875,41943864
2018-08-08,4.915660858154297,5.267746265498469,4.814097542571732,4.820868580945646,84744116
2018-08-09,5.010452747344971,5.084931896945137,4.759929793574113,4.814096735468424,57199702
2018-08-10,5.037536144256592,5.098474582700957,4.956285947676262,5.0104533480700955,31794435
2018-08-13,5.017224311828613,5.044307107614084,4.902118926700036,4.9630569122368575,28270456
2018-08-14,4.983368873596191,5.064619968932478,4.9630566647685965,5.010453024046801,23225123
2018-08-15,4.739617824554443,4.976598715782166,4.69899159907618,4.949514565463324,48653934
2018-08-16,4.719305515289307,4.7870149986037696,4.644826349258114,4.665138561445095,28619119
2018-08-17,4.577116012573242,4.807325862494111,4.5568029001629835,4.780243068629281,35095218
2018-08-20,4.5364909172058105,4.631283177027022,4.407844375735269,4.590657858245767,45908451
2018-08-21,4.604199409484863,4.631283560253708,4.475552857369154,4.536491292588682,33461892
2018-08-22,4.482324123382568,4.6041996440141775,4.441698799170295,4.590658471950365,31916787
2018-08-23,4.516178131103516,4.5364912439624145,4.434927939693826,4.482323847015713,31748508
2018-08-24,4.455240726470947,4.516178258749264,4.455240726470947,4.502637087137631,22954297
2018-08-27,4.604199409484863,4.644825635638131,4.482323895061365,4.509407141819837,46588222
2018-08-28,4.753159046173096,4.935972542714627,4.67190885437974,4.692221515329375,76337634
2018-08-29,4.671908855438232,4.793783917153287,4.665137817785092,4.766701122556277,32354441
2018-08-30,4.671908855438232,4.787014235515698,4.651595742478811,4.671908855438232,36737867
2018-08-31,4.61774206161499,4.787014861025763,4.502637570507408,4.6583673888318975,45968757
2018-09-03,4.719305515289307,4.793784681320499,4.5974299821411435,4.739618631486799,54301216
2018-09-04,4.712533473968506,4.75315879370997,4.6312832864907385,4.665137568940238,44797271
2018-09-05,4.631284236907959,4.766701846501083,4.631284236907959,4.685451190344158,46849677
2018-09-06,4.495866298675537,4.624512860183347,4.462011107742815,4.597429611447608,46655184
2018-09-07,4.604199409484863,4.658366807012181,4.502637008137999,4.502637008137999,46566312
2018-09-10,4.462011814117432,4.658367884565092,4.455241678869555,4.583888260743219,36403869
2018-09-11,4.509407043457031,4.556802950253114,4.448469513577094,4.468781722200289,25063530
2018-09-12,4.638055324554443,4.692222278562495,4.489095636025729,4.516178887027126,46672186
2018-09-13,4.671908855438232,4.726075800647803,4.577116136315004,4.698991650035242,33486783
2018-09-14,4.61774206161499,4.753159668336268,4.604199984539192,4.69222212951615,34030946
2018-09-17,4.482324123382568,4.631283796162639,4.475553085345453,4.631283796162639,30359182
2018-09-18,4.631284236907959,4.644826314270948,4.468782472588856,4.48909558863334,33535040
2018-09-19,4.631284236907959,4.685451190344158,4.543262994074792,4.556803715422023,40776045
2018-09-20,4.644825458526611,4.726075647709069,4.61774130879051,4.644825458526611,35233149
2018-09-21,4.692221641540527,4.705762813197602,4.577116258393041,4.658366904377057,41535565
2018-09-25,4.6515960693359375,4.712534056480623,4.631283858959591,4.658367107464863,25826262
2018-09-26,4.780243396759033,4.814097230417775,4.65159593602252,4.66513801189226,68038047
2018-09-27,4.658366680145264,4.7734720577521195,4.644825509139997,4.759929982736505,45166682
2018-09-28,4.678679466247559,4.732846863753618,4.638054596125793,4.6719088805631905,33693217
2018-10-08,4.462011814117432,4.590659300001677,4.448470639611098,4.590659300001677,34186567
2018-10-09,4.468782424926758,4.516178791181206,4.421386510677557,4.482324502145313,21885899
2018-10-10,4.482324123382568,4.556803281764789,4.4281571751012745,4.50940737152061,23019458
2018-10-11,4.035445213317871,4.279197137829295,4.035445213317871,4.25211389199814,52509709
2018-10-12,3.8797152042388916,4.015132781887081,3.696901723016666,3.9609658412288344,56639968
2018-10-15,3.771381378173828,3.9474242979950316,3.751068490191655,3.8932568980460407,27390008
2018-10-16,3.649506092071533,3.8120069463119135,3.6291932027882132,3.7646105813218638,29973554
2018-10-17,3.723985195159912,3.757839254693687,3.6156508486362298,3.710443119341201,33644273
2018-10-18,3.608880043029785,3.703672319836517,3.5885678320046273,3.69013137315918,24796357
2018-10-19,3.703671932220459,3.73075608276673,3.5005462271856174,3.5344002853555,30834440
2018-10-22,3.9609663486480713,4.028675372148597,3.723985218401434,3.744298332256275,55637295
2018-10-23,3.8594024181365967,4.008362082502892,3.825548585878834,3.9609661749358036,33457459
2018-10-24,3.8594024181365967,3.954195137281141,3.8458603428272706,3.8594024181365967,25160335
2018-10-25,3.845860481262207,3.8594025570589907,3.6901311296511934,3.7172141512317607,28111808
2018-10-26,3.8255486488342285,3.940653126821434,3.798464497769865,3.8797155949473816,24107938
2018-10-29,3.886486530303955,3.9541950981599676,3.778152188927084,3.784923226514757,32692412
2018-10-30,3.9135701656341553,3.9541954911877943,3.7984647752286946,3.879715878341197,28068896
2018-10-31,3.9609663486480713,3.988049144438915,3.900027911093955,3.933883100852024,31499858
2018-11-01,4.0422163009643555,4.218259661078385,3.960966110456957,3.9880489046191876,52234025
2018-11-02,4.2318010330200195,4.238572070885848,4.076071682157945,4.164092914387725,63857017
2018-11-05,4.658366680145264,4.658366680145264,4.658366680145264,4.658366680145264,14666771
2018-11-06,5.125557899475098,5.125557899475098,4.868264778185129,5.125557899475098,206172234
2018-11-07,5.023995876312256,5.1932673227572534,4.983369644352854,5.125558292174003,136998061
2018-11-08,5.023995876312256,5.159413033468254,4.963057432383655,5.0578497135960045,84377273
2018-11-09,4.915660858154297,5.091703787828999,4.8953481950377835,5.003682548994264,60817696
2018-11-12,5.4099345207214355,5.4099345207214355,4.875035635557624,4.875035635557624,134032088
2018-11-13,5.552123546600342,5.795875503887455,5.294830416582031,5.34899781953821,148087093
2018-11-14,5.558894157409668,5.721395901774178,5.43701864014538,5.646915389434165,82971652
2018-11-15,5.552123546600342,5.633374651034611,5.484415422918197,5.504727182014992,45976019
2018-11-16,5.619832515716553,5.856813413102285,5.545352908425081,5.5656651176816725,70578776
2018-11-19,5.69431209564209,5.8094174860460175,5.437018969812767,5.579207609248611,64617306
2018-11-20,5.315142631530762,5.633374655111627,5.315142631530762,5.606290953613936,66480558
2018-11-21,5.504726886749268,5.585978438830551,5.227121108514077,5.227121108514077,62937275
2018-11-22,5.497956275939941,5.721395068382175,5.450559921903942,5.613060738587803,34382576
2018-11-23,5.301601409912109,5.545353365128382,5.281288294972192,5.525040250188465,41161702
2018-11-26,5.321913242340088,5.423476549790219,5.247434086216919,5.34222635583531,24919974
2018-11-27,5.348997592926025,5.511497986889251,5.26097635786044,5.3963935034981985,37498839
2018-11-28,5.74847936630249,5.8568141764928585,5.315142837572517,5.328684914848937,82110289
2018-11-29,5.613061904907227,5.850042820318437,5.592749694105627,5.741708016008407,60302695
2018-11-30,5.667227745056152,5.701082025768313,5.511497059368911,5.59274859869248,36863454
2018-12-03,5.775562286376953,5.992230052425758,5.707853270482836,5.9312920737226,52431598
2018-12-04,5.701082706451416,5.7823338034708565,5.619832513442357,5.755249652459185,34015396
2018-12-05,6.26983642578125,6.26983642578125,5.558893772891561,5.585977922418253,94246980
2018-12-06,6.432338714599609,6.737027739009378,6.22921164364762,6.296921119303488,103053343
2018-12-07,6.527131080627441,6.581298029129255,6.2698370582321035,6.500046928368718,57058383
2018-12-10,6.242753505706787,6.452650251418817,6.20889967304908,6.41879641876111,52078829
2018-12-11,6.2969207763671875,6.398484080309346,6.242753379594583,6.249524417192453,34214415
2018-12-12,6.500046253204346,6.811507191749831,6.4729630077692,6.513588327927083,71405234
2018-12-13,6.540672779083252,6.682861406194772,6.4458805116773,6.628694008815498,46963817
2018-12-14,6.378170967102051,6.533901667806713,6.364628891907189,6.52035959261185,31971475
2018-12-17,6.235982418060303,6.3443167609217435,6.120877037518402,6.310462024524626,37810794
2018-12-18,6.459421157836914,6.588068612154077,6.276607662769625,6.276607662769625,56303815
2018-12-19,6.141190052032471,6.418796264404928,6.080252069901553,6.4120252268331,43506345
2018-12-20,6.391712665557861,6.601609394644384,6.114106468498304,6.127647638884666,65983890
2018-12-21,6.290150165557861,6.486505749167092,6.147961530391299,6.432338800724424,48159935
2018-12-24,6.459421157836914,6.459421157836914,6.195357471631486,6.269836625172622,36604962
2018-12-25,6.567755699157715,6.574526284489538,6.23598210172798,6.351087476430937,51305681
2018-12-26,6.669318675994873,6.723485616050374,6.439108841755138,6.540672136862415,50831586
2018-12-27,6.351088047027588,6.797966155298532,6.324004347251542,6.770882907527689,44993719
2018-12-28,6.039626598358154,6.425567142260914,5.714624487076787,6.351087538842806,90774131
2019-01-02,5.877126216888428,6.080252382427012,5.795875117865712,6.012543811249217,35368128
2019-01-03,5.74847936630249,5.958377496039766,5.734938645041819,5.897439052306372,28523912
2019-01-04,5.8974385261535645,5.965148002484321,5.640145408930029,5.680770733124316,32255864
2019-01-07,6.141190052032471,6.283378677004613,5.897438123508798,5.944834482501238,41669461
2019-01-08,6.080252647399902,6.181815960597849,5.978688882196735,6.087023685614839,23751935
2019-01-09,6.019315242767334,6.229212007945558,5.904209850629071,6.09379485673515,37548641
2019-01-10,6.466192245483398,6.594838796785948,6.1953575195846575,6.1953575195846575,69446119
2019-01-11,6.432338714599609,6.472963586383762,6.242753719580875,6.391713390810253,41989519
2019-01-14,6.263065338134766,6.432338107281915,6.235982092835765,6.432338107281915,33194975
2019-01-15,6.669318675994873,6.777653008111017,6.22243972551771,6.263065043560622,60791353
2019-01-16,6.682862281799316,6.743799368820863,6.5880695499682105,6.676091243238454,32436187
2019-01-17,6.472963809967041,6.940154597676725,6.398484649787568,6.6896316083206155,58966289
2019-01-18,6.9063005447387695,7.01463489250193,6.330775424009671,6.560985291499228,68442738
2019-01-21,7.034946918487549,7.217760419299159,6.777653809789342,6.913071401948207,59606331
2019-01-22,6.980780601501465,7.07557288549763,6.885988317505299,6.974009562642715,31555904
2019-01-23,7.021404266357422,7.048487963367496,6.8182781207999215,6.926611552824744,29745772
2019-01-24,7.725576877593994,7.725576877593994,6.940154127723747,6.9740084124233945,93881502
2019-01-25,8.091205596923828,8.436520420555606,7.651098043348989,7.833911560798642,81153886
2019-01-28,8.09797477722168,8.646415203727745,7.901619227974966,8.118286983828455,71861879
2019-01-29,7.732347011566162,8.219850880881175,7.535992341104168,8.158913349221988,84280471
2019-01-30,7.5224504470825195,7.894849395794312,7.5224504470825195,7.67818160687903,54580155
2019-01-31,7.48182487487793,7.651096738615056,7.332865218944514,7.5901583071832945,47205307
2019-02-01,7.969327926635742,8.091204798252512,7.583388718564414,7.583388718564414,56231389
2019-02-11,8.233392715454102,8.233392715454102,7.833910540456107,7.989640787928849,54902388
2019-02-12,8.070891380310059,8.253704872813392,7.996411775808317,8.12505877631603,43297990
2019-02-13,8.152144432067871,8.287561591079532,7.9490168855293515,8.070892871046155,51036756
2019-02-14,8.592249870300293,8.63964623075953,7.949015745235877,8.09797586439496,79448359
2019-02-15,8.341728210449219,8.646416789492726,8.280789771432174,8.483916394804941,55590451
2019-02-18,8.687042236328125,8.768293790830255,8.348498461953053,8.38912469120934,61304868
2019-02-19,8.612563133239746,9.005274291276786,8.46360301149331,8.944335854196336,58510767
2019-02-20,8.741209030151367,8.842772788208713,8.524541246580352,8.666729423048182,37428031
2019-02-21,8.57870864868164,9.079753689444193,8.463602815090814,8.592249820154978,67549685
2019-02-22,8.599020004272461,8.795375559242235,8.375581205034187,8.599020004272461,60537488
2019-02-25,8.747980117797852,8.788605440450485,8.422977536576782,8.76829323112936,95696517
2019-02-26,8.267248153686523,8.666730384472265,8.145373076914378,8.666730384472265,88249680
2019-02-27,7.745888710021973,8.294330988311303,7.522449899466926,8.26724683866075,95423825
2019-02-28,7.691722393035889,8.009953926558321,7.54953331617949,7.712034601723742,66694112
2019-03-01,7.752659797668457,7.800056155853696,7.603700589666569,7.779743043484162,45384967
2019-03-04,7.928703308105469,8.131829915658821,7.712034625378439,7.79328526839978,76275578
2019-03-05,8.043807983398438,8.043807983398438,7.745888666970534,7.854223456949952,57700690
2019-03-06,8.125059127807617,8.226621982700799,7.935473685590394,8.091204842843224,66361080
2019-03-07,7.87453556060791,8.111516441527518,7.77974284663594,8.111516441527518,64778754
2019-03-08,7.366721153259277,7.813599769265754,7.366721153259277,7.70526495665111,61594146
2019-03-11,8.104747772216797,8.104747772216797,7.447971049079799,7.447971049079799,105182046
2019-03-12,8.226621627807617,8.382352778342266,8.070891381283316,8.314643307324053,89085273
2019-03-13,8.125059127807617,8.32141470380941,7.989641083939656,8.260476267665192,56744247
2019-03-14,7.915163040161133,8.301102282537455,7.793286157711087,8.125059805242808,60131216
2019-03-15,8.28078842163086,8.626104077081958,8.009953269284514,8.009953269284514,78455609
2019-03-18,8.246935844421387,8.368811823758591,8.037038173783344,8.355269746939857,61045849
2019-03-19,8.192767143249512,8.260475708595779,8.070891183220034,8.246934537932722,45297446
2019-03-20,7.949016094207764,8.260476613741423,7.766202586136833,8.25370557566279,54641337
2019-03-21,7.90839147567749,8.023495504089551,7.840682000597499,7.888078361950372,35383147
2019-03-22,7.759430408477783,7.874535326878487,7.603700171582108,7.874535326878487,42042434
2019-03-25,7.569847106933594,7.759431655713475,7.56307606876102,7.759431655713475,32871890
2019-03-26,7.596930980682373,7.806828661250175,7.502138698493005,7.684952676147307,35799484
2019-03-27,7.712034702301025,7.813598459095914,7.583388602909372,7.617242887170879,32196319
2019-03-28,7.515679836273193,7.725577038592467,7.50213776050697,7.651097429899035,31794107
2019-03-29,7.441199779510498,7.583388402457612,6.906300023093848,7.441199779510498,69808100
2019-04-01,8.185997009277344,8.185997009277344,7.353178309175486,7.441200448250663,83657449
2019-04-02,8.287561416625977,8.416207534176944,8.179226606884484,8.409436495566789,104326752
2019-04-03,8.28078842163086,8.36203905773579,8.13860026045237,8.199537785525928,40877590
2019-04-04,8.274018287658691,8.395894255117808,8.097975826224665,8.260476212159773,50932483
2019-04-08,8.125059127807617,8.517770279811202,7.9760990083497445,8.355268988773803,52258574
2019-04-09,8.07766342163086,8.28756109022653,7.928704194116075,8.00995484621695,34840621
2019-04-10,7.9016194343566895,8.111516158820105,7.85422307902259,7.989640203965402,33165465
2019-04-11,8.192767143249512,8.31464310327899,7.820369129834711,7.962557297863939,67859527
2019-04-12,8.240164756774902,8.328186447549788,8.091205528700767,8.125059816534847,33316435
2019-04-15,8.118288040161133,8.422977506980072,8.118288040161133,8.375582050727191,37738097
2019-04-16,8.32818603515625,8.382353435414803,7.739118382377031,7.989641365558518,54399830
2019-04-17,8.8427734375,9.06621227521582,8.287560958317858,8.395894858057913,84990542
2019-04-18,8.761523246765137,9.167775618125507,8.666730514508439,8.788606497119696,60679617
2019-04-19,8.9443359375,9.052670736871919,8.666729709128974,8.83600204213849,37219037
2019-04-22,8.836002349853516,9.614653662397274,8.808919101072563,8.971419497768723,61339579
2019-04-23,8.720897674560547,9.17454639932201,8.585479618565957,8.971419767335359,50352442
2019-04-24,8.666728973388672,8.924022066031304,8.483915483984967,8.795375971715155,41305380
2019-04-25,8.389123916625977,8.863085699395572,8.314643407210152,8.76829298123751,38701598
2019-04-26,8.287561416625977,8.531313382528593,8.280790378015821,8.314644667056102,25728925
2019-05-06,7.610472679138184,7.908392040334457,7.31255331794191,7.495367286492028,34993407
2019-05-07,7.671410083770752,7.908390971414082,7.52244997130125,7.718805538091142,27905614
2019-05-08,7.454742431640625,7.718807069581085,7.393805342280273,7.5359935414737205,22708182
2019-05-09,7.048489093780518,7.50890930476147,7.041718507446023,7.4479708637144135,37460487
2019-05-10,7.197447776794434,7.393803793415599,6.825049307764271,7.231302059795767,61451128
2019-05-13,6.479734420776367,7.055259521707498,6.479734420776367,7.041717898204885,63384111
2019-05-14,6.635465145111084,6.743798585464219,6.1750445205700215,6.188586596118706,55985409
2019-05-15,7.299012184143066,7.299012184143066,6.7708833908500505,6.8385915151103305,66592957
2019-05-16,7.102656364440918,7.50890916516181,7.062031039168307,7.4479707252476715,50721260
2019-05-17,6.723486423492432,7.197448222909015,6.723486423492432,7.197448222909015,41443837
2019-05-20,6.608381271362305,6.797966268953899,6.5339021127446655,6.635465423596375,34568202
2019-05-21,6.723486423492432,6.933383171912651,6.635465191832172,6.6422353256438,33637002
2019-05-22,6.682862281799316,6.94015496703345,6.621923838762037,6.7302581957096255,35727993
2019-05-23,6.479734420776367,6.757340640613675,6.432338512514626,6.635465125079776,37906421
2019-05-24,6.324004650115967,6.533902316420878,6.235982960632251,6.513589201612121,34850284
2019-05-27,6.628694534301758,6.682861935975124,6.398484659208226,6.432338946250164,45554448
2019-05-28,6.581297874450684,6.730257544336223,6.506817813505314,6.608381122062454,30176087
2019-05-29,6.560985088348389,6.709944303404583,6.513588727918585,6.513588727918585,27117829
2019-05-30,6.432338714599609,6.533902024073002,6.283379043370233,6.513588910173119,35219009
2019-05-31,6.804737567901611,6.892758806010963,6.506818209977757,6.567756650830333,79767104
2019-06-03,6.520360469818115,6.77765450907299,6.500047354293028,6.770883470564628,46644294
2019-06-04,6.513588905334473,6.649006500529999,6.3917133860621425,6.5271309812576686,30880994
2019-06-05,6.445880889892578,6.62192335968645,6.42556777567958,6.581298035270876,22109047
2019-06-06,6.134418964385986,6.432338287042041,6.12764792686943,6.432338287042041,32262557
2019-06-10,6.21566915512085,6.296920701316529,6.120876889906356,6.161503115009371,20479146
2019-06-11,6.378170967102051,6.391713042296914,5.6943115379376,6.222440266397389,65176277
2019-06-12,5.985459327697754,6.3443166334645715,5.958376533535562,6.290149689124656,62595736
2019-06-13,6.22921085357666,6.24275292779233,5.992229978864197,6.039626334608748,52668651
2019-06-14,5.938063621520996,6.215669390143969,5.917751412211805,6.161503347984397,43248167
2019-06-17,5.7552490234375,5.99900093183931,5.6672278022958285,5.938062954738858,39091458
2019-06-18,5.7552490234375,5.850041733597187,5.687540913334454,5.762020060450375,24174649
2019-06-19,5.870355606079102,6.012544248704996,5.870355606079102,5.904209894131141,35193687
2019-06-20,6.073480606079102,6.17504390250269,5.816187524479541,5.822958561576162,46460703
2019-06-21,6.208900451660156,6.337546568709618,6.120877854081776,6.1953583744926375,38149774
2019-06-24,6.337545394897461,6.391712789524399,6.18181515235663,6.22244002031909,36837213
2019-06-25,6.222440719604492,6.378171431651691,6.141190522543415,6.364629355470501,27574650
2019-06-26,6.2969207763671875,6.391713042711475,6.147961113250295,6.242753379594583,32146882
2019-06-27,6.479734420776367,6.547442990294623,6.2630657327034145,6.303691959226825,40123059
2019-06-28,6.370737552642822,6.5001957187826385,6.248092710855486,6.5001957187826385,28464730
2019-07-01,6.56151819229126,6.616027056172319,6.432059583716446,6.507008873551818,34649389
2019-07-02,6.520636558532715,6.616027185909733,6.377550390037993,6.561518320959778,35738505
2019-07-03,6.384364604949951,6.486569472859302,6.336669515431799,6.486569472859302,24652471
2019-07-04,6.343482971191406,6.479755363359213,6.316227855956088,6.397990927370053,18867632
2019-07-05,6.384364604949951,6.445686797922087,6.3162281779631915,6.3639237223397656,13696197
2019-07-08,5.955106258392334,6.391178097981664,5.880156055604792,6.391178097981664,48331187
2019-07-09,6.2003960609436035,6.282159122608985,5.955105511372424,6.009614825627137,47256328
2019-07-10,6.1731414794921875,6.323041424287887,6.098192189381912,6.28215966251255,19170229
2019-07-11,6.036869049072266,6.214023197223631,5.989173963911348,6.186768992805502,27901123
2019-07-12,6.643280982971191,6.643280982971191,5.995987512297881,5.995987512297881,84731904
2019-07-15,6.813622951507568,6.949895346857542,6.588772794149577,6.731858513609084,94170974
2019-07-16,6.909012794494629,6.990775858489268,6.765926636501885,6.793180839547312,63100410
2019-07-17,6.9226393699646,6.977148230353227,6.827248750569914,6.9226393699646,41044851
2019-07-18,6.895385265350342,7.154303379313129,6.895385265350342,7.045285202125727,56294490
2019-07-19,6.847691059112549,7.065726531685699,6.847691059112549,6.949895471167723,48996473
2019-07-22,6.970335006713867,7.086167424542606,6.820436424723021,6.949895035301569,51788716
2019-07-23,7.024844169616699,7.106608147167744,6.813622494091272,6.936267323271895,54189252
2019-07-24,7.1883721351623535,7.256507650386011,6.983962860340934,7.018030845381967,54819721
2019-07-25,7.201999664306641,7.304203164163214,7.045285933055179,7.188372106457919,46700421
2019-07-26,7.1406755447387695,7.22925238382363,7.072539129793358,7.201998636590479,29388434
2019-07-29,7.120234966278076,7.161116728610857,7.0589132324956845,7.106608318645002,22281971
2019-07-30,6.977148056030273,7.201998634662444,6.9703342780800535,7.086166683800419,28960759
2019-07-31,7.004403591156006,7.140675974387896,6.9567085071969474,6.977148477707912,25701692
2019-08-01,7.018030643463135,7.113421271748545,6.949895130199835,6.949895130199835,19045675
2019-08-02,7.045284748077393,7.065725171695698,6.765926227182827,6.813621761914418,27312224
2019-08-05,7.31101655960083,7.494984032324822,6.983962466121054,7.0112175803888785,48368171
2019-08-06,7.1883721351623535,7.3859671761737955,6.997590418244074,7.1543041501213205,42017780
2019-08-07,6.7931809425354,7.283762063090839,6.779553385947729,7.2565069499154955,38226385
2019-08-08,6.854504585266113,6.936268117318869,6.711418859032221,6.820437053388706,24891031
2019-08-09,6.813622951507568,6.949895346857542,6.711418541280485,6.895386024830826,24368961
2019-08-12,6.963522434234619,6.963522434234619,6.731858058704956,6.772740729749969,16220033
2019-08-13,6.847691059112549,6.936267912988089,6.820436852470113,6.820436852470113,12495912
2019-08-14,6.745485782623291,6.997590135338134,6.71823203249408,6.949895049180638,24081449
2019-08-15,6.909012794494629,6.949894553921127,6.547890282988323,6.575145395750464,28288139
2019-08-16,6.847691059112549,6.956709250257541,6.813623073380296,6.936267912988089,22191170
2019-08-19,7.167930603027344,7.174744381793282,6.77274098662926,6.874944484109557,35310510
2019-08-20,7.1406755447387695,7.22925238382363,7.092980008791147,7.22925238382363,22415374
2019-08-21,7.856106281280518,7.856106281280518,7.09979417216341,7.09979417216341,36932516
2019-08-22,8.278550148010254,8.39438255469998,7.9923778397229395,8.1763462070517,96824959
2019-08-23,8.28536319732666,8.530653725714117,8.162717933132932,8.339872506873855,70177041
2019-08-26,8.373942375183105,8.544282300265245,8.09458380638822,8.09458380638822,66019504
2019-08-27,8.380756378173828,8.510214542753715,8.244483524748299,8.373942599045026,45651909
2019-08-28,8.353499412536621,8.639671704581643,8.258108345282734,8.38756830063918,49093319
2019-08-29,8.346686363220215,8.455704073629022,8.210413542921742,8.346686363220215,40443530
2019-08-30,8.183161735534668,8.496587403463051,8.108211980855746,8.346688803822092,38904269
2019-09-02,8.769132614135742,9.000795644174215,8.189975039039561,8.285365216852373,62009211
2019-09-03,8.626046180725098,8.7827585377914,8.544281748363549,8.7827585377914,31436199
2019-09-04,8.5919771194458,8.714622401004233,8.448891412485999,8.666927771828792,25752830
2019-09-05,8.578350067138672,8.74868996982495,8.496585640245884,8.653299806263973,30532430
2019-09-06,8.373942375183105,8.619232958961563,8.251297083293876,8.523841873142114,39883961
2019-09-09,8.626046180725098,8.687368367850313,8.367128055777668,8.503399987041151,35909972
2019-09-10,8.523841857910156,8.769132441250283,8.448892109064586,8.653300928514692,23240295
2019-09-11,8.353499412536621,8.578349525430314,8.346686544632748,8.544280637327756,21092337
2019-09-12,8.612419128417969,9.116626941130662,8.442079204356336,8.442079204356336,48725808
2019-09-16,8.517027854919434,8.680555815894426,8.421637681496676,8.517027854919434,35318183
2019-09-17,8.176346778869629,8.530655072574751,8.080955699530392,8.469331975937598,37653158
2019-09-18,8.026445388793945,8.24448172472747,8.006004965587143,8.24448172472747,25044675
2019-09-19,8.142278671264648,8.312618582162044,8.040073815009471,8.108210689085169,25491233
2019-09-20,8.121837615966797,8.312618868575338,8.033260313418156,8.169533156548125,21980555
2019-09-23,7.971938133239746,8.101397197884223,7.862920404457605,8.101397197884223,21964545
2019-09-24,8.094583511352539,8.224041667753042,7.951497797555444,8.012819986406546,27957412
2019-09-25,7.862921237945557,8.155907381678844,7.842479899916391,8.01963361425148,27684183
2019-09-26,7.767529010772705,7.971937812590419,7.706206825085759,7.971937812590419,24375463
2019-09-27,7.822037220001221,7.88335939700316,7.651696424325558,7.80159588785617,16837221
2019-09-30,7.699393272399902,7.992378472161757,7.699393272399902,7.82203855708513,16626498
2019-10-08,7.787969589233398,7.999192173551161,7.733461180821349,7.733461180821349,14277890
2019-10-09,7.787969589233398,7.822038481636871,7.590374561877025,7.7402749593020435,16431374
2019-10-10,7.8015971183776855,7.931056179899026,7.706206949138342,7.8015971183776855,20910141
2019-10-11,7.229252815246582,7.835664988558974,7.0861671085814155,7.801597006482351,82818573
2019-10-14,7.413221836090088,7.617630668566716,7.161117457749436,7.222440107492424,66560660
2019-10-15,7.113421440124512,7.529053311740268,6.96352285253873,7.522239532823456,53824055
2019-10-16,6.9839630126953125,7.133862968891041,6.895386158684652,7.086167879764814,27467519
2019-10-17,6.915826320648193,7.086166675478564,6.8545032288849175,6.983961825778665,28067006
2019-10-18,6.7931809425354,6.970334629591489,6.752299182489113,6.949894659285075,25067060
2019-10-21,6.745485782623291,6.793181323639177,6.643281376773813,6.786367544963083,18623866
2019-10-22,6.8068084716796875,6.854503554969151,6.69779029370967,6.752299155265498,19433264
2019-10-23,6.697790145874023,6.86131718179045,6.663722165010885,6.806808321437758,18834621
2019-10-24,6.690976619720459,6.725045511583235,6.547890457905383,6.677349972692087,16447379
2019-10-25,6.765926837921143,6.827249024028073,6.5887722385602485,6.690976640169083,17901416
2019-10-28,6.970335006713867,6.997590121363818,6.759113326477408,6.759113326477408,27502560
2019-10-29,6.854504585266113,7.011218324939516,6.8476912608340035,6.983963207777356,18006051
2019-10-30,6.752299785614014,6.874944621849319,6.690977140067159,6.83406331300982,17261434
2019-10-31,6.663722515106201,6.813622457524412,6.643281179684359,6.7318580255537945,13771479
2019-11-01,6.738672256469727,6.759113593264023,6.622841198644227,6.663722962516006,17082350
2019-11-04,6.738672256469727,6.8545042240120395,6.684163389593489,6.779554020341506,19615733
2019-11-05,6.895385265350342,6.9021990435677925,6.602399624875383,6.765926663227307,33796665
2019-11-06,7.201999664306641,7.474543998404992,6.834063334984047,6.8476908928327695,59110132
2019-11-07,7.086167335510254,7.208811711026992,7.052099352342631,7.133862420973251,26854207
2019-11-08,7.011216640472412,7.188370765738731,6.963521561472819,7.133861454227309,21255242
2019-11-11,6.765926837921143,6.963522317603803,6.765926837921143,6.963522317603803,17045316
2019-11-12,6.725046157836914,6.834063438265397,6.636467940198373,6.76592746742569,16334397
2019-11-13,6.731858253479004,6.759113368297589,6.636467625905913,6.677350298133791,13236059
2019-11-14,6.697790145874023,6.752299006226715,6.602399526542225,6.718231480221928,14659248
2019-11-15,6.527450084686279,6.704604230063601,6.527450084686279,6.704604230063601,15640823
2019-11-18,6.54107666015625,6.568331773565734,6.45931359421964,6.4865687076291225,10969620
2019-11-19,6.759113311767578,6.840876836105936,6.520636517400163,6.541076943626365,20731278
2019-11-20,6.636467933654785,6.759113681733837,6.629655064350993,6.745486123692602,13837667
2019-11-21,6.799994468688965,6.827248671137008,6.58195902967123,6.6364669797089695,22390412
2019-11-22,6.840877056121826,7.038472094675102,6.765927308020598,6.772741086887401,27266022
2019-11-25,6.977148056030273,7.07253912789998,6.840876135892614,6.874943661068688,25848565
2019-11-26,6.997590065002441,7.072539810252578,6.909013217395476,6.97714872917962,18970378
2019-11-27,6.881758213043213,7.038471939516215,6.868131565326802,6.963522647925601,19260336
2019-11-28,6.87494421005249,7.011217505646982,6.813622477895507,6.861317562780608,16103509
2019-11-29,6.963522434234619,7.0248441665102455,6.82724913837647,6.82724913837647,16640729
2019-12-02,7.215625286102295,7.4132207655335405,7.031657818298839,7.031657818298839,47008175
2019-12-03,7.358711242675781,7.447288084911588,7.229252640990107,7.256506844051113,31223635
2019-12-04,7.576747417449951,7.658510934419496,7.2360662483629605,7.358711068958932,41184746
2019-12-05,7.610815525054932,7.678952396812377,7.515424905282888,7.583561322181978,26262898
2019-12-06,7.651697635650635,7.787969565990818,7.5290528073727945,7.644883857190275,26498549
2019-12-09,7.576747417449951,7.665324712453074,7.52223855775637,7.6448833783523416,19167764
2019-12-10,7.569934368133545,7.6516978929740285,7.399593539763074,7.563121044302432,23820759
2019-12-11,7.426849365234375,7.665326183887391,7.420035585892825,7.617630638213414,18600037
2019-12-12,7.372338771820068,7.542679132326114,7.34508456885978,7.460915613728538,19947557
2019-12-13,7.494983673095703,7.494983673095703,7.3314570890519075,7.48135702633167,26589140
2019-12-16,7.6312575340271,7.651697960559375,7.413221162621028,7.522239348324064,29701289
2019-12-17,7.624443054199219,7.808410514940785,7.576747517053863,7.665324813221424,39237055
2019-12-18,7.651697635650635,7.787969565990818,7.569934113559825,7.60400209614487,35820765
2019-12-19,7.59037446975708,7.69257932629359,7.569934044279823,7.69257932629359,23332127
2019-12-20,7.447288990020752,7.631257839620594,7.433662796550899,7.5835622961796005,22342850
2019-12-23,7.120234966278076,7.549493470772273,7.099794539970075,7.413221081282467,33495789
2019-12-24,7.195185661315918,7.249694526438119,7.0997945787790755,7.154303898759668,19686207
2019-12-25,7.304202556610107,7.392780310683813,7.1543035264682056,7.181557730181872,22315619
2019-12-26,7.270133972167969,7.338270385523392,7.099793621066906,7.290575305547094,23771315
2019-12-27,7.1406755447387695,7.345084334716663,7.133861766786726,7.31782967776683,27344139
2019-12-30,7.283761978149414,7.304202403075823,7.0180300860890865,7.1202344850129204,21510592
2019-12-31,7.174744129180908,7.297389868357631,7.127048589215426,7.256507197201424,22599890
2020-01-02,7.610815525054932,7.7947829864516045,7.236066369255817,7.256506793981355,57853881
2020-01-03,7.563120365142822,7.685765186531792,7.515424828316082,7.665324762015588,36967463
2020-01-06,7.937870502471924,7.992378914426003,7.508611982320285,7.54949374614425,63477666
2020-01-07,7.944684028625488,8.074142185185165,7.822038741055702,8.019632865248555,41697082
2020-01-08,7.91061544418335,8.080955350332971,7.842478572006787,7.978751406643198,46022614
2020-01-09,7.944684028625488,8.244483013984887,7.849292946165615,8.040074201368578,44825173
2020-01-10,7.699393272399902,7.951497620316776,7.665325289384577,7.9038020802086155,46155751
2020-01-13,7.89017391204834,7.924241892425215,7.583561178939775,7.794782839219738,43309176
2020-01-14,7.856106281280518,8.026446190745284,7.822038299387565,7.8901742631734715,29609403
2020-01-15,7.753901481628418,7.869733894500614,7.69939307409452,7.849292559387848,19257140
2020-01-16,7.767529010772705,7.931056052226876,7.706206825085759,7.808410771136248,24949807
2020-01-17,7.706207752227783,7.8833614619721954,7.644884649446254,7.767529945292468,20661558
2020-01-20,7.8969879150390625,7.917429249677541,7.638069801251962,7.747087523507033,32749353
2020-01-21,7.549493789672852,7.910616342105633,7.494984467687672,7.910616342105633,50478268
2020-01-22,8.121837615966797,8.298992221064081,7.515425419929489,7.631257382075802,67904365
2020-01-23,7.753901481628418,8.169532865087271,7.63806997847296,8.053701361931813,61403491
2020-02-03,6.9839630126953125,6.9839630126953125,6.9839630126953125,6.9839630126953125,6391000
2020-02-04,6.943081378936768,6.990776465839133,6.404804681436953,6.404804681436953,65561650
2020-02-05,6.9294538497924805,7.154304001953485,6.874944529025644,6.90219964426746,45451309
2020-02-06,7.099793910980225,7.188371206473412,6.827248701287738,6.888571339354171,41725993
2020-02-07,7.304202556610107,7.304202556610107,7.018030233608032,7.018030233608032,36567357
2020-02-10,7.399593353271484,7.42684846734259,7.181557899003185,7.21562542701693,35825472
2020-02-11,7.270133972167969,7.4064063440204855,7.236065992919422,7.365524586978897,29131821
2020-02-12,7.917429447174072,7.992378280234574,7.58356158415114,7.665325105311175,112664787
2020-02-13,7.91061544418335,8.271736591050576,7.835664793817459,8.04007359091372,101563334
2020-02-14,7.69257926940918,7.9719378136441925,7.624443305366513,7.7879694371255646,66280240
2020-02-17,8.019632339477539,8.09458299062037,7.726648061749789,7.747087577096221,61345536
2020-02-18,8.68736743927002,8.823640265684253,8.142277953046408,8.142277953046408,126329702
2020-02-19,8.721435546875,8.99398029400026,8.694181345077476,8.837267041660319,109894843
2020-02-20,9.130253791809082,9.443680319467944,8.925844989049663,9.062117827461522,105911362
2020-02-21,9.368730545043945,9.723038832055918,9.109813335569202,9.109813335569202,108225068
2020-02-24,9.205204010009766,9.436867028530916,9.103000058209302,9.252899551403365,93693689
2020-02-25,9.130253791809082,9.36873057674228,8.803199707394013,8.98716717501912,92490442
2020-02-26,8.537467956542969,9.028048129655751,8.503399067693708,8.871335789532449,106154498
2020-02-27,8.537467956542969,8.728249185515532,8.435264019145164,8.626045248117727,54026614
2020-02-28,7.781155586242676,8.34668735750521,7.774342717675306,8.196787874122002,85916156
2020-03-02,8.094583511352539,8.230855446451338,7.910616035082447,7.965125354952036,65090431
2020-03-03,8.210415840148926,8.462519309149107,8.09458431985871,8.305806022302525,64237815
2020-03-04,8.251296997070312,8.360314729927042,8.05370195826639,8.203602364375797,48407485
2020-03-05,8.510212898254395,8.660113280971029,8.312617890286251,8.380754758690781,71021986
2020-03-06,8.32624626159668,8.476145749281653,8.271736943476347,8.353500465798469,43990483
2020-03-09,7.699393272399902,8.142278871032655,7.658511510838159,8.074141995285242,74871377
2020-03-10,7.999191761016846,8.03325974194661,7.522238663425073,7.651697263873193,75189753
2020-03-11,8.04007339477539,8.489772737416706,7.999191636353452,8.033259616752286,86468558
2020-03-12,8.060514450073242,8.210413922530536,7.767528373229443,7.835664331670639,59307822
2020-03-13,8.121837615966797,8.278550885222037,7.597188489005731,7.665325365429101,70138119
2020-03-16,7.317830562591553,8.244483097772264,7.317830562591553,8.244483097772264,98724953
2020-03-17,7.127048969268799,7.48817151781321,6.94989526672889,7.399593756826448,54712394
2020-03-18,6.94989538192749,7.331457908889462,6.94989538192749,7.236067277148969,52784562
2020-03-19,7.086167335510254,7.092980659228749,6.772740798708,6.949894947981377,47367962
2020-03-20,7.065725803375244,7.1747439832830215,6.8953854374136565,7.167930204895544,35309990
2020-03-23,6.602400302886963,6.8408771066869845,6.527450554231734,6.765927358031756,45299206
2020-03-24,6.7114176750183105,6.779553181611236,6.466127122133676,6.745485200885598,33891951
2020-03-25,6.943081378936768,7.092980873284769,6.84769075027364,6.943081378936768,42901432
2020-03-26,6.813622951507568,6.922640230985775,6.779554056667859,6.874944687927,26727617
2020-03-27,6.840877056121826,6.990776552324283,6.793181513771007,6.922640128231455,29010146
2020-03-30,6.609213352203369,6.7318577203062615,6.459313416582181,6.690976415891416,31625351
2020-03-31,6.486568927764893,6.731858133899145,6.466127592014058,6.7114181627234615,27424132
2020-04-01,6.547891139984131,6.745486184787562,6.452500507123581,6.493381817042317,32072439
2020-04-02,6.840877056121826,6.861317937863833,6.507009169382896,6.527450505983306,33251377
2020-04-03,6.6841630935668945,6.834063039410823,6.636467552876011,6.8136226132386,24864613
2020-04-07,6.827249526977539,6.895385951355689,6.765927336353129,6.861317966595816,29689227
2020-04-08,6.827249526977539,6.861317966595816,6.752299778562456,6.772741115248466,22160167
2020-04-09,6.840877056121826,6.922640128231455,6.8136228503714165,6.85450415899703,18996644
2020-04-10,6.670536518096924,6.834063113250251,6.643281403283782,6.813622686857178,22167800
2020-04-13,6.4729413986206055,6.629654667855046,6.452500062781277,6.629654667855046,26976035
2020-04-14,6.663722515106201,6.6909767192852385,6.507008794214044,6.541076776867028,22929907
2020-04-15,6.725046157836914,6.847690996320068,6.656909277280381,6.670536835335053,27664880
2020-04-16,6.772740840911865,6.827249250433022,6.636467542817045,6.670536435913733,26726695
2020-04-17,6.813622951507568,7.018030862244916,6.786367835635801,6.874944687927,47994892
2020-04-20,6.752299785614014,6.861317973761224,6.66372293417416,6.813622886019274,38042366
2020-04-21,6.609213352203369,6.7318577203062615,6.5410764802702275,6.725045306716342,29754502
2020-04-22,6.752299785614014,6.772741122321371,6.534264319036404,6.5478909671244985,28505743
2020-04-23,6.602400302886963,6.765927358031756,6.602400302886963,6.725046049103963,23433408
2020-04-24,6.520636558532715,6.663722727027437,6.438873488536979,6.547890763578497,24054097
2020-04-27,6.602400302886963,6.704604712352459,6.547890981266428,6.547890981266428,26705667
2020-04-28,6.799994468688965,6.834062449178193,6.397990206567681,6.677349647956076,48324873
2020-04-29,7.283761978149414,7.283761978149414,6.759112881959852,6.7727404383886025,79861250
2020-04-30,7.426849365234375,7.604003079530315,7.195186325922908,7.222440078713803,70302614
2020-05-06,7.440475940704346,7.529052786147431,7.297389777448806,7.358711509127289,42614600
2020-05-07,7.494983673095703,7.61762940713068,7.379152627017823,7.46091569161054,42995577
2020-05-08,7.5222392082214355,7.617629834648433,7.4404761390399985,7.563120970241346,32526369
2020-05-11,7.4677300453186035,7.617629994149745,7.399593622239285,7.569934452508383,35742229
2020-05-12,7.508610725402832,7.542678704600464,7.372338353753975,7.51542450318569,25461576
2020-05-13,7.447288990020752,7.556307634947831,7.440476575573444,7.481357885133479,22211579
2020-05-14,7.290576457977295,7.488171496626279,7.26332134249688,7.420035072500449,35145794
2020-05-15,7.174744129180908,7.399593362239491,7.140676146267495,7.331457396412665,40981369
2020-05-18,7.392780303955078,7.542679333960545,7.0793533226662415,7.222439029178678,51484441
2020-05-19,7.822037220001221,7.890173174384843,7.5835604699419354,7.617628447133747,67957460
2020-05-20,7.658512115478516,7.937870689919688,7.6244441297735195,7.835665823087864,45500631
2020-05-21,7.304202556610107,7.808410783613356,7.229252814109973,7.747087688111686,45096461
2020-05-22,7.249694347381592,7.372339177162805,7.174744147974031,7.338271194160155,31420230
2020-05-25,7.304202556610107,7.372338975611011,7.1543035264682056,7.2565070178236395,27639164
2020-05-26,7.460916042327881,7.529052918217856,7.324644109981459,7.338271212244425,28833068
2020-05-27,7.420034885406494,7.624443697771475,7.351898008140313,7.460916193021099,35034221
2020-05-28,7.529052734375,7.535866512769297,7.317830152735519,7.413220775963816,35665551
2020-05-29,7.672138690948486,7.699392894078216,7.454101881902136,7.481356994748583,52360337
2020-06-01,7.91061544418335,8.019632256345735,7.713020425276417,7.713020425276417,46021451
2020-06-02,7.92424201965332,8.067327721476852,7.8356647234212735,7.9651246884219935,40220940
2020-06-03,8.04007339477539,8.217227984509352,7.903801473180059,7.958310787648207,54688806
2020-06-04,7.958311080932617,8.149092324026881,7.9174293210040805,8.087769229275713,30744322
2020-06-05,7.917429447174072,8.012819615382952,7.835665016297297,7.999192058617367,21071139
2020-06-08,8.176346778869629,8.305804931194194,7.978751751424142,7.985564620191156,43886480
2020-06-09,8.108210563659668,8.271736693648242,8.087769228838143,8.176346526964634,31052182
2020-06-10,8.04007339477539,8.12865068964237,7.944683231601997,8.108210265289749,21477740
2020-06-11,8.0877685546875,8.251295580762111,7.985563708532543,8.05370057587473,32886967
2020-06-12,8.060514450073242,8.169532165522487,7.84247810945809,7.84247810945809,26589691
2020-06-15,8.503399848937988,8.850895269393085,8.108210708862073,8.115023577541194,67289570
2020-06-16,8.653300285339355,8.748690454181448,8.530655002785169,8.653300285339355,40395306
2020-06-17,8.523841857910156,8.707809340556846,8.462518757216717,8.639673370645747,27025320
2020-06-18,8.469332695007324,8.585165119632356,8.373942517285952,8.551096224320975,27240105
2020-06-19,8.585164070129395,8.666927589447774,8.421637031492638,8.469331659664427,31206273
2020-06-22,8.660114288330078,8.762318238250412,8.557909428692973,8.632860083628008,38929087
2020-06-23,8.6669282913208,8.803200228075982,8.448891918909,8.660114512539684,41823717
2020-06-24,9.252899169921875,9.280153374001664,8.680555425945828,8.782758463815847,84045922
2020-06-29,9.682156562805176,10.029651053199832,9.191575463624469,9.198389241621427,94414125
2020-06-30,9.804801940917969,9.975141844053422,9.607206925507485,9.709410867388756,50301088
2020-07-01,10.125041961669922,10.213618345045125,9.682156405927214,9.941073597599614,52299125
2020-07-02,10.377147674560547,10.465724987277135,10.022839333411074,10.159112192184045,77805609
2020-07-03,10.418027877807617,10.499791398857932,10.254501745423726,10.37033233890881,41641276
2020-07-06,10.349891662597656,10.53385910947262,10.043278038183868,10.370331175993066,87311872
2020-07-07,10.86091423034668,11.05851017823591,10.329452215795627,10.329452215795627,68846310
2020-07-08,10.990372657775879,11.099390383919523,10.642877234260594,10.854099817808763,48324409
2020-07-09,11.971534729003906,12.046483561658569,10.990372480396369,11.031254240755016,69908486
2020-07-10,12.231489181518555,12.566691648959408,11.431106418956343,11.83471831745829,79229710
2020-07-13,12.47775936126709,12.62825844650397,12.005739004830168,12.039943259351675,41591121
2020-07-14,12.381987571716309,12.559850803519364,12.046785123607314,12.470919187617836,43672734
2020-07-15,12.655620574951172,13.13448192362572,12.176759226276625,12.395667715014822,53242989
2020-07-16,11.875762939453125,12.98398488240089,11.800513391559702,12.717190947746419,47872491
2020-07-17,12.395668983459473,12.997666247397271,11.875762297029356,11.875762297029356,71600964
2020-07-20,12.717190742492676,12.956621450418526,12.327260027853347,12.655622350347238,39881142
2020-07-21,13.161847114562988,14.00327414558128,12.901893320355304,13.401277808164775,65820550
2020-07-22,13.00450611114502,13.408117928687997,12.854006123683424,12.977142892222707,34929242
2020-07-23,13.722800254821777,13.928026711710014,12.901894427268829,12.990826044146345,42635040
2020-07-24,13.332869529724121,13.77068566662289,13.13448410696305,13.421801146599424,42338668
2020-07-27,13.921184539794922,14.420568116278085,13.483368438668412,13.483368438668412,42515375
2020-07-28,13.50389289855957,14.126412401769857,13.202893784976219,14.030639748957947,44161430
2020-07-29,13.832253456115723,13.852775644229695,13.312346759175375,13.435482627926167,31557229
2020-07-30,14.222185134887695,14.36584320156102,13.681755299578727,13.880140727218693,42577781
2020-07-31,14.413727760314941,14.995200989977668,14.126410748853578,14.283749951453267,36988648
2020-08-03,13.989593505859375,14.632636068113765,13.777526025251579,14.564226643602952,56287820
2020-08-04,13.627026557922363,14.071683694826,13.469686438610145,14.044319560437355,62384043
2020-08-05,13.736482620239258,14.003275649932192,13.476528798105125,13.613345830086702,50596683
2020-08-06,13.599663734436035,13.88698076042633,13.339709930278648,13.71595856892045,27992259
2020-08-07,13.585981369018555,13.832253100183053,13.216574685627434,13.613344590251623,31032008
2020-08-10,14.940476417541504,14.940476417541504,13.6817544960767,13.729640819940778,45227532
2020-08-11,15.768220901489258,16.12394734505488,15.494586861864557,15.494586861864557,68771087
2020-08-12,14.222185134887695,15.829789832166874,14.222185134887695,15.63140531788262,83866449
2020-08-13,14.256386756896973,14.919952389179338,14.222183416290033,14.502658481453999,45209521
2020-08-14,14.290592193603516,14.502659681749515,13.825412839843958,14.331637484426752,38478343
2020-08-17,14.406888008117676,14.53002296776776,14.133252125867743,14.441092265059998,22760215
2020-08-18,14.359002113342285,14.571068695410663,14.27691061552278,14.400047405574181,22449513
2020-08-19,13.668071746826172,14.584749235005127,13.592822204515468,14.584749235005127,35724480
2020-08-20,13.182369232177734,13.695435784347541,13.107119690398175,13.585981075072176,32296531
2020-08-21,13.326028823852539,13.647551042019002,13.223416049561235,13.223416049561235,22454535
2020-08-24,14.215343475341797,14.38636475829829,13.148165920243782,13.401278697717334,44333583
2020-08-25,14.153775215148926,14.605273415758637,13.962230828433064,14.092206822024306,29761631
2020-08-26,13.750164031982422,14.331638255465023,13.613346084092306,14.174299031092769,29009058
2020-08-27,14.331637382507324,14.434251065513516,13.695436749305022,14.023798160200093,28585078
2020-08-28,14.858384132385254,14.954156775009388,14.215342508178962,14.372681712451849,32213055
2020-08-31,15.015726089477539,15.323566242277378,14.680523625941156,15.077294485379797,32666156
2020-09-01,15.11149787902832,15.186747425992445,14.680522785799397,14.913112460662266,22348170
2020-09-02,15.261996269226074,15.699812376237798,14.755770739019411,15.289359490490673,30202767
2020-09-03,15.008882522583008,15.241472171510445,14.878906545059515,15.186745732560205,16951547
2020-09-04,14.974679946899414,15.0157252373865,14.488977495028202,14.577909109976162,18365520
2020-09-07,14.769454002380371,15.460382930447809,14.694205366147893,15.049930011461639,25664788
2020-09-08,14.755770683288574,14.940475851210612,14.523181020028877,14.8994296494353,17461530
2020-09-09,13.975913047790527,14.632636796974378,13.565459220347623,14.53686414590213,32785713
2020-09-10,13.907503128051758,14.447932931380953,13.859616804209072,14.133251766138578,21435558
2020-09-11,16.70542335510254,16.70542335510254,13.811730802340431,13.92118552034833,58284455
2020-09-14,16.712261199951172,19.49649576332361,16.281285270918914,18.34722966375594,132602395
2020-09-15,16.821718215942383,17.51264625250472,16.41810631840104,16.766989940539176,85599211
2020-09-16,17.984664916992188,19.428090159444928,16.71226369181582,16.71226369181582,113114836
2020-09-17,19.346004486083984,20.084817982557624,17.79996531794463,18.1625310313334,125717806
2020-09-18,19.147615432739258,19.564909366153294,18.545617237859215,19.564909366153294,92945610
2020-09-21,18.18305015563965,19.619634278456022,18.080436482092427,19.496497504857125,94817006
2020-09-22,17.88889503479004,18.443004184643655,17.820484693611686,18.121484714662298,54040861
2020-09-23,20.37897300720215,21.391424136516775,18.053076207534065,18.053076207534065,117715357
2020-09-24,18.388280868530273,20.864676939955512,17.80680571427755,19.72225156196981,129759198
2020-09-25,18.36091423034668,19.222864379114473,18.018869853623602,18.538775625668322,69821805
2020-09-28,18.96291160583496,20.084815614687873,18.627710071356482,18.812412510343883,83002249
2020-09-29,18.326709747314453,19.496499148192612,18.23777813297242,19.31179671229269,78981676
2020-09-30,18.77820587158203,19.708566334646942,18.34039068743131,18.566139313013203,78647492
2020-10-09,21.86344337463379,22.36282787876764,21.069901725711283,21.535081061050505,106585232
2020-10-12,21.959218978881836,22.800646150762162,21.514560858203996,22.164444539163625,116953916
2020-10-13,21.48035430908203,21.97289777238058,20.83047072501127,21.75398834866261,85379533
2020-10-14,21.61033058166504,22.78011995247167,21.52139896960915,21.52139896960915,114939329
2020-10-15,20.803104400634766,21.781350190601113,20.447379821281316,21.377738380663793,80961237
2020-10-16,20.803104400634766,21.384579413604346,20.31740202212187,20.796263367694213,63134463
2020-10-19,19.70172691345215,20.987812090548765,19.619636331367015,20.987812090548765,70342088
2020-10-20,20.50210952758789,20.82363082022298,19.61963623134927,20.002725003556506,59379528
2020-10-21,20.02324676513672,21.165673797955193,19.626475951429452,20.789424258257217,52889891
2020-10-22,19.756454467773438,20.043772434548014,19.05868539425484,19.43493315545926,44289456
2020-10-23,19.147615432739258,20.351609995788024,18.812412079231073,19.968521231797805,42737763
2020-10-26,20.54315757751465,20.86467707232589,18.614029648378065,19.16129780637755,68685132
2020-10-27,20.87151527404785,20.905720442635857,20.09849673107164,20.488426519418546,53681426
2020-10-28,21.57612419128418,22.013941193023427,20.66628867440811,20.864673161830186,69895992
2020-10-29,22.13707733154297,22.97166517975403,21.13831015389384,21.206718664504187,67100954
2020-10-30,26.563129425048828,26.563129425048828,24.640842516880962,26.556288390354005,142825354
2020-11-02,31.009695053100586,31.810079552545343,26.344216036755064,26.59732880255552,145532793
2020-11-03,31.317541122436523,31.796402596316522,29.764660936357533,31.488561511640906,100882838
2020-11-04,30.30508804321289,32.42576119882914,28.321233747989314,31.139675967433558,112605735
2020-11-05,31.125995635986328,31.81008449599702,29.96304530465277,31.26281267730385,93960680
2020-11-06,29.689407348632812,31.700623804429213,29.121614326516376,31.673259669051113,79635906
2020-11-09,30.30508804321289,31.46803830963766,29.285797671536002,29.969884666653584,90921706
2020-11-10,32.2889404296875,33.725524597278394,29.42945233492203,29.867269349447568,110878658
2020-11-11,29.771501541137695,31.782720067727727,29.771501541137695,31.49540391823409,76100318
2020-11-12,32.678871154785156,32.678871154785156,30.325608515383312,30.968649248582725,87759341
2020-11-13,31.714303970336914,32.630980529998126,30.3256070639765,32.548891782208976,79504051
2020-11-16,31.36542510986328,32.302626737307236,29.949362030360344,31.844286561922264,61212144
2020-11-17,30.777109146118164,31.810081548443446,29.757816985287775,31.091789408016805,49834681
2020-11-18,30.168270111083984,31.63221853869387,28.594866963761948,30.428222101994344,68908855
2020-11-19,30.045133590698242,31.02337956253579,29.36104660986004,30.031451522273425,52223596
2020-11-20,31.242290496826172,31.87849026857839,29.963044438647962,30.55820165658731,56833144
2020-11-23,34.820068359375,35.87356207422755,30.8591989836735,31.26965373740412,96859359
2020-11-24,35.06633758544922,35.75042639232894,33.746049037841146,34.272795884700955,62735187
2020-11-25,33.08248519897461,35.07318048737878,32.85673289663362,34.88847439032004,55491151
2020-11-26,32.829368591308594,33.17141295532868,31.604851010280303,32.8362077980147,41141612
2020-11-27,32.09739685058594,32.97302727278936,31.700624189627472,32.97302727278936,33457974
2020-11-30,32.87725830078125,32.87725830078125,31.009697947830766,32.357350653299584,47285604
2020-12-01,33.44504928588867,34.512224998442235,31.91953343640257,32.357348644960105,54496939
2020-12-02,32.37786865234375,33.71184280758993,31.94689632125767,33.04143612651242,42708502
2020-12-03,32.665191650390625,32.92514364688813,31.611694288957885,32.22053355454489,33682535
2020-12-04,32.15212631225586,33.04144258971146,31.53644777970679,32.48733154507497,36775145
2020-12-07,33.38347625732422,34.57378672853813,31.844278595966923,32.49416026686701,52929230
2020-12-08,35.49047088623047,36.43451534323619,33.45189017936692,33.65711755292667,62589363
2020-12-09,34.79954147338867,37.4880075375551,34.60115696872987,36.147197762518076,54991267
2020-12-10,38.56886672973633,39.157184711254494,34.54642995169588,35.43574613146854,79627508
2020-12-11,37.0091438293457,39.15718086478605,36.605531984347685,38.56886294105923,61953634
2020-12-14,39.08877182006836,40.36117487217664,37.47432438677059,38.17209521667096,67441901
2020-12-15,42.40660095214844,42.82389490410362,39.328204982255706,39.47186487350752,81757960
2020-12-16,43.09069061279297,43.63111588402845,41.48992146165722,42.823895754270346,57989857
2020-12-17,42.4134407043457,42.721281766657725,40.81267521785343,42.47500818612354,60516727
2020-12-18,41.98931121826172,43.5421914275813,41.127359091008394,41.941425800841685,57563059
2020-12-21,45.081382751464844,45.61497247409013,42.2766244106856,42.96071323660167,74110919
2020-12-22,43.029117584228516,46.032263932262936,42.652869846488024,44.46570184837733,71527523
2020-12-23,47.83141326904297,50.191517003090766,44.629882454422145,44.629882454422145,87838130
2020-12-24,48.15977478027344,50.109423752045075,45.91596683424684,47.55093921042841,61107534
2020-12-25,51.101348876953125,52.38743389037161,47.544091990465105,48.570225049290514,70613530
2020-12-28,50.595130920410156,51.16976318079369,48.31027664046075,51.149241904859565,85097692
2020-12-29,45.35502243041992,49.671614851424685,43.86370974854872,49.45954825613248,104148139
2020-12-30,46.49744415283203,47.77669013843189,45.929651105263794,45.929651105263794,65172193
2020-12-31,49.44586181640625,49.767384938339156,47.79721096249073,47.872460510731216,66836403
2021-01-04,53.48881912231445,55.93785449295702,47.20205318655456,49.719495243773956,94223519
2021-01-05,52.55162048339844,55.13062998417058,51.74439674970264,52.264300712804314,71590852
2021-01-06,54.83647155761719,55.73946977506249,51.62810151900918,52.688438037720836,62533133
2021-01-07,60.88380813598633,61.83469178602001,56.204650394788146,56.30042121916412,82161815
2021-01-08,58.30479431152344,61.6499848619461,56.799799793494735,60.883803708958396,95227318
2021-01-11,55.42478942871094,57.80541444641548,53.22202398719311,57.80541444641548,73934107
2021-01-12,59.45406723022461,60.88380866805556,54.56968207590967,55.41110918724095,74216867
2021-01-13,60.33654022216797,63.48334286338927,58.81102431390623,59.17358999037727,69762989
2021-01-14,60.746986389160156,63.31916022036969,57.326549965855335,60.19971831507417,76058623
2021-01-15,57.55229949951172,59.28304266588509,54.67913110510868,58.448454821014295,82210121
2021-01-18,58.89995574951172,59.94661022421082,54.39181838014468,56.36883157603793,59201984
2021-01-19,57.39495849609375,60.610171321833406,56.355146929802736,59.27620078152684,55516573
2021-01-20,63.07288360595703,63.31231430398427,57.743844426535794,58.13377421169887,79062683
2021-01-21,63.89380645751953,64.31110046501452,61.70472637369105,64.30426125662693,74534005
2021-01-22,67.5878677368164,68.40877721366867,63.544909753170934,63.62016295484877,76078657
2021-01-25,70.1189956665039,77.72605022077087,66.91062556904065,67.72468853304692,113466096
2021-01-26,65.38510131835938,68.60031021241467,64.55735273849005,67.72467988010119,121394830
2021-01-27,71.48717498779297,71.48717498779297,63.28495574865464,66.9653481544248,100960907
2021-01-28,68.12828826904297,70.73466165468979,67.72468009444681,67.73151930098268,66943808
2021-01-29,71.69239044189453,72.75956979800036,65.74083349795264,69.30492991857349,96763983
2021-02-01,66.27442169189453,72.92376101672279,64.64629568623872,71.14512860027943,104143740
2021-02-02,67.31423950195312,69.20232123242414,65.4398361874181,67.17742611520883,70862783
2021-02-03,71.1588134765625,75.03074757988256,69.77011090533466,69.77011090533466,99180257
2021-02-04,74.90760803222656,75.93373754713718,71.89077965927022,71.9660328591653,84170955
2021-02-05,78.8069076538086,80.26401685585321,73.88148003554613,73.88831924290113,87751074
2021-02-08,77.27455139160156,79.14895450986576,71.5282143857396,78.25963836176464,81573401
2021-02-09,76.98038482666016,79.09421844523193,74.23035155259684,77.3429504574299,76723935
2021-02-10,81.468017578125,83.58185164323076,77.23351754673692,78.80691534796871,90320746
2021-02-18,78.99845123291016,83.02088400127637,75.93373394129522,82.09052535208387,82346649
2021-02-19,76.74095916748047,78.13650082248556,72.97847464074806,77.09668561496892,70630046
2021-02-22,63.17551040649414,74.96918385373799,62.44353248195577,74.48348317793501,151917918
2021-02-23,62.080963134765625,65.36458652345722,60.90433446500351,61.57473755789043,95233954
2021-02-24,60.54176712036133,63.82539041896171,58.147459987391365,63.483342367482855,102539304
2021-02-25,59.73453903198242,62.18357426013359,59.44038006723346,61.90994022290164,63824282
2021-02-26,59.15990447998047,59.173586547487346,55.192196238549194,56.75875826057266,80380970
2021-03-01,61.041141510009766,62.66243166294138,59.27619514071657,60.74698256398681,81589246
2021-03-02,58.1474609375,62.25882568189261,57.47021133770844,61.36267029423268,82349118
2021-03-03,58.55791091918945,59.09150061716611,56.44408070965713,57.456531832969944,64710604
2021-03-04,49.589515686035156,57.01870609134018,49.110654318373214,57.01870609134018,159253330
2021-03-05,52.626869201660156,54.10449962112347,48.966998321989514,48.98068038958458,128624545
2021-03-08,48.125572204589844,52.67475564681475,47.633028721754826,52.325872049840115,122534997
2021-03-09,46.60005569458008,50.273608662751684,46.37430705811073,49.261157575490905,110298119
2021-03-10,47.256778717041016,48.891747387241736,46.70950698906184,48.48129633132422,83489246
2021-03-11,50.24625015258789,51.22449435347172,47.133650650275776,47.5167376277373,100299315
2021-03-12,53.810340881347656,55.11694728825097,50.28044780180909,51.443397978475076,115993463
2021-03-15,48.74809646606445,52.558463088742464,47.20889844540196,51.997512885941774,106664283
2021-03-16,48.235023498535156,49.05592927610583,46.435873648296656,48.433407995866496,66641306
2021-03-17,48.43341064453125,48.494981777960895,45.50551747340527,47.270464078345725,80300022
2021-03-18,49.315887451171875,49.63056405762249,47.08575784239931,48.50182083854073,82304644
2021-03-19,44.93772888183594,47.393603731634094,44.54095617276108,47.16785506477918,115128440
2021-03-22,45.71757888793945,46.81211864316913,45.19083211024686,45.3413311895876,69866855
2021-03-23,45.190834045410156,46.134874761724824,43.624272058441484,46.0459431516314,76685824
2021-03-24,43.32327651977539,45.4918349816765,42.96755005778295,45.01297356081675,62606527
2021-03-25,42.940185546875,43.86370503716349,41.660943251122035,42.07139432823766,68432889
2021-03-26,45.36185836791992,46.175924997075164,43.30275639554023,43.74057162394159,109955951
2021-03-29,44.602516174316406,45.751784246720796,42.86493382520247,44.82142559639141,77688062
2021-03-30,49.356929779052734,50.170996388005,44.144182412522376,44.46570187829047,138048937
2021-03-31,49.103816986083984,50.47883377126317,48.38552485373203,48.98752488777214,82111117
2021-04-01,49.56216049194336,51.20397223530457,48.0434837159785,49.664774182581304,79264693
2021-04-02,50.177833557128906,50.7593086389263,48.41972624423611,48.98068005149385,56867069
2021-04-06,51.00558090209961,53.988205993341154,49.678453174066945,50.46515199785163,80085850
2021-04-07,48.17345428466797,50.99873716834032,47.33886646978275,50.99873716834032,77127930
2021-04-08,48.11189270019531,48.419730109980044,46.88737496179573,47.46200722900914,45766147
2021-04-09,46.76424026489258,48.14609631986707,45.67653955278939,47.564621188325695,53467612
2021-04-12,44.00736999511719,46.85317468733061,43.65848270326797,46.34010986845283,54493485
2021-04-13,45.77231216430664,46.175924040064594,44.31520296443292,44.49306619647094,55523174
2021-04-14,46.31957244873047,48.02295127997015,45.83387189978737,46.216958781937194,53047901
2021-04-15,47.202049255371094,47.53725441331744,45.62180889392937,46.059624073195174,41484170
2021-04-16,45.190834045410156,47.304664106717624,43.781614004538504,47.20205042942348,62212847
2021-04-19,47.27045822143555,47.40727523265706,43.79529371477337,43.8500183272086,72034781
2021-04-20,49.78106689453125,50.964538388168606,46.387990717121376,46.517964884339,90228286
2021-04-21,49.45270538330078,50.615651967234164,48.43341138367883,49.30904549214377,52388208
2021-04-22,50.69090270996094,51.99067000817884,48.590754487172504,51.71703594121387,71885818
2021-04-23,54.001888275146484,55.274291389107105,50.143632728705164,50.16415400427351,82533395
2021-04-26,55.43162536621094,58.93415417324732,52.81156979449289,53.82402084072554,90736018
2021-04-27,57.03923034667969,58.28427289043532,55.41110453424078,55.47951121695637,57377259
2021-04-28,57.73700714111328,58.831547058720815,56.15676657360265,57.46337307506711,57826640
2021-04-29,56.28673553466797,58.14061365001895,54.993811221544696,58.14061365001895,70611800
2021-04-30,61.499488830566406,62.59402503852731,56.36198740124268,56.36198740124268,83816884
2021-05-06,58.694725036621094,62.66243692414765,57.64123141449475,61.506325969197924,84758597
2021-05-07,56.38935089111328,59.973972275494035,56.01310316058145,58.69472633826318,56193670
2021-05-10,56.40303421020508,57.72332272665912,54.9185645301109,55.26060892547975,43808282
2021-05-11,54.33025360107422,55.411111473455875,52.45585034380394,55.411111473455875,53955188
2021-05-12,56.09519577026367,56.922944487761846,54.32340988465663,54.32340988465663,35384232
2021-05-13,54.679134368896484,55.53424353921167,53.74877565004832,54.71333771275072,31140041
2021-05-14,55.88996887207031,56.608260998969456,52.46952860679798,54.966449379364924,52546411
2021-05-17,59.248836517333984,59.50194928789419,55.411106062960734,55.85576047314697,61195339
2021-05-18,59.35145568847656,60.33654272664117,57.97643882104967,58.01064216651537,36004626
2021-05-19,61.29426193237305,61.56789598645037,56.44408023941014,59.31724876749013,53428685
2021-05-20,58.80418014526367,62.47773297266031,58.338997169055816,61.29425791155146,54941157
2021-05-21,60.99326705932617,62.85398457372352,59.78243137206199,60.27497488824181,68418404
2021-05-24,60.439151763916016,61.48580255129499,58.530545317716836,60.80171742752664,54687243
2021-05-25,61.60893630981445,61.97834848028206,58.54422624673261,59.88503963939785,60261797
2021-05-26,59.556678771972656,61.773122621247516,59.406179678672395,61.56789525641165,46824960
2021-05-27,60.54176712036133,61.71155655045418,58.74945637432718,58.95468009042265,56683307
2021-05-28,62.06283950805664,65.09129771764489,60.88434667687877,61.53526177639763,73782783
2021-05-31,66.39313507080078,67.12626540332771,61.158420856622485,62.350621220881045,68157178
2021-06-01,65.81072998046875,66.39313003071584,63.871699343209805,65.98202497388523,45313671
2021-06-02,64.11835479736328,67.70179808349941,63.91280228386334,67.13996284081097,40848682
2021-06-03,60.507503509521484,63.92651301295591,59.90455334171848,63.92651301295591,69081061
2021-06-04,58.787723541259766,59.548264975105276,57.54071193338309,59.267343671920884,76228488
2021-06-07,56.74591064453125,57.999775903732015,55.745559186248855,57.98607215834094,66916654
2021-06-08,57.10905456542969,58.63698751612734,56.21833301075735,56.66369195848787,45350576
2021-06-09,58.856239318847656,58.856239318847656,56.04703374633299,56.74591011794843,42407218
2021-06-10,65.09815979003906,66.16017269172968,59.746965746338006,59.746965746338006,107152964
2021-06-11,67.05774688720703,68.5103073900553,64.46094370408453,66.11220669692088,101937005
2021-06-15,67.21533203125,68.51030489469105,65.90665908134035,67.60587963509484,50889832
2021-06-16,63.36466979980469,65.87239300607813,61.939509549244036,65.85869291986371,64386345
2021-06-17,64.64594268798828,64.9405604080124,62.76171976897864,63.385220061478705,45845833
2021-06-18,68.16773223876953,68.96253496804361,64.08411056613527,64.54317330656761,58382937
2021-06-21,70.43563842773438,71.32635622789512,65.9272051738811,67.00977540180985,59940986
2021-06-22,69.94916534423828,71.49765567505445,68.23623738348512,70.43564282765107,40460980
2021-06-23,70.23009490966797,72.88856320187065,69.71621721956538,71.25785028987315,49029467
2021-06-24,73.25169372558594,75.74571673134076,71.25784093848766,72.90225372206825,64375239
2021-06-25,75.70460510253906,77.37642544781262,72.03208915951468,72.62818927667115,48091125
2021-06-28,74.9029541015625,77.41067711086545,73.64908893770026,75.69774931854592,41853512
2021-06-29,78.90436553955078,80.42544848439879,75.71146941437851,76.73922479837887,54524832
2021-06-30,78.83584594726562,80.97357907262631,76.28700776449706,77.51346557497341,35894209
2021-07-01,73.99852752685547,80.09655093737493,73.38187002046924,79.61008082944237,51749569
2021-07-02,72.00469207763672,75.11537320546796,70.7576766815034,74.06021027250608,53989215
2021-07-05,73.80668640136719,75.14962425389007,71.46340069175633,72.1554234076909,42607600
2021-07-06,72.14856719970703,74.01223261121228,69.88749684197845,73.81353013810062,45577684
2021-07-07,78.7262191772461,79.34287678839877,69.95602638589234,71.6552470311241,62340719
2021-07-08,81.09005737304688,83.70056052754164,77.42439142398099,78.58918418312861,65441397
2021-07-09,80.85025024414062,81.91227043879908,77.44495167833428,80.98728770482711,47865129
2021-07-12,81.17229461669922,84.06371593352043,78.81530117837816,82.37134512835229,49551524
2021-07-13,81.52172088623047,84.39944162644561,79.82249300621834,79.82249300621834,40783094
2021-07-14,82.91947174072266,86.78384046992932,80.01434332050157,80.85025356900873,49833697
2021-07-15,89.34638214111328,90.3535800287165,81.6724600180148,81.6724600180148,59068989
2021-07-16,86.26310729980469,92.9435315048334,85.93422471977571,89.43545309066515,48239415
2021-07-19,87.02365112304688,91.21005243699625,86.40014345439569,88.97638929091488,36231970
2021-07-20,86.40013885498047,88.79823951565338,83.94722321033404,85.74237368414319,38013886
2021-07-21,94.53997802734375,94.6907155692969,88.0856565776348,88.0856565776348,54498614
2021-07-22,98.01380157470703,98.83600437588778,94.06036052146082,95.92402605887513,41955496
2021-07-23,94.00554656982422,97.97954511521942,93.58074141862892,97.29437244750146,38885352
2021-07-26,97.36288452148438,98.65785738394774,91.58688562382885,95.8349516418524,50957100
2021-07-27,86.31106567382812,98.96618409438632,84.27610514955501,97.41770106033117,68645266
2021-07-28,89.59989166259766,90.44265191056981,82.76187979822011,83.04964748475413,54280718
2021-07-29,107.51713562011719,107.51713562011719,92.1966983785157,93.40259879201491,82871475
2021-07-30,114.97178649902344,123.44051067284319,108.59969506947671,109.6274503351929,80281339
2021-08-02,110.03855895996094,117.15063821850573,105.37253789912165,112.79979964533398,74233943
2021-08-03,98.65100860595703,108.94228388694009,94.55368007853583,107.5719458945366,92916441
2021-08-04,105.03681182861328,106.54418733726324,98.03435477933668,98.1508347938809,72916911
2021-08-05,105.72882843017578,108.05156390610492,98.66470676098362,102.77574261297737,55595110
2021-08-06,109.46302032470703,113.58089903527508,103.1251786690803,104.8518140757629,57202432
2021-08-09,108.1885986328125,111.78574966708155,101.61095416375875,106.88677568068668,49830061
2021-08-10,105.83159637451172,114.19069052945876,102.21389552253527,106.11937135974706,59013189
2021-08-11,104.91348266601562,108.62026375864177,103.37869965152385,103.72128233607847,44768953
2021-08-12,102.78260040283203,106.28382898856874,101.63150764288453,104.35849101162373,36405405
2021-08-13,98.65100860595703,103.73498487896214,95.62255029919068,100.72022665882976,61971296
2021-08-16,96.47216796875,100.50098173445716,95.36904012867222,97.97955085337819,38762039
2021-08-17,99.14432525634766,102.08371093908627,97.02029961485293,98.33582257659667,53700418
2021-08-18,92.15558624267578,100.15154140227892,90.62080318690025,98.20565325924147,84217761
2021-08-19,93.98499298095703,95.69107101766771,89.07231141142447,92.43650986037372,51300160
2021-08-20,94.41665649414062,98.2810252697202,92.75853606464945,94.01925149624935,45356033
2021-08-23,99.34988403320312,100.93948200209223,91.81299925680102,94.63590511139793,55339694
2021-08-24,100.7818832397461,106.99638692088988,98.58933531721932,99.3498730222288,62507503
2021-08-25,105.48217010498047,106.18104284511716,99.48691853453194,100.80929890167975,46247992
2021-08-26,102.81000518798828,110.65521512522716,102.77574765197205,104.8312583603264,49204237
2021-08-27,102.21389770507812,105.36568593209404,100.65170733683642,101.39854498739717,38227228
2021-08-30,111.25817108154297,114.17014942315781,95.15663172697688,96.84900960245744,85751715
2021-08-31,107.76378631591797,111.68981967857678,105.7973409538685,109.62745175900778,40450219
2021-09-01,97.35604095458984,109.14784227629255,94.55368515576312,107.77064684819878,56540912
2021-09-02,97.9110107421875,101.33687366148472,95.83494286280428,97.35602555986695,40724271
2021-09-03,95.82810974121094,103.28962973889087,94.88256950573495,97.56844533777951,42825732
2021-09-06,96.05420684814453,97.29437207984401,90.03840504605301,96.09532174547418,46194339
2021-09-07,97.29437255859375,97.32863009425539,91.58003850440763,94.89627187805392,39659188
2021-09-08,93.66981506347656,101.3916949476747,93.30667493572544,97.23270858734249,41234447
2021-09-09,94.66331481933594,95.00589750510828,90.57283612894165,94.2042521176111,39062398
2021-09-10,98.32897186279297,101.06280500580458,93.32036823571339,94.60849101638723,48364440
2021-09-13,92.18299102783203,98.32898043259557,92.08706846186878,98.18509292443937,42567820
2021-09-14,92.69686889648438,95.10182700449342,90.64820819697343,91.80615098971853,33361228
2021-09-15,94.3618392944336,96.4721650226757,92.07336852122354,93.04630890649261,35535378
2021-09-16,86.6741943359375,94.64274038581301,86.65364420863797,94.36182278026021,49152514
2021-09-17,84.94757843017578,88.09251678319872,82.96743287291198,86.67420651599346,40612166
2021-09-22,85.20108795166016,88.33232619468171,84.96812793055062,84.96812793055062,27399957
2021-09-23,88.72288513183594,89.5382379913907,85.3723938450696,88.15419241157113,37571074
2021-09-24,96.19808197021484,98.80173483521698,87.51010569683113,89.35322088019363,60484897
2021-09-27,101.2341079711914,102.77574833106618,95.23200612460911,98.4934245691356,56041129
2021-09-28,98.13028717041016,103.04296144541388,97.08197433115001,101.23411078881708,34883940
2021-09-29,100.98744201660156,105.24235803984227,96.68456105434092,96.8147484666427,47501013
2021-09-30,101.665771484375,103.43350720965134,98.89082320056899,102.69352685537456,34150891
2021-10-08,102.91277313232422,104.50237103303022,98.65785708400736,102.77574299446911,32208470
2021-10-11,95.2457046508789,104.48867465982465,94.67701199435723,104.14608466616781,43494868
2021-10-12,98.32212829589844,100.43245397585602,95.58144492934366,95.92402760575457,34263840
2021-10-13,103.82406616210938,105.0299666245947,98.02065920876426,99.92543247229487,42224368
2021-10-14,105.13958740234375,109.73709381100238,103.87202193061854,103.87202193061854,50466014
2021-10-15,107.96934509277344,109.07932290764991,102.50852853805472,103.83775897117147,34936095
2021-10-18,110.79224395751953,112.08036673087294,107.2567582033883,109.97004120190803,32720924
2021-10-19,109.97003936767578,113.37533765618099,107.6267465505026,111.68296723544566,31145511
2021-10-20,109.90153503417969,113.65628126527281,109.18895481644611,109.9700574294085,36095007
2021-10-21,109.54524230957031,111.47743036779354,107.18140635040865,109.558949715658,26945112
2021-10-22,107.82545471191406,110.4359578861652,106.88677191799594,109.62745518735024,20155942
2021-10-25,117.84951782226562,120.74094608841344,108.2708223590592,108.2708223590592,61907241
2021-10-26,116.68473052978516,119.21301130940412,116.0817730195323,117.4315609077031,28637152
2021-10-27,118.2195053100586,122.63200879261309,117.9248802780057,120.60389841995116,32638722
2021-10-28,117.16434478759766,120.93278329747037,115.72548445153113,120.93278329747037,25334559
2021-10-29,112.43666076660156,115.10882896494167,103.94052873247172,109.97004509404488,81780413
2021-11-01,112.9505386352539,116.82175714262631,108.25711002319433,111.66926585711715,43413120
2021-11-02,111.10057067871094,113.31367615806536,108.05841238880069,111.68297070928952,30825272
2021-11-03,104.88606262207031,112.10777149232632,103.58423979443538,111.54592893120265,38234740
2021-11-04,108.53802490234375,110.01114266496755,106.06455209312998,107.63359972590303,28986473
2021-11-05,106.73603057861328,109.62745128835405,104.16663507356112,107.57194073904992,22780016
2021-11-08,108.25711822509766,111.22391169682568,105.51643474481611,106.20160744449221,25339540
2021-11-09,109.77134704589844,114.14274329133931,107.98304658592103,110.50447734300062,29559224
2021-11-10,108.87377166748047,110.66207212537716,106.6812235038068,108.25711406593669,19590517
2021-11-11,110.2989273071289,112.55314040322547,107.92137684123205,109.28487208644015,24339323
2021-11-12,110.12077331542969,112.21054129408064,109.68226080965033,110.99779100856675,19449144
2021-11-15,102.83055114746094,110.16874047189584,101.8165032398763,110.07966795449764,35270866
2021-11-16,100.51467895507812,103.38554981124406,99.39785105917417,102.43315955495261,27070149
2021-11-17,104.24885559082031,104.48866563830599,99.69246468859255,101.09706744078318,25676177
2021-11-18,102.5085220336914,104.10496992450132,101.47390939887408,104.10496992450132,17570938
2021-11-19,103.81719970703125,104.89977001089375,101.11762399067031,102.74147944646406,23609178
2021-11-22,108.27767181396484,109.64801716445491,105.51643098243893,105.51643098243893,33473997
2021-11-23,107.30473327636719,109.88782911003995,106.55789555989534,108.94228889927685,23107441
2021-11-24,104.13922882080078,107.57194201746157,103.78293876009046,107.48971954535409,20608854
2021-11-25,101.74113464355469,104.48867538154904,101.63836203580125,103.67331528933049,19995900
2021-11-26,104.72161865234375,105.58493628967918,102.0837081217433,102.40574063982638,17549175
2021-11-29,108.40785217285156,111.46371806704344,103.20055300173752,103.37869804409432,34496296
2021-11-30,110.64151763916016,111.89538300631202,106.88677889980706,110.31263503988134,25527709
2021-12-01,109.6274642944336,111.67612504379984,108.5928588540484,111.3403923948809,20613174
2021-12-02,108.24341583251953,110.16189642338914,107.43491308869811,108.8052584588686,14513272
2021-12-03,104.82440185546875,108.94228038029418,103.28276160080658,107.91452508946747,31018366
2021-12-06,102.94702911376953,105.92067234511741,102.63870398982458,105.85900732032842,16584069
2021-12-07,101.885009765625,103.80349009122273,99.46635191220678,103.46090013683933,22032046
2021-12-08,102.91277313232422,103.84460587974344,100.30912001043261,102.48796799549781,21331804
2021-12-09,101.42595672607422,102.95388230632972,100.72022662254224,102.77574458804044,22963586
2021-12-10,102.76889038085938,104.00905563259387,100.22005212371992,101.40540239041098,29766557
2021-12-13,101.46707153320312,104.31053496142913,101.14503897183226,102.57019936705797,25157167
2021-12-14,101.99464416503906,103.32388192458956,100.98744626900849,101.3916939724275,16709331
2021-12-15,102.15908813476562,103.67331364516937,101.17244037860532,102.09057306401658,20440229
2021-12-16,104.57774353027344,104.67366609051763,102.47426065600278,103.1799907490422,25998124
2021-12-17,100.37763977050781,104.83125086583064,99.35672721441291,104.83125086583064,27680888
2021-12-20,94.27960968017578,100.37764100935814,92.72426933544705,99.41840078395167,41484716
2021-12-21,92.71742248535156,94.21109785665344,88.93527643522823,94.21109785665344,41714236
2021-12-22,94.142578125,94.9510807976092,91.23059264026723,92.86815543293852,23994986
2021-12-23,96.59548950195312,98.58249237477307,95.47866167281175,95.49236907770663,26042886
2021-12-24,91.27171325683594,97.36973755794178,91.12782575248961,95.93087715132351,24716560
2021-12-27,92.97779083251953,93.52592603699661,89.3326748903753,89.33952493378621,19607228
2021-12-28,95.1360855102539,95.8897732783134,91.76503702588818,93.17648999487646,19469690
2021-12-29,94.88941955566406,97.67121795651325,94.88941955566406,96.40365247760093,17163770
2021-12-30,96.58863830566406,98.32212369224642,94.55367783606061,94.88941045327653,17823521
2021-12-31,99.89801788330078,103.46090376869103,99.61709293989746,99.959682906307,33446301
2022-01-04,92.7722396850586,102.05631735628882,92.53242961471997,100.72022954222112,33776561
2022-01-05,88.38713836669922,93.32036963945437,86.7358681414242,93.32036963945437,37116209
2022-01-06,89.14083099365234,89.89451873980785,86.13292273411315,87.61289805240264,21171022
2022-01-07,87.90751647949219,89.88080455772942,85.63274600710075,88.38713658346816,23072709
2022-01-10,85.30387878417969,87.64031470055858,84.74888615223587,87.64031470055858,24055529
2022-01-11,82.89205932617188,86.2357001216892,81.95337652246972,86.2357001216892,30882266
2022-01-12,85.98218536376953,85.98904272571173,83.00169190889598,85.3038700500296,28809369
2022-01-13,84.31037139892578,86.30421705933269,84.00203894093984,86.0849644399123,18371969
2022-01-14,84.68720245361328,85.71495768665389,82.39188194526116,83.17982713603084,20853936
2022-01-17,85.44090270996094,88.0651134764366,84.37888978835683,84.70092234591012,24668883
2022-01-18,85.54367065429688,86.67419849156624,83.41278774749387,85.64644325098618,17882569
2022-01-19,82.70706939697266,85.19424270016444,81.32302391600298,85.19424270016444,25235624
2022-01-20,83.76907348632812,84.77627863484554,81.22709278292876,81.53541790250674,18543228
2022-01-21,85.48886108398438,87.49641407440336,82.91261545835954,83.76907577355468,26114012
2022-01-24,90.14803314208984,91.10042342370866,84.96128387716473,86.33162929020952,36272500
2022-01-25,86.3384780883789,89.95618670651616,86.3384780883789,89.07231151277493,22814456
2022-01-26,88.69546508789062,89.62044779778464,87.03049474639694,87.4141923079087,18508375
2022-01-27,76.0540542602539,88.52417864371806,75.08111383524073,87.97604339915917,65271295
2022-01-28,78.10271453857422,79.84990751176663,76.73922647988876,78.45900464076489,42743171
2022-02-07,77.3490219116211,81.87800570652148,76.8077367483442,81.87800570652148,26695386
2022-02-08,73.39557647705078,78.10270503364912,71.53876107267817,77.4243897680011,45382030
2022-02-09,73.34762573242188,74.13557103415738,70.50416235670617,73.84780333395916,33621238
2022-02-10,69.2708511352539,74.67685265385744,67.83199074763267,74.67685265385744,53234617
2022-02-11,66.25608825683594,69.19547385303669,66.0573931030999,67.48939602857631,46447403
2022-02-14,65.48870086669922,67.36606636565428,64.74871327208564,65.50925099542327,33819011
2022-02-15,70.08619689941406,70.55211689544237,65.27629600048104,66.59181888446676,47341364
2022-02-16,70.10676574707031,71.64839883711508,69.47640803243887,70.43564835115727,30063166
2022-02-17,73.72447204589844,75.01259505558033,69.40789032053688,69.89436787490897,46644340
2022-02-18,72.58707427978516,74.99203219273589,72.01838165420078,73.14891686229045,24720231
2022-02-21,72.66243743896484,74.14926251854975,70.91525220821332,72.25818249096221,27810874
2022-02-22,73.75872802734375,74.75222583082623,70.57952481040837,71.62783759807598,30881859
2022-02-23,76.62959289550781,76.75292295300831,73.99168210949186,74.32056470230073,30884434
2022-02-24,79.54842376708984,81.43264668690523,75.38943032987825,76.05404551823585,55145549
2022-02-25,80.27470397949219,83.35797718293459,78.08900597800515,82.67280454678938,34797996
2022-02-28,82.97428131103516,83.077053915251,78.90436030722444,79.4799029913622,24604986
2022-03-01,84.16648864746094,86.67421212156655,82.94003074497482,85.56423423803183,34892603
2022-03-02,85.70125579833984,85.88625085818481,81.45319019078646,84.70775811817784,23333493
2022-03-03,83.79649353027344,88.10622508068299,83.41965328731774,86.59199942797986,24675746
2022-03-04,83.33741760253906,85.35867792520682,82.23428990612692,82.90576243884047,20882052
2022-03-07,84.90646362304688,86.64679911592516,81.38468505844949,82.50836295818132,33859285
2022-03-08,86.94828796386719,89.04490637153457,85.64645761034255,85.98904762692187,39424974
2022-03-09,83.70740509033203,89.62044101555183,78.79473154874499,88.86675335448842,47079699
2022-03-10,88.39399719238281,89.28471512164907,84.72832358924194,86.1055190420448,35092325
2022-03-11,86.68791198730469,88.304917387449,82.91261603922031,86.33162191760283,30431427
2022-03-14,82.2137451171875,86.31792373405922,81.52172241067883,86.18088627406732,22880932
2022-03-15,82.98799133300781,85.64645977701416,80.28841530607812,81.32987815156001,28645670
2022-03-16,84.46795654296875,85.64644940103737,77.82178989734052,85.48201177084229,44328341
2022-03-17,81.50801086425781,86.24939696274393,80.08970798790838,85.64644680625871,41464120
2022-03-18,83.07705688476562,83.45390441720502,77.89030786202234,80.16507850682991,22691414
2022-03-21,80.41858673095703,83.58407490191078,79.67859915664629,82.35076715700735,31383535
2022-03-22,77.70531463623047,81.31617318054164,76.24590404979662,80.6584079827265,34967466
2022-03-23,78.6097412109375,80.33637671242441,78.10957092011556,78.79474362200048,24216935
2022-03-24,77.2804946899414,78.77416984589983,76.73920961176819,78.61658227946972,17046941
2022-03-25,74.58777618408203,78.41788697150568,74.48500358401976,77.76697188251197,20089553
2022-03-28,73.5189208984375,75.56073157118587,73.00503588998201,73.2791108218607,21053058
2022-03-29,74.9372329711914,75.9718385200717,73.40244975917025,73.998550000858,20224173
2022-03-30,76.67755126953125,76.73236625004145,73.91631066252243,75.31405607342255,26629927
2022-03-31,73.49150848388672,76.36922921010148,70.7645253008997,76.36922921010148,33409825
2022-04-01,72.30615997314453,74.67000309949101,71.8607973761897,72.76522265688763,25116012
2022-04-06,70.28489685058594,73.37501977976376,69.32565672219137,73.3133547611339,22964930
2022-04-07,69.44214630126953,71.12081675764612,69.21603632280531,70.56582419495727,17721123
2022-04-08,69.55176544189453,72.31986343549256,69.18862534073484,70.15471559615378,25899946
2022-04-11,66.04368591308594,69.19547407740251,65.76961833163517,69.19547407740251,30100483
2022-04-12,66.3246078491211,67.39347063648154,64.75556022177368,66.74255558603058,25614433
2022-04-13,65.43389892578125,66.98238217108093,64.54317361758451,65.77648164209049,23583065
2022-04-14,60.36362075805664,66.1738812601288,60.28825198115387,65.79703371640356,56385166
2022-04-15,57.91755676269531,59.93881358400011,56.691098923733136,59.88399859928294,50963752
2022-04-18,60.185482025146484,60.57602967352645,55.91000802501312,57.63663992623044,39780160
2022-04-19,61.73395538330078,62.7343104766688,59.890847412788894,59.95251243595605,43962216
2022-04-20,49.38717269897461,53.093950211510005,49.38717269897461,49.86679285864213,96118274
2022-04-21,44.17986297607422,47.934605173477145,43.782465324443,47.3453587393431,112594602
2022-04-22,43.87154006958008,45.42002683561426,43.78246754672593,44.385417757300864,59784565
2022-04-25,40.35660934448242,43.46729040465006,40.35660934448242,42.89174766450127,66705923
2022-04-26,39.46588134765625,41.315842992098034,39.109591299935175,40.76770783487569,56235456
2022-04-27,42.35045623779297,42.795815144911664,38.37645799228534,38.83552430367214,75419404
2022-04-28,41.768062591552734,43.22062306979561,40.89104114701711,42.42582776015165,57640716
2022-04-29,43.3028450012207,44.19356652129676,40.9390019136799,42.78211363942288,66213912
2022-05-05,43.590614318847656,44.72114950784747,42.70674288311785,43.16580919720779,53128304
2022-05-06,42.72730255126953,43.95375670155968,42.18601739742917,42.57656500612946,29106438
2022-05-09,43.720802307128906,45.097997723717725,42.775265756207105,42.775265756207105,30915802
2022-05-10,46.15315246582031,47.75645392816473,42.60396325817437,42.73414699709285,57864182
2022-05-11,49.26383972167969,51.024728997773614,46.160012614308606,46.38611893398111,81949639
2022-05-12,49.22273254394531,50.360117938715995,48.510152331621896,48.64718980261602,35772035
2022-05-13,48.989768981933594,50.01067794181134,48.10590114241335,50.0038242391484,33365453
2022-05-16,50.01753234863281,52.1758231506169,49.90105232610277,50.545113812831055,39878808
2022-05-17,51.2097282409668,51.730455956052644,49.59957283631911,49.88049414262282,38072874
2022-05-18,52.76506423950195,53.518755627455015,50.49029730737092,51.936007737885895,42039538
2022-05-19,56.403324127197266,56.67054167255455,51.751010530229614,52.13470442217945,57849260
2022-05-20,58.36976623535156,59.109753851954366,55.84148557972333,56.86924087281125,44965296
2022-05-23,56.423885345458984,58.62328736315638,54.59447718230072,58.24644346464963,50459271
2022-05-24,53.176170349121094,56.649987672542345,52.90210274401899,56.17036753400803,52228954
2022-05-25,54.25874328613281,54.53281090438586,52.55266522704529,53.450240518996026,37210726
2022-05-26,53.78596496582031,55.2111214862901,53.0322773009591,54.26558505422488,28903058
2022-05-27,53.26523971557617,54.96446388948594,52.89524590914952,54.14225746365507,27188585
2022-05-30,52.292301177978516,53.90930670675879,51.456390920013895,53.662642923799865,48534528
2022-05-31,54.786319732666016,55.224828613698634,52.00452524505389,53.86134069066474,56933864
2022-06-01,55.36186981201172,56.32111011242176,53.54616182119725,54.505402121607304,39771585
2022-06-02,58.23958969116211,58.23958969116211,54.57391989640692,54.57391989640692,47039428
2022-06-06,63.10429763793945,63.38521525039828,58.65753686312289,58.684940692739985,78826679
2022-06-07,65.15296173095703,67.83198719835767,64.3239089316707,64.55686894073546,68676717
2022-06-08,63.65243911743164,65.54351212437683,62.6726487383287,64.94056194695277,50659501
2022-06-09,62.871341705322266,64.92000954668246,62.14506150049973,63.652436891343115,33141323
2022-06-10,63.755226135253906,64.05670125751502,60.96657393591561,61.66545041156461,46260919
2022-06-13,61.59008026123047,62.59042811824816,60.6239862808581,62.57672803127454,47534622
2022-06-14,60.31565475463867,60.71990610079506,57.8284816522609,60.69249860966393,52528910
2022-06-15,59.4180793762207,61.3434135417613,58.08884533384246,60.25398955727953,56270468
2022-06-16,61.740814208984375,62.61098191530952,59.5003012377871,59.5003012377871,50675907
2022-06-17,61.98748016357422,62.693202991943046,60.41843593119692,60.63769221886909,43157462
2022-06-20,63.851139068603516,64.95426677516534,61.12415597338641,62.76856880949999,73773897
2022-06-21,60.20602798461914,63.76206759918555,59.74696165974385,63.72096002201725,73706743
2022-06-22,64.11150360107422,65.48184146904951,59.61677782990323,59.61677782990323,96792162
2022-06-23,63.27560043334961,64.30335577693366,61.11730982076963,64.1389181420661,62314224
2022-06-24,65.37222290039062,66.4753506245624,63.51540747230645,63.7894750629635,68651055
2022-06-27,64.66648864746094,67.31810650407078,64.62538107296048,66.44108148840674,56983936
2022-06-28,66.58756256103516,67.43131056092187,63.685887427693075,65.27734843984526,55851306
2022-06-29,63.17826461791992,68.37795061372489,62.965613103103344,65.96332317993676,59496988
2022-06-30,67.39700317382812,69.06391739097474,62.75981155084232,63.781913235055356,59657221
2022-07-01,65.8124008178711,68.32307025405028,65.24304171591237,67.56849194740711,39131414
2022-07-04,64.02887725830078,64.82461149795103,61.943517653597645,64.75601611889515,61930831
2022-07-05,60.3177490234375,63.795645026123466,58.925223404201176,63.34976045353553,92278636
2022-07-06,63.418357849121094,65.07841426487774,61.05174416648866,61.05174416648866,82259914
2022-07-07,76.1020278930664,76.1020278930664,63.36347490821261,64.48161900928297,132716007
2022-07-08,71.68434143066406,78.20109841036107,70.65537440344988,77.41908786587737,99964781
2022-07-11,76.93205261230469,77.16528566427289,70.79258378102159,72.85050351085964,93571041
2022-07-12,79.50446319580078,81.47321342924113,74.77810127895263,75.92367772164442,82038443
2022-07-13,79.23006439208984,83.75749768978055,76.21863848272089,80.29332185634341,77074183
2022-07-14,86.43280029296875,89.98614581865776,79.43586036358546,79.43586036358546,80801950
2022-07-15,85.84973907470703,88.58677673338933,83.83983294216583,85.74683868017736,57313344
2022-07-18,86.81695556640625,91.17289366745895,86.21329869511075,87.461768196381,69571847
2022-07-19,82.7148208618164,87.13249605707969,82.38555282683406,86.54942075598578,58156690
2022-07-20,82.7971420288086,85.06085525354496,80.63632186233306,82.3169597695918,42166472
2022-07-21,79.96406555175781,84.03189877672075,79.93663326337366,81.84363890707797,44300464
2022-07-22,78.35888671875,80.94500996711784,77.24074989137344,79.98464542966559,47060465
2022-07-25,76.06773376464844,79.40157002786263,75.37489997700722,79.05857850651553,34946543
2022-07-26,75.9374008178711,77.74151352753408,74.45569811666896,76.36956929568049,46037453
2022-07-27,82.14545440673828,82.72853698303479,76.18433262147776,76.18433262147776,70647619
2022-07-28,85.5410385131836,88.0654244395037,82.86573837011609,85.06085624835097,60912982
2022-07-29,84.9648208618164,89.91755770363358,84.92366510362397,86.63860070897343,50157049
2022-08-01,87.83219146728516,89.17669583640912,83.092106510692,84.05247096120873,43133255
2022-08-02,89.10810089111328,90.85733405512494,84.3748739834354,85.08828925336934,50155196
2022-08-03,82.45414733886719,89.55398789546368,81.75445551943722,89.17669870903603,55759758
2022-08-04,80.9998779296875,83.17441398038429,79.01055375796503,81.92594465155801,43242116
2022-08-05,79.1614761352539,81.54180585089796,77.76894320954885,80.80095093144402,39428023
2022-08-08,81.34286499023438,82.09744332915608,76.15690288520346,78.64012548980321,40648984
2022-08-09,87.90764617919922,90.93279570754314,79.69653440455076,80.33448891469149,71167180
2022-08-10,88.35353088378906,90.28797595893316,86.00064087257488,89.30017920702939,44620135
2022-08-11,86.57000732421875,89.86268053821912,84.0044582656476,89.17670481492738,36708415
2022-08-12,84.63554382324219,87.11877371568737,83.70261901166593,85.7879782001896,26589662
2022-08-15,89.84896087646484,91.09743034275654,83.69576847781366,83.69576847781366,48325505
2022-08-16,90.2056655883789,94.06769771606376,89.47166875961321,89.86267408785304,51772861
2022-08-17,92.6065673828125,95.15152713027732,91.03568083079657,91.03568083079657,41291457
2022-08-18,96.06388092041016,97.40839256413807,91.98233216477126,92.41449321986285,48707731
2022-08-19,94.91830444335938,98.30701949389861,91.53644746387207,95.89924306775303,56388256
2022-08-22,95.96785736083984,97.18888723565347,92.6134395870431,93.30627336802159,37352117
2022-08-23,99.26052856445312,102.21022478855485,94.67822293362484,95.3504751588063,40307915
2022-08-24,93.69041442871094,100.70107061696382,92.8946803143088,100.01510228037498,44440904
2022-08-25,90.78874969482422,95.61801216811486,89.27274938941207,94.66450566881026,47861007
2022-08-26,90.30856323242188,94.66450129070202,90.0135928716171,92.19499460019671,37384134
2022-08-29,90.65155792236328,94.18432232275646,82.38555876671488,83.68891485736489,47209391
2022-08-30,87.31085205078125,91.9274627268702,87.20795899285496,91.10429628246048,38771910
2022-08-31,76.41756439208984,88.2163258548094,76.2186363739264,87.86648364179834,87987860
2022-09-01,76.69196319580078,78.49608302589009,75.53267063580017,76.87718242336872,38899133
2022-09-02,74.53801727294922,77.57002539457348,71.71866069130533,77.5151461596752,48324232
2022-09-05,80.23845672607422,81.01360199982396,73.46788408543972,74.20187360216724,50650230
2022-09-06,84.0936279296875,84.77274552238097,78.94882143925012,80.38250273738173,50804537
2022-09-07,83.79865264892578,86.8443835388803,83.07152127207141,83.67517806244099,38480611
2022-09-08,83.27047729492188,86.98159586287149,83.11269766013044,85.06086657046107,28263530
2022-09-09,82.45414733886719,83.75750332198128,80.8764098776232,83.3459164507874,24652633
2022-09-13,81.19195556640625,84.37487747330086,80.444242581722,84.10048866436162,22434370
2022-09-14,80.65690612792969,83.24988748444484,79.36040812267206,79.83373232605183,27444534
2022-09-15,73.81087493896484,81.63098969715458,72.69959612890106,80.69120665635381,57094986
2022-09-16,75.51895141601562,78.15309591103302,73.53648497256768,73.53648497256768,39886211
2022-09-19,75.0593490600586,77.74150732967583,74.11956605393696,74.79181830760061,27813436
2022-09-20,78.30400085449219,81.15079653887616,76.280378890749,76.62336305634979,42967491
2022-09-21,77.37793731689453,79.77884855746306,76.48617551825454,77.52199345672858,26985436
2022-09-22,78.30400085449219,80.16299247030682,75.12107907587959,76.3489742584693,29900620
2022-09-23,77.48084259033203,80.25903587149129,75.11422888567779,79.77885359306869,33026771
2022-09-26,82.33067321777344,83.81924110341063,76.82915895934852,77.50827656803546,47612364
2022-09-27,81.63098907470703,83.2430317086866,79.98464875253643,82.72855173182084,30384326
2022-09-28,77.7003402709961,83.00292606377356,77.08982540845211,82.31695043879209,34925525
2022-09-29,77.85811614990234,78.95567866616234,75.1142208497513,78.77046677749955,24796181
2022-09-30,75.88250732421875,78.7293029767535,74.08526035185874,76.48617146520138,30740021
2022-10-10,77.1241226196289,79.4907359469116,75.70415022705993,76.1431766759265,29697838
2022-10-11,79.9846420288086,81.4183307020749,76.4175728517966,77.13784622426057,32495681
2022-10-12,86.43280029296875,86.43280029296875,78.13250442627921,80.01893563811771,43951741
2022-10-13,87.73615264892578,90.7338626403099,85.06085261997646,85.74682830147621,39783433
2022-10-14,90.5349349975586,92.67517356467467,85.60963793563786,89.416790895056,42418318
2022-10-17,88.54560852050781,89.86268073986338,86.29561136694208,89.17670501503235,28599013
2022-10-18,92.44879913330078,95.2612972583344,87.46176474307266,88.59362499556174,38436994
2022-10-19,90.75444030761719,95.33675297512673,90.46632804250758,91.92059818368095,32502332
2022-10-20,87.80475616455078,90.39087930574473,86.63859822782946,89.8695339729048,29209236
2022-10-21,90.54179382324219,91.75596559274692,86.67289620588866,86.87183157395991,30888485
2022-10-24,86.43280029296875,89.62943818642654,86.14468802785915,88.89544870802719,27911763
2022-10-25,88.9434814453125,91.4404278691369,85.7605592799319,86.63860500524373,29402052
2022-10-26,91.0288314819336,92.60657625595631,87.3931670244893,89.6568801416529,31054997
2022-10-27,91.24834442138672,98.78034627352147,90.68585065236188,97.4084022096807,52603363
2022-10-28,88.57990264892578,92.8741029781845,88.35352768348123,89.93127238940018,30329665
2022-10-31,89.80779266357422,91.23462320300129,86.97472045280706,87.11877658642219,25998884
2022-11-01,92.5997085571289,92.94955811849947,89.83523173076733,90.54864699615078,33991665
2022-11-02,91.28951263427734,92.86725022807767,90.1782338502875,91.23463340324079,30383229
2022-11-03,92.94955444335938,94.58217833820359,90.27425463094963,90.39087114679558,28827962
2022-11-04,95.62486267089844,96.31769642889552,91.94804237065654,92.40764307643687,37169472
2022-11-07,91.96176147460938,96.00215495356076,91.37868615229544,94.66450122307604,35156717
2022-11-08,88.4221420288086,91.95491403868053,85.49303428069597,91.39241286692794,48938863
2022-11-09,86.44651794433594,87.79788773141294,85.98005918196894,87.18737283397694,22208464
2022-11-10,83.75749969482422,87.10505176483515,83.00292868164551,85.11572751854591,25882616
2022-11-11,84.76587677001953,87.46175816583256,83.6614635412862,87.11877401084068,29413225
2022-11-14,79.54561614990234,84.30628291267907,78.1942463071703,83.75750528952891,47304061
2022-11-15,81.62413024902344,81.63098832119829,79.23007689998657,79.23007689998657,42246395
2022-11-16,79.50446319580078,81.7544603224469,78.83221095008942,80.9450100026108,26951047
2022-11-17,78.92138671875,80.75979692328546,77.51513761917255,78.9899820913148,26624365
2022-11-18,78.81163024902344,80.93815279517108,76.48617965202006,79.23007522082345,33201329
2022-11-21,78.74989318847656,80.39623346561197,78.20111553843144,78.88709126448786,25276090
2022-11-22,76.06086730957031,78.74989090543384,75.65614581932036,78.68129553291686,34264780
2022-11-23,80.8146743774414,81.41147315584901,75.47093231259596,76.28038260288449,42552350
2022-11-24,81.65156555175781,83.0646727141427,79.71711304561941,80.12869993237223,32975262
2022-11-25,78.12564086914062,80.74606137537779,78.0639035776664,79.72395970363877,25975056
2022-11-28,80.19729614257812,80.78723686462219,76.06086767038512,76.1431865139959,24514032
2022-11-29,78.65384674072266,80.08753528643533,77.86497074082872,79.57304807159184,22085067
2022-11-30,78.88709259033203,79.79943599839066,77.73465071346828,78.20111685274651,20852025
2022-12-01,79.51131439208984,80.87640763533605,78.33829843600857,79.63478898462479,27914112
2022-12-02,82.37870025634766,83.68891441214662,79.11345930197437,79.96406539623125,41230607
2022-12-05,74.4831314086914,78.88709070279657,73.16605919636089,78.80477185777592,77586374
2022-12-06,72.30858612060547,74.46254822570667,69.76362599601758,74.40766899690156,61383791
2022-12-07,72.802490234375,73.79029434990734,71.40995731065247,71.40995731065247,36957436
2022-12-08,73.55020141601562,76.00599183756708,72.17825006812105,72.67901384877246,39048819
2022-12-09,73.26209259033203,74.07154289791191,71.75295043281017,73.59136063624588,31884532
2022-12-12,71.97245788574219,73.5364792256802,71.73922483368135,72.58983820113859,23369493
2022-12-13,69.08450317382812,72.64471410995276,69.01590780647291,72.027333822758,39499234
2022-12-14,67.50675964355469,69.83221737389826,66.64929555527416,69.27657437278097,48161600
2022-12-15,68.8238296508789,68.9335880988605,67.02657536367595,67.66453718381995,26684635
2022-12-16,67.22550964355469,68.76894932686119,66.77962511451084,68.446546713321,22066765
2022-12-19,66.75218963623047,69.00904470575094,66.23770970993853,67.24609534783042,24610838
2022-12-20,66.64244079589844,68.25447599970262,65.77125319440434,66.40920773872683,27862566
2022-12-21,65.49686431884766,66.80022049328716,65.09900085935585,66.57384548280008,20589578
2022-12-22,64.61195373535156,66.24457049236806,64.61195373535156,66.12109589116511,19557405
2022-12-23,62.80784606933594,65.0304037165824,62.19046568865619,64.59823525200646,24741472
2022-12-26,69.61270904541016,69.63328326015387,63.04792992925913,63.500672558614426,55473706
2022-12-27,73.646240234375,73.81087059465757,69.2834440993885,69.61957021884032,58489205
2022-12-28,74.8467025756836,75.66301103207643,72.50752834749036,72.76133564595682,47577901
2022-12-29,74.59974670410156,76.08144925491163,74.04410366817287,74.76437706441385,25354585
2022-12-30,76.69196319580078,78.2011126685409,74.23618000482327,75.32001912103675,37975588
2023-01-03,79.30552673339844,80.58144316077568,75.4229128763685,75.46406863454202,41007402
2023-01-04,77.00064086914062,79.5044446914159,76.55475639076322,78.88020642168753,32099894
2023-01-05,78.13937377929688,79.46330399754538,76.57535243697221,76.57535243697221,25312910
2023-01-06,82.38555145263672,84.18966387982232,78.20110937840765,78.20110937840765,45487853
2023-01-09,82.65994262695312,85.36954770820489,81.63098275290798,82.97549452247345,34586161
2023-01-10,83.634033203125,84.88936809856732,82.69424288602342,83.4831189858751,23523955
2023-01-11,83.66146850585938,85.36954596501636,82.52960827132172,83.59973120775729,25460989
2023-01-12,82.58448791503906,84.21024654260607,82.1934825827508,83.6614689284821,21439300
2023-01-13,82.53646850585938,83.45567725691222,81.973967409633,83.38707455844578,21097473
2023-01-16,83.40079498291016,85.76740848207385,81.76131291033604,82.4541466524449,26293262
2023-01-17,83.48311614990234,84.92366290026055,81.82305248954691,83.42137885071554,16562215
2023-01-18,83.48311614990234,84.51207602101545,82.32381628172847,83.6889095895249,13508954
2023-01-19,82.38555145263672,84.29256426047519,82.09058110769772,83.48311399327028,16502294
2023-01-20,88.1820297241211,88.1820297241211,83.88097143182385,85.73310488198013,42677325
2023-01-30,89.79407501220703,92.6065729616327,88.21633029430993,89.86267037868106,35328738
2023-01-31,89.17669677734375,90.54864810027193,87.3314286224948,89.19042024715269,21249415
2023-02-01,86.46024322509766,89.17669899901146,84.1004877701123,89.17669899901146,39175560
2023-02-02,85.23235321044922,86.98158653502182,84.69043363689144,86.46024850444724,22716863
2023-02-03,84.33370971679688,85.58904438385046,83.00292161834588,84.90306879560814,19882262
2023-02-06,83.27047729492188,84.58068424735846,82.01514225132493,83.89470845335464,20598905
2023-02-07,82.31009674072266,85.06085013083158,81.21939228844565,83.89469223910737,22926957
2023-02-08,82.90003967285156,84.70415228062133,82.04257549224627,82.2140639321672,18633664
2023-02-09,84.31314086914062,85.8771622218804,80.78723475377109,82.37183764862574,31355395
2023-02-10,82.72854614257812,83.8535410126385,82.13174735817422,83.33906107053164,16140832
2023-02-13,82.94120025634766,83.77809019509999,81.9876937857692,82.13174993255443,13343405
2023-02-14,81.96025085449219,83.52427220887624,79.92976339167795,83.34591838235878,25031661
2023-02-15,79.84059143066406,83.24988856109991,79.56620260215618,82.31010554123536,26321677
2023-02-16,79.4221420288086,81.07534030691804,78.79104556028965,80.12184119588377,18484452
2023-02-17,76.98007202148438,79.47016011353888,76.82915781369319,79.03799903163664,21648676
2023-02-20,81.51437377929688,81.63099031712137,76.8840465900317,77.02810274422669,34048040
2023-02-21,80.67061614990234,81.19195414506041,78.5646753006856,80.94500495403814,24845993
2023-02-22,80.69805908203125,83.09897037571545,79.59363842153655,79.62793610758922,21821496
2023-02-23,83.8809814453125,84.2239656343976,80.6843359780802,80.6843359780802,35174071
2023-02-24,82.7971420288086,84.08677459147653,82.02198941144438,83.68891117506828,16948593
2023-02-27,82.32380676269531,84.71785966478251,80.39621991341545,81.89164571835813,21342762
2023-02-28,82.04256439208984,82.68737695835146,81.1507953171543,82.17975512546502,13011283
2023-03-01,79.1614761352539,82.17976038673343,78.32458623088921,81.69272006347192,31607675
2023-03-02,77.68663024902344,79.71025227418937,76.67138653715054,79.23007003157377,27456144
2023-03-03,77.11041259765625,78.8733694445578,76.82916569469539,78.07077716883994,16893216
2023-03-06,81.54866790771484,81.97397095238883,75.32002180355394,77.4602604980101,47876770
2023-03-07,82.31009674072266,83.19500043487258,80.25902782784917,80.91070580525374,31126758
2023-03-08,79.55933380126953,82.8657300957651,79.1271727368725,82.1797544535006,25859517
2023-03-09,78.74302673339844,80.26588491649929,77.9335764886064,78.92823862104589,16873774
2023-03-10,78.18738555908203,79.29866423777158,76.71254116797547,78.54409320001935,21273655
2023-03-13,76.42443084716797,78.7498886441158,75.9236743843736,77.24074653007862,23162225
2023-03-14,72.521240234375,76.7605692239055,70.0380173215045,76.14318886823598,64306883
2023-03-15,71.97245788574219,74.68205561703834,71.14242606023137,72.72017087046689,31400434
2023-03-16,67.5204849243164,71.60889209507629,66.72475078481972,70.66910914309278,61397075
2023-03-17,65.96331787109375,68.59746200649832,65.38023527497597,68.56316432325595,46891076
2023-03-20,68.39166259765625,70.07915828916565,64.49532595935912,65.24303883503578,47406364
2023-03-21,69.6744384765625,70.27809524754281,67.84288662420218,68.59745758792758,46254577
2023-03-22,70.10660552978516,71.10126767307281,69.0502060899417,70.23693819429202,32999577
2023-03-23,68.59746551513672,69.83221881001325,68.11728327118476,69.59898575963668,26825269
2023-03-24,69.55783081054688,71.01209370248431,66.53953924480928,68.59060091281528,36086888
2023-03-27,72.30172729492188,72.97398685027547,68.67292075676757,68.67292075676757,54576782
2023-03-28,71.3207778930664,72.2194050639666,70.71026299337063,71.35508290435217,30577752
2023-03-29,71.76667022705078,73.0563028618961,70.75829182245911,71.70493292323906,31245076
2023-03-30,72.40462493896484,72.71331142734097,70.00371374715169,71.16986433146138,30282203
2023-03-31,71.93130493164062,73.77657322408224,71.34136420685265,72.42520334160272,30754719
2023-04-03,72.64472961425781,73.64625003399212,70.62109990238943,71.34137339434241,31291184
2023-04-04,69.24227905273438,72.28114483949614,67.71255538831485,72.06163525633717,56487118
2023-04-06,69.33145141601562,70.38099276108885,67.79486978073828,69.2628560495923,32518879
2023-04-07,68.22703552246094,69.7499011196121,67.8223140404296,68.59746664592996,23664565
2023-04-10,69.59213256835938,69.6675860152434,68.04868534627595,68.63176801310749,35879552
2023-04-11,70.53191375732422,71.63633443271782,68.67978006949645,69.96941264827284,45880275
2023-04-12,68.45340728759766,71.00523263966976,67.96636698690902,69.85279822015308,31433050
2023-04-13,68.62490844726562,70.92291939616881,66.54639976215627,68.59060343361041,31195690
2023-04-14,69.9968490600586,71.68435230999812,67.91834780553499,67.93207127571313,44292967
2023-04-17,70.43586730957031,70.86117027636244,69.44120525446,69.62641712770832,24987090
2023-04-18,75.37489318847656,75.71787735193335,71.21102543869503,71.21102543869503,69577221
2023-04-19,74.83983612060547,76.14318481045024,73.09059553626155,75.3748976016048,42072370
2023-04-20,72.49380493164062,74.55172471096893,71.89014074526455,74.29105203914742,34353155
2023-04-21,75.45721435546875,77.40538311726887,72.57612063651085,72.69959524423759,53428666
2023-04-24,70.92977142333984,75.56010526719614,69.28343864219016,75.50522604242462,56469473
2023-04-25,70.27810668945312,75.42291354901928,69.9968524705929,73.05629990243888,58697962
2023-04-26,80.58829498291016,82.31695392413572,68.43282515068708,68.59746282461298,105317200
2023-04-27,79.8748779296875,81.21938959534059,78.20796364872403,78.88708121622714,49508831
2023-04-28,77.33678436279297,80.16985679854062,75.93739332468765,79.02428036400828,49325245
2023-05-04,77.51513671875,80.23159257235977,75.35431656506051,75.4572096227125,47713719
2023-05-05,73.74913787841797,76.82230895574031,72.15081869843802,76.56849433715102,45903386
2023-05-08,73.94806671142578,74.64775854636923,71.44426239798126,73.7559967416765,34804932
2023-05-09,73.46788024902344,75.38860914442274,72.37031774008129,74.02351591130719,29168195
2023-05-10,75.34745025634766,75.834490531257,70.79257739049365,73.03571614128606,42645758
2023-05-11,76.21177673339844,78.88021861892537,74.22245243948868,74.35278510447607,41116418
2023-05-12,74.49684143066406,77.35736061230904,74.43510413372205,76.12946541790735,24124748
2023-05-15,79.90918731689453,80.51970222507347,75.38175371519802,75.45720715627654,47639216
2023-05-16,79.92975616455078,82.72853790807088,79.15460362915915,79.57304854376882,41179061
2023-05-17,80.23845672607422,81.53494733277029,78.26970657468415,81.0822046975272,24450780
2023-05-18,78.02961730957031,80.23845863805653,77.72093080704889,80.22473516738901,26261747
2023-05-19,78.66756439208984,79.19576775917005,77.13098277012803,78.33829637831238,19853426
2023-05-22,78.06391143798828,79.97092424887511,77.52199190181531,77.91299722952238,17503519
2023-05-23,78.44120025634766,80.54028302202532,77.77580612790071,78.06391107344504,22823585
2023-05-24,80.4648208618164,81.34286648022804,77.65918826032163,77.99531435447147,33448660
2023-05-25,82.33753204345703,84.4091750621055,79.07914965399057,79.47701302561205,47016438
2023-05-26,78.2216796875,82.24149120978328,77.60430674240479,81.97396049124231,36425128
2023-05-29,75.0456314086914,78.05705767261855,74.51056991452215,77.59059155144539,35259837
2023-05-30,75.86878967285156,77.20644326382642,74.69577375168859,75.11421867037822,25548024
2023-05-31,75.55323791503906,76.73311923611696,74.35278238045338,76.143178575578,18609701
2023-06-01,73.83830261230469,76.41756749836135,73.61879304551235,75.45720306902108,24725519
2023-06-02,74.05783081054688,75.11423037867392,73.28267814677174,73.46789005893035,18578842
2023-06-05,71.396240234375,73.39928805305989,69.72246044989859,73.39928805305989,34131230
2023-06-06,71.99303436279297,72.69272614275074,69.55782561177412,71.15614452451058,32064428
2023-06-07,70.22637176513672,71.70431414465122,69.27774229461973,71.45684622559376,25897166
2023-06-08,70.74193572998047,72.9485443591946,70.48072284410244,70.9412889755526,26698964
2023-06-09,71.29875183105469,71.96554374093523,70.11639189941546,70.32949011775695,23114852
2023-06-12,72.43297576904297,72.88667676150936,69.33961197554093,70.86566909743698,32273991
2023-06-13,71.84180450439453,72.72169456818334,71.4087282789178,71.60808152642842,19618510
2023-06-14,70.92066955566406,73.05853154367264,70.46010338943707,72.09614965804597,25583485
2023-06-15,76.14503479003906,76.99055522706296,70.19888713226564,71.0650323470484,54151805
2023-06-16,78.42725372314453,79.03905113843747,75.6157199193288,76.50936236826672,44396616
2023-06-19,78.33101654052734,79.6508480865519,77.33425755357834,77.67796957456525,22657544
2023-06-20,78.06291961669922,79.54773461526081,77.43049746181677,78.09041687059766,19836196
2023-06-21,77.78108215332031,80.35202057456243,77.45800223782268,78.07667215464079,23765364
2023-06-26,79.21090698242188,81.04630656681049,76.3581309725311,76.64684848385164,25540436
2023-06-27,80.38639068603516,81.98119486253195,78.77783420999378,79.08717651224275,23588453
2023-06-28,80.09078979492188,81.39000379208505,79.64396861232275,79.74020532648473,17818679
2023-06-29,79.77459716796875,81.35564912267229,79.58211636162062,79.87770637886123,15241578
2023-06-30,80.17328643798828,81.60310696702004,77.92543543276842,78.59909981533275,23487388
2023-07-03,84.40775299072266,86.82057974657776,80.840063775498,80.97067020468327,51622492
2023-07-04,82.56549072265625,85.72072917512222,82.15304657857854,84.89583354457554,23443824
2023-07-05,82.17366027832031,84.20154054263003,81.80245836280464,82.48987502821178,15440661
2023-07-06,81.38999938964844,82.98480326306637,80.74383233603483,81.56872785302055,14527007
2023-07-07,79.46524047851562,81.69934640104847,79.46524047851562,80.42762230902495,15505268
2023-07-10,80.94318389892578,82.54486770415556,79.39650194288127,79.46524140517904,22808633
2023-07-11,80.55824279785156,81.76809266429922,79.61647832201744,81.26627693189666,11782450
2023-07-12,81.36251068115234,82.13929159641611,79.06654501010313,81.23190422974005,19753853
2023-07-13,81.70622253417969,82.62735485508935,80.42762590728147,81.39000778084686,15369015
2023-07-14,78.26226043701172,81.5687297436438,77.77419706125627,81.12190857485697,31275399
2023-07-17,78.56472778320312,79.01842145780488,77.64359547828029,77.69171016568889,10050544
2023-07-18,77.71233367919922,78.55785402914815,76.99054729827786,78.02166860176816,13920544
2023-07-19,76.09690856933594,77.75357961756592,74.96955049612669,77.71233740670877,22753837
2023-07-20,75.18264770507812,76.95618022641001,74.98329444676118,76.5437287538051,12152635
2023-07-21,74.56397247314453,75.61571861649911,73.84906586870308,74.93518174528751,10683768
2023-07-24,73.48472595214844,75.12077951806334,72.90729830516295,73.2441304873719,14009382
2023-07-25,74.41960906982422,75.34074870087305,73.55347128785424,74.57772011215019,20967385
2023-07-26,75.18951416015625,75.97316748989796,73.82843322045598,73.89717267958689,16307992
2023-07-27,74.85955047607422,76.57121578216406,74.54334310705956,75.20326243813975,12667832
2023-07-28,74.94892883300781,75.41637483996575,73.45036143026682,74.28900937753272,13802188
2023-07-31,76.6468505859375,76.89431854963273,74.48836369728122,75.38887864729801,19696185
2023-08-01,72.93479919433594,76.63309558987424,71.35374739979513,76.30313586909485,35439237
2023-08-02,71.98616027832031,73.45035038426705,71.74556483266068,72.55671540209575,21492045
2023-08-03,73.12039184570312,74.00028922931831,72.17863482276687,72.17863482276687,19322179
2023-08-04,76.12439727783203,76.81181388342101,73.52596941055252,73.62220612000912,26163852
2023-08-07,74.92830657958984,76.18627854286521,74.5846018835478,75.61572331406559,13923599
2023-08-08,76.30313110351562,79.87769329830813,75.93192919421926,79.19027664441833,39795357
2023-08-09,77.67796325683594,78.63347261181359,75.36824538996292,76.31000244717613,24838536
2023-08-10,79.09403991699219,79.69209233236766,77.88419013066515,78.91531144015835,24268336
2023-08-11,76.72245788574219,78.90844189819792,76.70871292965472,78.84657491102217,19664834
2023-08-14,76.6468505859375,77.07304704394407,74.11715440934684,75.61572183322147,18567726
2023-08-15,74.82518768310547,77.9460561696464,74.65333168614518,76.54372562553623,16742738
2023-08-16,73.54659271240234,75.72570418685471,73.25101008313527,74.57772137427784,14198522
2023-08-17,73.2922592163086,73.80781992475406,72.59109753390975,73.00354169523118,15129798
2023-08-18,73.64283752441406,76.44061888218862,73.05853005298233,73.12727685940374,23070754
2023-08-21,68.54907989501953,73.00353205100579,67.64169258063575,73.00353205100579,52618567
2023-08-22,68.12289428710938,69.28462953817728,66.76868557850689,68.87905050226917,27316606
2023-08-23,64.91265106201172,68.10225897195212,64.87828133151189,67.4767166605521,29611793
2023-08-24,68.2603759765625,69.21587806360475,66.19812588484646,66.26686535185294,31013288
2023-08-25,67.49046325683594,68.52158456646518,66.72055484231309,67.84792021055078,17536932
2023-08-28,68.8790512084961,74.4471173430282,68.50784924699123,74.24089892600894,37588356
2023-08-29,70.37760925292969,70.73506620895664,68.122885844261,68.1916253073767,29067385
2023-08-30,69.76581573486328,71.14752160574164,69.29149725988299,70.4463526105912,18142329
2023-08-31,68.56971740722656,69.77269490559895,68.54222014934444,69.36024337975928,14294943
2023-09-01,69.0783920288086,69.56645541068939,68.28098639241433,68.63844333192998,9068992
2023-09-04,68.71406555175781,69.57333086495045,67.44234143410303,69.43585193918722,18623491
2023-09-05,68.2603759765625,69.34649186178659,67.26362433540335,68.74156693039045,18862915
2023-09-06,67.03677368164062,68.55596582772392,66.83054793863995,67.71043807870376,18654540
2023-09-07,65.95752716064453,67.53858622069232,65.83379318916815,67.21549899384236,17745572
2023-09-08,64.02588653564453,65.799418908174,63.6546846468792,65.65506017063514,24263204
2023-09-11,63.51720428466797,64.35585219335785,62.95352157937966,64.09463194605037,26629801
2023-09-12,62.61669158935547,63.58594598456674,62.355471332867744,63.28348351595625,20976110
2023-09-13,62.90540313720703,63.48970324177234,62.561691146670434,62.99476737365966,19800165
2023-09-14,61.26247787475586,62.623558870547654,61.17998611496495,62.39671570911105,28245413
2023-09-15,60.437583923339844,61.626812697128294,60.01138747403165,61.26248323748125,23565974
2023-09-18,61.27622985839844,61.7986666854431,59.66767716630491,60.04575524140448,20905813
2023-09-19,60.114498138427734,61.03563414237571,59.942642132398404,60.60943770872714,17142035
2023-09-20,59.543941497802734,60.48569858412606,59.15898728435969,60.48569858412606,15205642
2023-09-21,58.36846160888672,59.44082881945691,58.189733128592444,59.1108691129437,22971695
2023-09-22,58.49906921386719,58.84277755420372,57.60543046594864,58.43720222657399,31971716
2023-09-25,58.1416130065918,58.62968010445905,57.12424027078175,58.086622167831756,23465771
2023-09-26,57.75666427612305,58.98026279174792,57.75666427612305,58.43033235959118,23457023
2023-09-27,60.148868560791016,62.05988739844412,57.67417068092036,57.67417068092036,50727587
2023-09-28,61.53057098388672,61.99113712983752,60.12824409916059,60.451327649102396,33754380
2023-10-09,61.626808166503906,62.38296428587826,59.95638855487035,61.111247509766436,22810856
2023-10-10,60.56131362915039,61.83303408021182,60.56131362915039,61.2762275413569,20419021
2023-10-11,60.18323516845703,61.99113737046524,59.8051571101659,61.867403400696396,23381645
2023-10-12,60.91877365112305,61.63368392811355,59.7226687520257,59.87390365515366,24229077
2023-10-13,60.32759475708008,60.68504804460831,58.540313634657096,60.148866277718234,27535257
2023-10-16,58.842777252197266,60.575063901102645,58.44407807586616,59.88077474593619,23129300
2023-10-17,58.04537582397461,58.97338798052357,57.70166748187516,58.56781265081359,19223001
2023-10-18,56.64304733276367,57.91476412565818,56.560555570727615,57.70166591385822,20167785
2023-10-19,56.23747253417969,57.041747029894466,55.433194367269415,56.61555060235292,25247899
2023-10-20,57.33045959472656,58.76715989334026,55.343828907679324,55.40569589281833,33373523
2023-10-23,55.020748138427734,56.7049164627926,54.64954253762053,56.7049164627926,22888538
2023-10-24,55.23384475708008,55.611922825092094,54.25771425821475,55.343830102902984,21934837
2023-10-25,54.40894317626953,56.519311460801035,54.15459909200224,55.61879661375652,24407524
2023-10-26,53.68716049194336,53.927755966198156,52.50480422630427,53.32283104148794,25903136
2023-10-27,56.959259033203125,57.247972861089636,53.20596825709201,53.24033798938444,36031759
2023-10-30,59.77765655517578,60.72628972300412,57.5916764156053,59.035249106369534,51708557
2023-10-31,57.84602355957031,59.78453587613394,57.74978317236209,59.78453587613394,27217024
2023-11-01,56.45056915283203,58.16223463499168,56.40245079482339,57.887269442489085,23891812
2023-11-02,55.1994743347168,57.08986465114188,55.1994743347168,55.88688732650981,20510666
2023-11-03,57.47481918334961,58.705293768740084,55.58442518520904,55.611922439272874,34993161
2023-11-06,59.79828643798828,60.32071958638614,57.467947361797016,57.47481983979373,39397979
2023-11-07,61.17998504638672,61.386210771066665,59.05587183000817,59.461447130574584,31467256
2023-11-08,60.78129196166992,61.49620592061742,60.38259277009972,60.492578121016386,22582145
2023-11-09,62.00489044189453,62.82978603144031,60.52007177256034,60.59568738516181,31134212
2023-11-10,61.22123336791992,61.50307471340025,60.34821574879403,61.17998748709941,19120141
2023-11-13,61.482452392578125,62.81603980983522,61.17998627707204,61.86053044796652,18330072
2023-11-14,60.96689224243164,62.761049597859625,60.49944991731055,61.784915393594645,17720441
2023-11-15,63.24223327636719,64.19774259371655,61.72992112527563,62.54794418234832,37418966
2023-11-16,60.3550910949707,62.99476869324127,60.25885070766977,62.953519141774045,29455647
2023-11-17,60.12137222290039,60.7331733062554,59.58518675628394,59.79141250055113,19225941
2023-11-20,60.67130661010742,61.125000312728965,59.420210853158295,60.334470736685496,20424873
2023-11-21,60.850032806396484,61.76429632666063,60.774417192142856,60.82253555190507,19629320
2023-11-22,59.647056579589844,60.56819259522519,59.61268317523052,60.499449457702134,12011057
2023-11-23,59.660804748535156,60.13511954461401,58.835905460576754,59.64017997183897,13869770
2023-11-24,58.079742431640625,59.39270874177912,58.079742431640625,59.39270874177912,15800632
2023-11-27,57.5023193359375,58.34783974944548,57.08986784658048,57.722293708340956,12952602
2023-11-28,57.95600891113281,58.21722914811369,57.131109662342595,57.50231524209704,12473326
2023-11-29,56.50556564331055,57.84602559280873,56.43682250717413,57.729164096974586,14581862
2023-11-30,57.19297790527344,58.23785153379203,56.581180521991634,56.78053010740271,17703247
2023-12-01,57.213600158691406,57.63979656481818,56.16185409862152,56.629296384075325,14305592
2023-12-04,56.663665771484375,57.81164853850432,56.457440047293204,57.22734843862149,14574257
2023-12-05,55.02762222290039,57.05549895221634,55.02762222290039,56.374958390200526,19845369
2023-12-06,55.98999786376953,56.84926682115989,54.78014811158992,54.965749060973295,20813350
2023-12-07,54.649539947509766,56.15497971388377,54.31270776707917,55.68066493590608,20041701
2023-12-08,54.319583892822266,55.11011347080137,53.79715072129772,54.90388772503366,24753276
2023-12-11,54.718284606933594,54.90388556811573,52.862260310330086,53.047864942707754,20143820
2023-12-12,54.03086471557617,55.26821172559527,53.920879375253115,54.65641436940327,12499414
2023-12-13,52.243587493896484,53.584047464946266,52.16109940040208,53.370949246290515,21505594
2023-12-14,52.518550872802734,54.12710718751869,52.518550872802734,52.72477660615536,16304264
2023-12-15,53.2197151184082,55.199473308847814,52.96537103125331,54.21646669138026,27601590
2023-12-18,52.34669494628906,54.463935628655435,52.28482796477259,52.930998703183256,15961187
2023-12-19,54.61517333984375,55.460693749398125,52.03736255700302,52.51855351153909,37357720
2023-12-20,54.457061767578125,55.055114175619565,54.07211123628361,54.512056273989636,18289636
2023-12-21,56.56743240356445,57.17922979234718,54.03086759382554,54.49830990409352,39215134
2023-12-22,57.06237030029297,58.43032745877998,55.26821305431651,56.01749669292023,34761644
2023-12-25,56.691162109375,57.68791364155555,56.271838190177405,56.423069406491756,14200279
2023-12-26,57.00737380981445,57.337333498431654,55.98312501383052,56.5055617993403,17717114
2023-12-27,56.258094787597656,57.26172256163116,55.74940658687401,57.26172256163116,17087562
2023-12-28,61.4549560546875,62.059884623515444,55.86626588703467,56.079364096773816,52151339
2023-12-29,60.210731506347656,61.11124635476255,59.70204333703898,61.0081334911248,32262955
2024-01-02,58.705291748046875,60.2176039575477,58.58843025789581,60.14886449594967,18762529
2024-01-03,58.547183990478516,59.03525105209079,57.64667281961886,58.684670255154735,18348272
2024-01-04,56.82177734375,58.395956630803205,56.69116721927125,58.06599691615888,19236674
2024-01-05,55.09636306762695,57.770410513357405,54.649541856593444,56.43682302953192,26172330
2024-01-08,55.23384475708008,56.34745785602292,54.60142259400626,54.71828408899056,17711507
2024-01-09,56.37495422363281,57.742911396122736,53.89338396971455,55.068864036644975,28903474
2024-01-10,58.732791900634766,59.763913245071514,55.81814900782422,55.86626736755738,38176555
2024-01-11,59.73641586303711,60.40321143344309,58.499068783877,58.80840738926479,31202301
2024-01-12,60.416961669921875,62.41733742083542,59.05587690963539,59.77079085871427,36895720
2024-01-15,59.90140151977539,61.09750275984767,59.57144179743911,60.073253859194196,18431449
2024-01-16,61.09749984741211,61.47557791306753,59.13836638392698,59.743291288975655,24243830
2024-01-17,59.46145248413086,61.08375383245889,59.447703856501334,60.733173005895,16799123
2024-01-18,62.14923858642578,62.51357534576527,58.9802555012868,58.9802555012868,33667940
2024-01-19,61.17311096191406,64.03963157217022,61.06999810228262,62.554816672824025,32997829
2024-01-22,60.148868560791016,61.9705231553712,59.30334816186689,60.513198011228816,27526324
2024-01-23,62.85041427612305,64.96077906755866,60.62318798480054,61.798668119532344,40618120
2024-01-24,61.31747055053711,63.510326871703036,59.87389783805492,63.03600844505535,32131432
2024-01-25,61.86740493774414,61.86740493774414,58.602181257349294,60.506323894081085,34866140
2024-01-26,59.647056579589844,61.31060012449619,59.592062069571405,60.62318710524363,23812724
2024-01-29,55.32320785522461,58.980258158061325,55.19947388482987,58.567810366347054,38747331
2024-01-30,54.98637390136719,56.84926688859061,54.67015916536848,54.9932463789694,23311478
2024-01-31,53.88650894165039,55.45381562338404,53.42593913991495,54.326453968397594,25830945
2024-02-01,55.37820053100586,56.918009974578936,53.625289214006735,53.666535093172605,29309135
2024-02-02,54.51205825805664,55.65316860926083,52.99974231745475,54.99324919308513,26663400
2024-02-05,54.98637390136719,56.36807597818564,51.556166874135876,53.61841677975317,32391328
2024-02-06,57.880393981933594,58.2378509391557,53.89338395844397,54.03086655633045,30565575
2024-02-07,58.58843231201172,59.61955731289163,57.93538904795794,58.73279106034137,30464988
2024-02-08,58.79466247558594,60.28635374551834,58.43033300955007,59.049006588206154,25531588
2024-02-19,58.69841766357422,59.3239636344914,57.70166245692951,59.117737912951775,21861260
2024-02-20,56.97300720214844,58.361585492984425,55.92813357386347,58.35471301505941,26569807
2024-02-21,57.536685943603516,58.88402201788017,56.02437368798222,56.36807834884491,28063700
2024-02-22,57.81165313720703,59.46145171958116,57.02112725024963,57.05549698328371,25174375
2024-02-23,58.63655471801758,59.757044036397936,57.74291592586779,57.80478291622314,30135343
2024-02-26,57.52293395996094,58.56093137345584,57.08298893592484,58.45094603524563,25325848
2024-02-27,57.79103088378906,57.79103088378906,56.60867464470545,57.39233170916498,28197008
2024-02-28,58.347835540771484,61.255605848933556,58.27221992933633,58.485318136908546,48164943
2024-02-29,59.949520111083984,60.011387100359904,57.54356532281753,58.08662326974674,38184251
2024-03-01,60.19698715209961,60.76754234584546,58.63655280261189,59.95639167693439,32421848
2024-03-04,61.50994873046875,62.21111770837684,59.72266756667237,59.79828685233329,36677271
2024-03-05,62.25922775268555,62.706048928101715,60.210730165693384,60.499443974733346,38212003
2024-03-06,64.80953979492188,66.87178964038164,61.523691605141096,61.83990266072036,49730938
2024-03-07,62.86415100097656,65.0157650649801,62.76104181349089,63.94339427165549,27660851
2024-03-08,68.32911682128906,68.65907654892096,64.12213212958025,64.12213212958025,53177448
2024-03-11,75.045166015625,76.22064617617117,69.76581768197065,70.73507209362235,65870453
2024-03-12,74.74957275390625,77.51986427252882,73.45723114737915,74.17214508766885,48441712
2024-03-13,73.5122299194336,75.32701213019418,73.2097674413721,74.2408962005741,34017677
2024-03-14,73.40225219726562,74.58460491691098,72.54297940862631,73.00354562907576,25725376
2024-03-15,71.29875183105469,72.92105315560936,69.56646148707559,72.86605864589714,40588539
2024-03-18,73.60847473144531,74.36463093423578,71.33312630210959,72.02054303438953,34885019
2024-03-19,72.55672454833984,76.22064385612252,72.55672454833984,74.03466713764037,26428060
2024-03-20,72.15801239013672,73.59471265578705,71.45685079385171,72.02053346737804,18378042
2024-03-21,71.4224853515625,72.41923697097327,70.6525769052801,71.84868178552946,21516360
2024-03-22,70.7831802368164,71.83492621011055,70.25386734044608,71.16125458360376,13384197
2024-03-25,70.52884674072266,71.89680770103364,70.2263842652836,70.37761550300313,15864221
2024-03-26,71.11314392089844,71.80055319797829,69.86204464552786,70.25387131096298,23537231
2024-03-27,70.17137908935547,72.31612069006108,70.11638458537989,71.47059304061959,22967376
2024-03-28,70.94129180908203,71.97241312346783,69.56645849497373,70.52884034637137,20736823
2024-03-29,71.35375213623047,72.41924331447873,70.3294958300288,70.6044684009236,12254709
2024-04-01,74.9557876586914,75.61570699396674,70.87254503186409,71.49121481969092,33946829
2024-04-02,73.62220764160156,75.49197673570863,73.27850300289867,74.24088480213528,22211526
2024-04-03,72.09613800048828,74.57771159918705,71.68369393218904,73.61532986917233,17891721
2024-04-08,71.09939575195312,72.9416676999738,70.89317001989865,71.69744817219384,18454490
2024-04-09,70.24012756347656,72.5085958385713,69.75893665581489,71.83493150480119,19246411
2024-04-10,68.44597625732422,70.92067046868264,67.77230452327818,70.11639228015423,26516536
2024-04-11,67.9097900390625,69.19525916222723,67.57983032507764,67.74481385326563,16843814
2024-04-12,66.18437957763672,68.17101034118723,65.91628685091344,68.00602681286931,20449185
2024-04-15,68.55596923828125,69.77269163740677,66.06065010589975,66.06065010589975,26609361
2024-04-16,68.12289428710938,69.17464050964794,67.43547754358454,67.91666852981274,16541047
2024-04-17,68.09538269042969,68.57657357532857,66.96114493534226,67.77917531358253,23665685
2024-04-18,66.76180267333984,68.05414418716191,66.31498149271113,68.05414418716191,21848891
2024-04-19,65.41446685791016,66.09501101858935,63.70967388859087,65.7512990282378,37643635
2024-04-22,64.61019134521484,66.32872933935447,63.92277467908081,64.6170711655172,21725321
2024-04-23,66.66556549072266,68.65906858191545,65.99189381451649,67.33922982453825,36869670
2024-04-24,65.44196319580078,67.07800933873959,64.82328602725295,67.05051208620031,22343528
2024-04-25,66.60369873046875,67.36672730233171,64.68580757084574,65.54507285609107,22981852
2024-04-26,68.23975372314453,68.60408319110032,66.23937054623447,66.57621010028403,30257843
2024-04-29,73.08602905273438,74.44711012195798,68.3291141173452,68.73468577568111,42903800
2024-04-30,71.0444107055664,73.0379214859795,70.90693176081561,72.85231316273898,21694656
2024-05-06,72.64608764648438,74.03466597016693,72.17864165827106,73.4847282177293,22541744
2024-05-07,73.48472595214844,74.55022434895356,71.55996223393623,72.33674313605317,19657114
2024-05-08,71.80743408203125,73.43660774970178,71.67682029669017,72.87979756299421,12018041
2024-05-09,73.2716293334961,74.11714971752538,71.90367579891594,72.14427126892073,17140515
2024-05-10,73.34724426269531,73.68407643221862,71.90367152840344,72.9347928122146,16157078
2024-05-13,72.17863464355469,73.9315422442152,71.11314365984096,72.10989518457714,24189501
2024-05-14,70.59070587158203,73.53284587227249,70.2607461767159,73.20975865508487,18975405
2024-05-15,72.28862762451172,75.61571454142153,72.07552941605799,74.85268594614466,31815767
2024-05-16,72.79731750488281,74.15839854818148,71.40873186496977,72.28862931533646,19061239
2024-05-17,69.73143768310547,71.82804991306371,67.71730986665017,71.6974434730254,39210673
2024-05-20,69.73831176757812,70.21950267445901,68.70719049351639,68.72093544862017,13906869
2024-05-21,68.74156188964844,69.65582169792339,68.05414524281726,69.29149227015711,12208397
2024-05-22,72.09613800048828,72.62545088895234,68.90653040057606,69.14712583307973,33019183
2024-05-23,70.4532241821289,72.1098950690895,70.11638468041946,71.78680786458779,17269624
2024-05-24,69.53208923339844,71.32624650016349,69.43585251608644,70.22637837296546,10659063
2024-05-27,69.54582977294922,69.97890598693903,68.34973234678264,69.83454724894243,11885395
2024-05-28,68.59719848632812,70.40510054692582,68.53533150628282,69.17462608088108,10059553
2024-05-29,69.33273315429688,71.29874634200048,68.74156057638082,68.86529454251188,20027131
2024-05-30,69.2227554321289,71.0306576840533,69.0371544723512,70.70757045274155,14290126
2024-05-31,67.84104919433594,69.42898074450562,67.710435401578,68.79655858409075,15560819
2024-06-03,67.92353057861328,68.52158298022303,66.69306338724451,67.5042139921141,15822056
2024-06-04,70.9000473022461,71.2850015386746,67.42172890255284,68.22600710934952,25624107
2024-06-05,70.52884674072266,71.83494071025709,70.46010727150237,70.95504319771483,14937847
2024-06-06,68.67282104492188,71.12689787941827,68.05415114875731,70.95504186719862,18726673
2024-06-07,67.10550689697266,69.3258604884975,66.39060035486646,68.94778611354363,20359903
2024-06-11,67.46984100341797,67.82042549245035,66.43871965524058,66.59682336225102,12222242
2024-06-12,66.55558013916016,67.36673078079312,65.99189744254278,67.02302611742603,15042326
2024-06-13,66.91703796386719,68.04463838840226,65.7311233530563,66.87816183968332,14805621
2024-06-14,64.72990417480469,66.86845490804036,63.91337188093057,66.44074327813746,37828986
2024-06-17,66.04219055175781,66.17827924819649,63.29124098637436,64.53548473454389,21522961
2024-06-18,67.60721588134766,68.43347077447766,65.78944918343966,65.9060998123187,20560825
2024-06-19,66.4796142578125,68.14184675571425,66.29491928595318,68.14184675571425,11374063
2024-06-20,66.01303100585938,67.18923042822698,65.70196264661054,66.73235804592761,11543271
2024-06-21,65.6144790649414,67.34475599293839,64.90486736152131,66.0324678948951,13826777
2024-06-24,65.76029968261719,66.32410002801751,64.69102802441991,64.93404464747742,13480829
2024-06-25,62.27056884765625,65.74084546730998,61.803981146478726,65.20621341736583,24864803
2024-06-26,62.3872184753418,63.495373518121035,61.48319647557162,61.91090433351518,15398057
2024-06-27,61.60956573486328,62.06643439362858,60.75414631644881,61.65816831028868,13029831
2024-06-28,60.29727554321289,62.06643603405601,59.89872848116887,61.560964786505615,18310208
2024-07-01,61.38599395751953,62.63996048946498,59.78208293218103,60.99716591860747,18903984
2024-07-02,58.63504409790039,60.59861864229673,57.93515511348296,60.180629799729545,27600048
2024-07-03,58.37258529663086,59.6751543923547,58.07124709245661,59.159960398271785,14027316
2024-07-04,57.468563079833984,59.053032310137986,57.235269226277666,58.323982528531346,15077682
2024-07-05,59.29604721069336,60.015377939584496,57.15750050408976,57.15750050408976,24582436
2024-07-08,56.52566146850586,58.810015977775436,56.29236390577321,58.71281082305123,20068402
2024-07-09,56.65202713012695,56.933927268739396,55.39806432496692,56.74923599247897,24487461
2024-07-10,55.96186447143555,57.97404169901473,54.80510674654242,55.50499205952267,24470603
2024-07-11,58.14901351928711,58.96554946843828,55.65080309198369,56.53538339455253,31566541
2024-07-12,60.37504196166992,62.41637982591997,59.44185914990641,60.04453925231966,44695761
2024-07-15,62.22196960449219,62.7760471314768,59.762639199100946,60.44308639080768,32629298
2024-07-16,68.34598541259766,68.59872475020384,61.82342083472621,61.96923227627893,50143763
2024-07-17,68.33627319335938,69.3666612389335,66.95593322239148,69.01671672981807,41665147
2024-07-18,69.4055404663086,71.49548465003424,66.3240918459873,67.16978484348061,46958106
2024-07-19,70.28040313720703,70.80531246277968,68.70565291165501,68.70565291165501,31858451
2024-07-22,72.04956817626953,72.97302834023694,70.17347962506672,70.27068478712458,30538142
2024-07-23,69.79437255859375,71.6510155812499,69.79437255859375,71.15525962597384,29110827
2024-07-24,68.99726867675781,70.18318332345272,68.12240753060807,69.01670673943792,27046029
2024-07-25,69.08475494384766,70.69838863872816,68.18073294502032,68.43347227164885,28946634
2024-07-26,68.3848648071289,69.2597259870631,67.36419961077029,68.39458754698305,23928170
2024-07-29,66.73236083984375,68.60844931651258,65.64364378572462,68.41403158384227,21255289
2024-07-30,66.14912414550781,67.85024041388759,65.73113528005479,66.65459543066389,13369839
2024-07-31,66.90733337402344,67.29616142473,64.67157764466937,65.90610614944184,26482841
2024-08-01,66.00331115722656,67.64609835788362,65.80889342417844,66.61571032970222,19396385
2024-08-02,64.64241790771484,66.55738997068326,64.18554549680015,65.7116895026319,19753134
2024-08-05,65.29369354248047,66.95592607520517,64.17581578081578,64.40911703950795,24672778
2024-08-06,68.90006256103516,69.65828056949105,66.39213692912607,66.41157499362485,35861328
2024-08-07,69.00698852539062,70.18318792601846,68.46263373932226,68.59872243583935,20696499
2024-08-08,68.33627319335938,69.94017687448037,67.8502399769522,68.55984431979081,15961999
2024-08-09,67.8502426147461,69.51247538952735,67.8502426147461,68.33627585004864,12515571
2024-08-12,66.78096008300781,69.49302628457923,66.58654976553215,68.91951065663126,14776260
2024-08-13,68.33627319335938,68.6862177024748,65.80889453501943,66.79068370871984,18899298
2024-08-14,66.4796142578125,68.9778243744874,66.21715961762902,68.04464160810102,13078765
2024-08-15,66.76151275634766,67.44195618939688,65.7894464712618,66.10050738583818,11754029
2024-08-16,66.59626770019531,66.85872235147455,65.84777245774684,66.41157272052767,9563718
2024-08-19,65.64363098144531,67.01424791837869,64.93402679037732,66.92675810167304,12960500
2024-08-20,66.00331115722656,67.00453837952028,65.28398408564398,65.64364391329617,13771430
2024-08-21,64.62297058105469,65.6144749391961,64.36050852818263,65.6144749391961,12168154
2024-08-22,64.74933624267578,65.41034161726674,63.738386409990966,64.79794252374109,11771116
2024-08-23,66.2171630859375,66.68375078543083,64.1563797337216,64.54520776081789,15861202
2024-08-26,69.44442749023438,70.47481552329698,67.5294554542382,67.5294554542382,27517795
2024-08-27,69.18196105957031,69.96933985421958,68.23905550378936,68.93894446957637,16372070
2024-08-28,69.2305679321289,70.18318881988125,68.72508926753238,68.90978425070547,13882241
2024-08-29,73.63402557373047,74.84910850399004,68.58899887408384,68.66676596152709,41640140
2024-08-30,74.84910583496094,76.37524964429541,72.98274030054121,73.34240008865531,32333827
2024-09-02,73.85761260986328,75.80174552238502,73.77984551345557,74.75191196971645,15396522
2024-09-03,73.87703704833984,74.81021978426035,73.26463796371995,73.99368767143383,14301040
2024-09-04,73.85761260986328,75.04352745682759,73.07995647834319,73.47849986894532,16953012
2024-09-05,74.79078674316406,75.95726338730996,73.61458735903828,73.87704200827395,18077012
2024-09-06,73.53681945800781,74.74217963245727,73.39100802503368,74.60609093935544,10688968
2024-09-09,73.86731719970703,74.49916178770751,72.90497362442234,73.48821193016222,11342419
2024-09-10,73.87703704833984,74.84910332529168,73.1965936209844,73.86731430901273,12246055
2024-09-11,77.51256561279297,77.76530493037436,73.41044459111134,73.86731694418167,29581396
2024-09-12,76.79324340820312,78.8345813066846,76.52106601057598,77.473686902271,16385486
2024-09-13,75.93782806396484,77.05569846482912,74.74218315673257,76.6765931709872,15409869
2024-09-18,76.56966400146484,77.55145310274362,75.43234813887292,75.74340907777697,12133165
2024-09-19,76.19056701660156,77.91112881637535,75.34487393669653,77.06542832019174,16875731
2024-09-20,76.59883117675781,76.9390529152483,74.96575941572581,76.1613968704606,15745057
2024-09-23,74.63526153564453,76.83213380954926,73.19660732943609,76.3752613872133,20255885
2024-09-24,74.12005615234375,75.14072874455911,71.93290695440574,74.84910588498975,32548650
2024-09-25,74.98519897460938,77.34732054362276,74.75190512303263,75.6073208563326,26814556
2024-09-26,75.45179748535156,75.49068103174169,71.97179795435669,74.81023009433186,37673383
2024-09-27,82.8200454711914,86.09591155930306,74.22698297244477,75.38374423815193,54739186
2024-09-30,96.7983627319336,97.16774525148703,84.25870613438664,86.39724900132082,65607828
2024-10-08,115.860595703125,115.860595703125,99.61736717330407,112.74026347294219,89911366
2024-10-09,96.34149932861328,108.84227354451768,96.33177658827428,108.84227354451768,83783614
2024-10-10,98.61613464355469,102.64048900053014,95.74854169138982,96.2345748979451,50144024
2024-10-11,94.09603118896484,98.96607854960092,92.34630868939144,96.2540123834012,34214277
2024-10-14,94.04742431640625,95.14585667990572,91.53949122139534,92.8323413149023,35360733
2024-10-15,89.8675308227539,92.48239166965797,87.28183819593603,92.48239166965797,60629009
2024-10-16,85.9306640625,88.9051846247266,85.57099685469531,87.49569142902146,37327196
2024-10-17,84.14205932617188,87.19434701540266,83.7629540499875,86.44585920291179,34691558
2024-10-18,91.86027526855469,93.31837487599206,83.12140036453789,84.14206563997719,62541413
2024-10-21,91.5589370727539,96.01099557189497,90.09111472444413,94.27100323303036,62763597
2024-10-22,91.37423706054688,92.34630341225483,88.04004917753751,90.20776040500843,47207730
2024-10-23,95.65133666992188,101.56150224998038,90.41189928907646,91.27703780467799,69365331
2024-10-24,89.43010711669922,93.12396233368274,89.43010711669922,93.01703443839315,45034191
2024-10-25,92.64764404296875,97.08998709037316,88.8857519094096,89.24541172257612,72139090
2024-10-28,91.12149810791016,92.3365810525505,89.81893275106904,91.68529837412993,39042954
2024-10-29,87.97200775146484,93.85301234114024,87.97200775146484,92.34630647943823,46572989
2024-10-30,88.7593765258789,90.0522265582857,87.30127699298403,87.48597197369293,27582325
2024-10-31,88.08866119384766,90.88820979908223,87.79703830284735,89.03155938668853,38861416
2024-11-01,85.73625183105469,87.36932364765944,82.65480318342983,86.3194975926319,60899887
2024-11-04,86.65971374511719,87.80675229716927,84.58920774106905,85.54183599600482,25153352
2024-11-05,90.11054992675781,90.80072357880209,86.41670215436248,87.14575193505236,49804930
2024-11-06,91.49088287353516,95.93322557019894,89.83836571290766,90.12998856957054,63349275
2024-11-07,88.25390625,88.43860123272987,84.18094580367077,88.43860123272987,70454480
2024-11-08,84.90999603271484,89.38149985653956,84.56005154581503,88.29279026732046,70224148
2024-11-11,86.09591674804688,86.70831588171133,83.4616178164903,84.33647901906647,47707476
2024-11-12,85.19189453125,88.23445954440975,84.37536235504523,86.18340636381603,46453215
2024-11-13,87.1651840209961,87.48596768240482,84.14205721111303,84.18094075336961,44831407
2024-11-14,86.79580688476562,90.2077619128498,86.51390674810497,87.77759599295922,65646287
2024-11-15,83.344970703125,86.8832917906957,83.344970703125,85.54184283429078,44520302
2024-11-18,78.912353515625,83.09224215399625,78.34855320323476,82.65480780833693,53182729
2024-11-19,82.70340728759766,84.73502241033106,80.1954743110544,81.3619509708859,52093628
2024-11-20,80.81759643554688,82.34374032142274,80.24408084396471,81.49803991984399,35458120
2024-11-21,79.91356658935547,81.65356609003689,79.70943356408362,81.36194324463308,26253385
2024-11-22,78.05693054199219,81.25502229366701,77.9986015181696,79.70944036350501,33486718
2024-11-25,79.22340393066406,79.68999902065701,77.37647646620293,78.06664265343703,24950902
2024-11-26,77.85279083251953,80.11770722016917,77.84307550868695,78.25134159798719,21833098
2024-11-27,79.4178237915039,79.56363523820757,76.04475953341371,77.27928062744441,33233640
2024-11-28,78.07637023925781,79.68028122679935,78.06664749903769,78.92207064774134,19083836
2024-11-29,79.00955963134766,79.8260993033523,77.33760415578053,77.95972608860386,28135621
2024-12-02,79.544189453125,79.78720603528686,76.79323996314619,77.60977211939681,30675871
2024-12-03,80.78843688964844,81.87715389775788,79.63167553204953,80.03022630497206,33339891
2024-12-04,77.67782592773438,80.47737435810731,77.62921964351091,79.98161844088331,34994479
2024-12-05,76.69603729248047,77.47368593076678,76.30720926519842,77.28899836542308,27785719
2024-12-06,78.43604278564453,78.93179132633487,75.8309044507566,75.8309044507566,32642344
2024-12-09,76.56966400146484,78.15413691649177,75.91838131942788,78.13469143615401,30511471
2024-12-10,76.31693267822266,79.70944222820684,76.12251495472862,79.64139787905339,38047725
2024-12-11,76.66687774658203,77.04598303992772,75.01436045758076,76.2586042322823,23709618
2024-12-12,76.89044189453125,77.57089274587092,76.04474897042181,76.42385422942478,23819187
2024-12-13,74.33391571044922,76.50161953939427,74.24642588161463,76.49190421551758,33837237
2024-12-16,73.54654693603516,74.51861333011686,73.1966024408635,74.27559673159644,20943354
2024-12-17,73.12855529785156,75.04351979140486,72.95358305694624,73.34240366671118,25366628
2024-12-18,73.33268737792969,74.35335258954906,72.90497581328292,73.34240270165155,18483303
2024-12-19,73.16742706298828,73.46877265874858,72.2050835035304,72.90497242541879,20151528
2024-12-20,72.02039337158203,73.34240422033974,71.95234902273175,73.29380535189115,26302284
2024-12-23,72.89524841308594,74.60608714602137,71.58296041559703,71.6024058943529,47339097
2024-12-24,76.33637237548828,76.8612891157349,72.51615116836952,72.65223986958775,62169956
2024-12-25,75.72396850585938,76.61826774855605,74.84910732657892,76.30720681995383,30002247
2024-12-26,75.82117462158203,76.3072077922332,74.8491082802797,75.91837977245673,25048776
2024-12-27,73.56598663330078,75.71425252194142,73.28408648280791,75.62677010434615,35273552
2024-12-30,72.99246215820312,74.48944529886559,72.76889104010904,73.46878003223985,22609583
2024-12-31,71.76766204833984,75.0629664572046,71.46631642985149,72.90497792404831,30255304
2025-01-02,69.90129852294922,72.12732405705533,69.40554258140457,71.77737955905653,31041100
2025-01-03,67.87939453125,70.36788199684166,67.83078824757487,69.92073236888551,27948019
2025-01-06,69.65827941894531,71.12609429339342,67.94744053646968,68.67649031171877,39273949
2025-01-07,69.65827941894531,69.98877842391154,68.28766228166369,69.11391721035707,21301938
2025-01-08,70.75670623779297,71.71904978967828,68.78341285294363,69.30832954022941,35431471
2025-01-09,70.59146118164062,73.13827027852867,69.94017108915702,69.98877737328844,27930259
2025-01-10,69.16252136230469,71.00944888590024,69.14307588244881,70.4748094340276,17061304
2025-01-13,69.6679916381836,71.13581386349692,68.43347067027307,68.5306758193855,19032489
2025-01-14,71.8162612915039,72.01067901674809,69.02643553482059,69.76520064191475,29411947
2025-01-15,71.203857421875,72.09815664986091,69.99849727040366,71.06776873136747,30408560
2025-01-16,72.10787963867188,72.21480752676543,71.16497412527104,72.1176023783924,24704239
2025-01-17,72.95358276367188,73.7603922003407,71.15525407748851,71.34967179786716,28832999
2025-01-20,75.20878601074219,76.82241250642753,74.44085260380159,74.7519135798541,56291786
2025-01-21,73.80899810791016,75.08240265071275,73.2938041300214,75.08240265071275,29542942
2025-01-22,71.59268951416016,73.77983884300653,71.39827179071823,73.5368222509125,31188314
2025-01-23,72.02039337158203,73.24519906716476,71.54408292963011,72.14676674535954,29210600
2025-01-24,72.0689926147461,73.38128059508476,71.34966565200025,71.57323674083075,27794776
2025-01-27,70.08599090576172,72.41895191375588,70.06655283955148,72.06900739174283,20866960
2025-02-05,68.82230377197266,70.46509093739553,68.44319847100753,69.94017419384119,27055849
2025-02-06,69.50274658203125,69.50274658203125,66.76151967083162,69.01671338914991,42559502
2025-02-07,72.32173156738281,72.90496984287037,68.8320098211067,69.21111507098746,52818384
2025-02-10,70.11514282226562,72.10788179680188,68.62788250044149,72.10788179680188,71524972
2025-02-11,68.83201599121094,69.77492153897181,68.73481083929572,69.60967203908815,28068888
2025-02-12,68.8514633178711,69.06531910758656,67.94744128988711,68.5306796332979,37104179
2025-02-13,68.0154800415039,68.94866279740891,68.0154800415039,68.53067399271713,28254440
2025-02-14,67.69469451904297,68.72508239309286,67.53916777214728,67.62665017672416,27073146
2025-02-17,66.33380889892578,67.7044260794226,66.17828213176674,67.69470333888826,44947056
2025-02-18,66.79067993164062,68.42375174306801,66.60598494664151,67.32531940596544,49129216
2025-02-19,66.3435287475586,66.48934018410549,65.32285610800814,66.12967296279353,44421724
2025-02-20,65.2450942993164,66.01302758478923,64.82710548358506,65.97414404189823,39498637
2025-02-21,65.58531951904297,66.34353010506786,65.23537503068104,65.29369663998207,47845201
2025-02-24,66.1685562133789,66.82956162868464,64.61325153509415,65.33257855824878,43083930
2025-02-25,65.25481414794922,66.45045907185794,65.1478862516534,65.3520267200567,35211128
2025-02-26,68.20018005371094,68.239056182172,65.22565191954556,65.23537465979975,72371253
2025-02-27,69.82352447509766,70.99000107470434,68.43346936215639,68.53067450941072,84553441
2025-02-28,68.91950988769531,71.62185331835938,68.73481489675932,69.69715856519996,57544211
2025-03-03,70.54286193847656,71.81626661402062,68.72509500818241,68.72509500818241,59788580
2025-03-04,68.6764907836914,69.70687876658245,68.09325244273946,69.50274571806315,36149709
2025-03-05,66.32408905029297,68.66676505235107,66.09078779105222,68.53067635926608,48502661
2025-03-06,66.78096008300781,67.32532232124049,65.61448334559738,66.34353316054846,40358184
2025-03-07,65.84776306152344,66.81982927259638,65.50754137090324,66.35324164439628,33799946
2025-03-10,66.36296844482422,66.95592952943848,65.52699818168787,66.11023652595232,29067503
2025-03-11,65.83805847167969,65.85749653590811,65.22565191245563,65.63391800775311,27828271
2025-03-12,65.64363098144531,66.21715391060503,65.40061442521827,66.00329815452096,26077958
2025-03-13,65.71168518066406,67.07257958299489,65.43950778345346,65.64364083136141,30200754
2025-03-14,66.82955932617188,67.18922653349624,65.05067618529228,65.77001059994102,44762574
2025-03-17,66.85872650146484,67.92799806934147,66.79068214940756,66.92677085352213,29643851
2025-03-18,68.13212585449219,68.33626631114895,66.92676567575332,67.06285436933943,38422954
2025-03-19,67.63638305664062,68.7250926969708,66.64487115845054,67.56833870411998,38137834
2025-03-20,66.65459442138672,68.09325599259489,66.65459442138672,67.55861649268822,23870054
2025-03-21,65.71168518066406,67.15034667256302,65.64364083136141,66.35325254518435,25284680
2025-03-24,64.97291564941406,65.93526674043801,64.6424166279718,65.90610593457878,25155256
2025-03-25,69.98877716064453,70.47481033537123,65.38118474079319,65.52699617646674,95210671
2025-03-26,69.9110107421875,71.44687736893661,68.90978357926807,69.02643421217938,64017192
2025-03-27,69.79437255859375,70.47481609228379,68.60845032878113,69.92073852448524,30829822
2025-03-28,70.27067565917969,72.0398360774268,69.81380329894772,69.96933747105967,42005574
2025-03-31,67.47113037109375,71.54408342252509,67.30587345165216,70.2998396542464,45283622
2025-04-01,70.35816192626953,71.25246863238985,67.49056907130263,67.49056907130263,46416850
2025-04-02,70.44564819335938,70.91223587911855,69.79436553150352,70.47480899668463,25461837
2025-04-03,65.3228530883789,68.49179133664701,65.15760359552758,68.47235327360225,81835826
2025-04-07,54.14409637451172,60.26811363085826,52.258285284466325,58.323980933088635,96744935
2025-04-08,54.15381622314453,55.89381590384361,53.696947553812784,54.13437445089696,53365311
2025-04-09,54.591251373291016,55.378626528244446,51.50007978321501,52.491588001554405,46152052
2025-04-10,56.08823013305664,58.21705414244603,55.99102127144638,58.08096544433057,45202905
2025-04-11,56.09794616699219,56.75895155805886,54.85370246999078,55.388338201787406,33518253
2025-04-14,56.2923583984375,57.01168908069375,56.08822536860454,56.865877654733865,26378830
2025-04-15,55.6896858215332,56.340968539866246,55.21337164646319,56.30208499330153,21842299
2025-04-16,54.66901779174805,55.3980676160746,53.94968700016462,55.33001955431609,22227089
2025-04-17,54.21214294433594,54.717617911451164,54.05661247046502,54.17325939883346,17660792
2025-04-18,54.503761291503906,54.87314755188909,54.04688890913642,54.23158389339848,17682603
2025-04-21,55.106441497802734,55.3591808320164,54.241303016821455,54.72733620462118,18105120
2025-04-22,54.66901779174805,55.81605277053379,54.630134244497235,54.78566472536133,19902426
2025-04-23,56.59370803833008,57.35191865770883,55.524432753726614,55.524432753726614,45406028
2025-04-24,55.2133674621582,56.583980855511136,55.15504585487009,56.535378280058104,23971676
2025-04-25,57.176944732666016,58.129569349381455,55.504989356152905,55.504989356152905,40302137
2025-04-28,60.85135269165039,61.784539216032584,60.46252837228513,60.754147538843796,63889281
2025-04-29,59.587669372558594,61.72621618679994,59.48074147562567,61.58040474404795,32158569
2025-04-30,58.90721893310547,60.00565493954421,58.819732813864526,59.587666115186245,23186830
2025-05-06,60.45280456542969,60.85135161792657,59.15995825684762,59.27660517978507,30417289
2025-05-07,60.36532211303711,62.83437166538313,59.898730684805734,61.774819138314264,40233547
2025-05-08,62.16364669799805,62.50387216111023,59.69459716489878,59.87928844500721,41818202
2025-05-09,60.773590087890625,61.823419842549406,60.26811512892938,61.80398177825072,26577893
2025-05-12,65.27426147460938,65.75057194303677,63.2815223505065,63.90364426494015,75218749
2025-05-13,65.9061050415039,67.80163155945043,65.75057085732466,66.52822694566471,64120086
2025-05-14,64.22441864013672,65.41034068496538,63.748108240850115,64.92430754634886,49138614
2025-05-15,62.601078033447266,63.874482652175395,62.13448289537663,63.86475991155693,36389312
2025-05-16,63.48564910888672,65.906099590092,62.21224460043045,62.358056031968204,44101466
2025-05-19,62.64967727661133,63.3301282146666,62.42610615500378,63.18431676963489,18947018
2025-05-20,61.881744384765625,62.78576268888851,61.14297558208426,62.69828027622339,30130842
2025-05-21,62.435829162597656,62.960738500910786,61.59984774339958,61.97895305233584,23449263
2025-05-22,60.76386642456055,62.11504177740771,60.75414739255884,61.823418903412325,26743266
2025-05-23,58.90721893310547,59.869566244755816,58.887780869397545,59.17940003082107,52225373
2025-05-26,59.17940139770508,59.830684082989194,58.51839597220361,58.51839597220361,20402633
2025-05-27,58.86833953857422,59.29604739799039,58.673925526789105,59.19884224616726,13933633
2025-05-28,58.596160888671875,59.373816968325436,58.44063041436897,59.15996117560681,13717005
2025-05-29,59.334930419921875,59.53906346183771,58.89749982428877,59.21827978899383,19767226
2025-05-30,58.70308303833008,59.053027498288785,58.450347432881365,59.00442492510311,17166576
2025-06-03,58.518394470214844,58.790571859092225,58.19761079777609,58.30453868858901,12181757
2025-06-04,59.26688766479492,59.587667638117594,58.76141270827718,58.77113174037954,17609011
2025-06-05,59.626548767089844,59.782079231398825,58.83917370569756,59.42241572796032,20313664
2025-06-06,59.10163497924805,59.87928733921073,59.02387159732125,59.84040750231681,17997297
2025-06-09,61.23046112060547,61.42487142441991,59.10163343733209,59.286328417350205,40723027
2025-06-10,62.358062744140625,63.67035093667912,61.045770843462996,61.24018487039366,59720312
2025-06-11,62.396942138671875,63.145429974113895,61.92062798979715,62.26085344131878,26246629
2025-06-12,62.40665817260742,62.620513961246246,61.26934229624046,62.16364528752549,21908193
2025-06-13,61.70468521118164,62.8812352967824,61.64536193189606,62.18914922971501,20873868
2025-06-16,62.53519058227539,63.593097852454186,61.36852585545625,61.49705773799357,21878518
2025-06-17,62.07050323486328,62.74281865319426,61.71457109908968,62.63406119264275,16390371
2025-06-18,64.50270080566406,64.8586329396266,63.29648718981016,64.27530432979336,48159047
2025-06-19,62.26824188232422,64.46315036851118,61.98151836239085,64.09733668766383,33222283
2025-06-20,61.91231155395508,63.77106616647956,61.85299204575493,62.05072876853705,25267440
2025-06-23,63.2272834777832,63.6326497994236,61.388303267360726,61.49706072929117,26536994
2025-06-24,64.4928207397461,65.19479592484183,63.474454723220916,63.474454723220916,29244677
2025-06-25,65.0365982055664,65.17501541782782,63.523890426443494,64.57190861732921,29758197
2025-06-26,63.395362854003906,64.8388620393122,63.29648695025441,64.769653432591,27423990
2025-06-27,64.6905517578125,65.90665439349752,63.523887070968996,63.672193374321594,43047943
2025-06-30,67.00411224365234,67.51823982761344,65.06626356195409,65.34309801031485,51645738
2025-07-01,67.9137191772461,68.46738806038117,65.94620324449875,66.73716525741125,38897412
2025-07-02,67.67642974853516,68.66512854715904,67.33038667765145,67.92360444819113,34707863
2025-07-03,68.98150634765625,69.20891037216073,66.8558101350494,67.67642433950812,40896103
2025-07-04,66.93489837646484,69.86145314038642,66.86568976980826,69.86145314038642,45585681
2025-07-07,66.63829803466797,67.79507377527767,66.27247677736558,66.63829803466797,22895940
2025-07-08,72.9363021850586,73.75692394347976,66.59874723152915,66.73716445063963,103312342
2025-07-09,72.52104949951172,73.53940797274576,71.82896341377186,72.9461902502298,47907407
2025-07-10,75.58601379394531,77.20747908415261,72.99562798658059,72.99562798658059,91180541
2025-07-11,75.2992935180664,75.8925112050518,74.52810222749602,75.24985556782923,45363574
2025-07-14,74.75550842285156,76.28799440692472,73.1735920302688,75.05212104659874,54100668
2025-07-15,74.30070495605469,76.03092759122416,73.26256835768419,73.75691768201831,45856024
2025-07-16,73.6679458618164,74.17217679246008,72.42218332663504,73.65805676224315,37427170
2025-07-17,73.2625732421875,75.67500051959254,72.50127855095222,74.20184154694773,48477950
2025-07-18,71.44336700439453,73.5097435749938,71.3840399556694,73.16370055398103,46818172
2025-07-21,71.92782592773438,72.19477124104782,71.31483005651968,71.67076216971893,26928646
2025-07-22,73.292236328125,73.42077199449405,71.38404742051277,71.97727271076674,47614358
2025-07-23,72.28376770019531,73.83602446784172,71.99704415162712,73.62839863125917,34809723
2025-07-24,75.51680755615234,75.67500297634467,71.8586252106921,72.04648038637728,56516521
2025-07-25,74.923583984375,75.78375454257227,74.84448628043617,75.43771151680517,28378888
2025-07-28,73.36144256591797,74.6368648296204,72.99562886436007,74.19195341949818,36609000
2025-07-29,74.5973129272461,75.18064907510677,72.76822186467642,73.371328667284,33652802
2025-07-30,73.74703216552734,75.5860123448281,73.16370355520188,74.64675160023975,35846700
2025-07-31,71.1863021850586,74.77527553801337,70.74139081367078,73.16369946797688,46401486
2025-08-01,74.44902038574219,74.52811055451741,71.06766486009967,71.21597118420932,56492594
2025-08-04,72.9461898803711,73.61850530732637,71.77952509663025,73.43065013793263,34095676
2025-08-05,74.55776977539062,75.33883508093695,71.86850820592245,72.73856031356185,38669719
2025-08-06,76.03093719482422,76.34732050063411,74.11285916031694,74.15240801643981,40634178
2025-08-07,73.96454620361328,76.02104127856829,73.62839227146974,75.93206201764994,39319616
2025-08-08,80.67781066894531,84.92921800439552,73.65805155918741,73.67782221376454,119105900
2025-08-11,83.56481170654297,83.78232662979721,80.38120819446152,80.73714033375529,85235538
2025-08-12,87.10435485839844,87.2823209279581,81.86425622033744,83.64390937276148,77984295
2025-08-13,88.02384185791016,88.864234223308,85.74983943054967,87.00548342922565,69593972
2025-08-14,86.95604705810547,88.37977559026673,85.5323260691166,87.1834510765594,51008123
2025-08-15,93.21450805664062,94.91507095142792,86.42215311930923,86.61000073454355,90561393
2025-08-18,94.30207824707031,95.28089538032454,92.84869751041583,94.42072480529966,61016319
2025-08-19,95.3797607421875,98.79076809494784,93.50123178339207,93.92637250805014,73013099
2025-08-20,94.20321655273438,95.6071669801845,91.55350357682778,94.37129353140666,59764577
2025-08-21,91.44474029541016,93.59022219888043,91.00971799845863,93.39247793374571,49812502
2025-08-22,96.7540512084961,97.70320101433977,90.76253975897012,90.9503873745033,67681455
2025-08-25,101.44049072265625,102.33032111051267,98.35575543565115,98.57326282541794,74192770
2025-08-26,95.91366577148438,100.76817260635481,94.51959694346587,100.76817260635481,114860899
2025-08-27,94.0351333618164,98.23710281006623,93.47157540813097,94.47016320086215,84130297
2025-08-28,98.43484497070312,99.52241962841305,93.43203171792881,93.53090008412804,82261923
2025-08-29,98.74134826660156,102.19190484053695,96.6156444155741,98.4249649638793,76317937
2025-09-01,98.07891082763672,100.24416345637479,96.90236447034657,98.45462117201183,59116135
2025-09-02,98.5238265991211,104.17918434910528,97.74275372383018,98.56337545215547,84246039
2025-09-03,113.60147857666016,117.65514161092305,98.86986689993535,100.15517818690338,142919365
2025-09-04,114.68904876708984,122.67773604329679,111.7822721862467,117.16079550775989,165181761
2025-09-05,133.8104705810547,136.10425867182835,114.87689762221241,114.87689762221241,169941087
2025-09-08,135.43194580078125,145.2101754918729,132.24833473053326,138.51669605130402,188697224
2025-09-09,128.4121856689453,133.81047185713078,126.96867899993818,130.7059586952494,130701326
2025-09-10,126.85005187988281,129.87546762288434,123.68621137299422,125.87123469218119,119738925
2025-09-11,135.78787231445312,135.78787231445312,122.10428628217717,125.10004205854894,134665136
2025-09-12,132.40652465820312,139.40651308294198,131.00257435099158,134.4333599578836,112950176
2025-09-15,135.1254425048828,147.63248946250502,135.02658169182118,136.44041351798995,150970821
2025-09-16,138.7243194580078,141.46301922480416,134.13675785288592,136.25257257838726,108524250
2025-09-17,139.39663696289062,142.60990777981644,135.6494603926454,139.20878179362435,93269716
2025-09-18,140.93899536132812,146.43615743318804,134.32459898903002,138.41781079037742,135771680
2025-09-19,135.6494598388672,140.69182928861144,135.33308409693015,139.47573410088538,85317862
2025-09-22,135.6791229248047,137.4291239066415,133.03929911767884,134.4630277072176,66925859
2025-09-23,141.91781616210938,146.8712067023403,135.64946952121446,135.64946952121446,118658558
2025-09-24,152.45733642578125,154.23699710191852,141.40369220825596,141.78928409755696,119440650
2025-09-25,158.03359985351562,161.40506611091985,150.14378828862556,152.23982474831607,102198838
2025-09-26,155.7200469970703,165.58725590959693,155.22569764152405,158.03359836030398,89979702
2025-09-29,163.1352996826172,167.88105687247167,159.2793804519302,161.1579021107067,99539366
2025-09-30,160.14939880371094,165.79487458165303,155.43331723197906,163.13527287073333,92850453
2025-10-09,157.09432983398438,163.03640336274057,155.8782347036511,160.05054426505538,91854085
2025-10-10,144.8641357421875,156.41212915683246,143.36130951482113,153.97004219474138,112500243
2025-10-13,139.6240234375,142.7483147671071,134.56189121782353,137.44888944225426,107810356
2025-10-14,138.21017456054688,149.29349281764976,137.52798517980295,143.20310564886947,103614230
2025-10-15,149.68898010253906,150.36130307672005,134.5915615174608,138.2497437624585,108169455
2025-10-16,161.1578826904297,162.89798691293564,147.31610135505537,148.0872851082615,128279472
2025-10-17,143.56895446777344,159.11128519190353,143.3415428893944,158.3697611173058,121139474
2025-10-20,147.9180145263672,152.4561680818628,145.9574503091307,148.2862372359202,81853286
2025-10-21,152.05807495117188,156.2479142375923,143.31018885486174,149.08240783198804,81369318
2025-10-22,148.60470581054688,151.60028126085138,146.74365351913303,150.27665066122097,50759942
2025-10-23,152.7845916748047,153.55089218140938,146.1764001216836,147.42041220010017,56689703
2025-10-24,164.2095947265625,164.85647493454093,153.26228841145834,155.25270774147728,91066231
2025-10-27,166.15023803710938,171.8030364056778,161.88079557710415,168.36955117113249,94395266
2025-10-28,165.0853729248047,168.68802680903298,161.30357341643108,163.2342824656672,65009449
2025-10-29,190.57269287109375,194.03601804709461,168.10085815107263,169.1756863475612,145290726
2025-10-30,193.74740600585938,202.90334686981387,191.38876401142318,193.9663533421701,127175347
2025-10-31,188.8907928466797,202.40574159000388,186.59186100631675,194.65304998477012,98538998
2025-11-03,198.51446533203125,198.9225049232967,187.09940970586575,192.14512979930058,100944714
2025-11-04,186.2932891845703,199.15139551375236,184.83032984412242,199.0419218493075,103821903
2025-11-05,199.53953552246094,201.7090852779111,180.44145984249536,180.44145984249536,121005563
2025-11-06,204.41604614257812,208.874596092497,197.04155453410968,200.99253786824906,106613569
2025-11-07,200.03713989257812,208.4964219278364,198.92250994264856,201.04229617344717,75430073
2025-11-10,193.07066345214844,204.01796911180634,188.48274656371862,202.22658878490546,90208805
2025-11-11,192.07545471191406,203.04266886507557,190.1845625273695,199.0419219812581,80019064
2025-11-12,186.73118591308594,191.9261813458177,181.33715159343632,187.96523612339266,87989283
2025-11-13,189.59738159179688,193.98625971501875,185.21846528374255,189.3187241095949,85241617
2025-11-14,184.11378479003906,193.17019865669158,183.2280488111796,184.11378479003906,65185322
2025-11-17,182.90957641601562,186.0942594711095,179.83438221645602,181.66556434314904,57255140
2025-11-18,174.1815948486328,183.59626950682113,171.92246472157072,182.81006057561737,83476970
2025-11-19,175.6544952392578,178.90883489880082,172.6688664249928,173.1963263006575,48886934
2025-11-20,176.5103759765625,183.83511926958357,175.91324413987263,180.1329383277706,59955393
2025-11-21,167.0857391357422,173.41527279913848,166.7075546283222,169.20554044315355,69045259
2025-11-24,166.6179962158203,170.95711085649458,163.59256558994093,169.16573046618063,58792409
2025-11-25,174.8682861328125,179.0879651332943,168.38946189443817,171.47461773992057,77232947
2025-11-26,181.65560913085938,187.0197883281947,172.32053811769393,174.35077422867982,84009576
2025-11-27,180.0632781982422,191.95604589631486,179.2969776864921,186.10420818072856,74717874
2025-11-28,182.02383422851562,186.59185794563967,179.1675874659091,179.1675874659091,51208439
2025-12-01,178.69984436035156,183.0290124614547,173.4849554537786,182.1233680250694,59931487
2025-12-02,177.84396362304688,179.635344052398,174.16169090952715,177.28664864184748,33305220
2025-12-03,176.281494140625,182.7005934907935,174.95786345398216,180.7798309264024,46024920
2025-12-04,176.69947814941406,177.84396318400212,173.44513830960136,175.29622888441202,34695556
2025-12-05,181.12815856933594,183.77541991606978,174.6592957632882,179.13773924439818,57158681
2025-12-08,183.39723205566406,187.29845203943916,176.45067298972793,181.2376289495936,70534612
2025-12-09,185.10899353027344,190.68217360331198,180.23247235563525,182.99915394730746,63969388
2025-12-10,177.23687744140625,185.80563287027385,174.47019591484445,185.30802806066643,74614525
2025-12-11,173.2162322998047,182.8199987758562,173.1366137102649,177.14730714596126,65235217
2025-12-12,174.14178466796875,177.7245455720092,169.38468363663947,176.15211246333004,81546925
2025-12-15,169.38467407226562,173.16647366061315,167.39425483478732,170.75806820554763,56358803
2025-12-16,163.1845245361328,168.68803258496374,159.5022519357237,168.68803258496374,71600891
2025-12-17,168.6880340576172,169.8325190698662,161.7315132039665,161.7315132039665,57104002
2025-12-18,160.53726196289062,165.6924557100104,160.45764337071458,165.6924557100104,55622208
2025-12-19,163.26414489746094,164.74699754601625,160.338226118653,162.23908018049,44176914
2025-12-22,166.75732421875,169.15578308665619,163.32385401085898,165.20479961592582,56813715
2025-12-23,167.18527221679688,169.77280815895432,164.78681334949462,166.697614028312,50576046
2025-12-24,165.0853729248047,165.7521615329761,162.79638781297118,165.31426688028006,50560059
2025-12-25,167.0758056640625,168.09090860229912,163.01534835403237,163.9607945113443,47994413
2025-12-26,180.21255493164062,184.2929051517266,168.04114586064247,169.0662105266277,114818561
2025-12-29,174.87823486328125,182.05368768757162,174.2114462431308,181.128150034222,69891303
2025-12-30,178.2122039794922,179.64529315702148,172.8480092473134,174.26122035071623,56484809
2025-12-31,170.22064208984375,179.33676560547764,170.2106954607642,179.09792502202262,51895922
2026-01-05,171.00686645507812,174.3308628563334,169.19557770385092,172.78828494763079,62930532
2026-01-06,171.29547119140625,174.49010068349455,170.3898419981255,171.185997528171,59686525
2026-01-07,172.6290740966797,174.161690289522,168.28995937689584,169.18564199553566,57234097
2026-01-08,170.13108825683594,172.14141602104928,167.2549329482673,171.17606143646483,60152183
2026-01-09,168.2401885986328,170.68839574966523,164.7071914251835,168.56860959415053,60028288
2026-01-12,162.66700744628906,166.08058429946124,159.53210325429055,164.48824285183736,97258237
2026-01-13,159.71124267578125,165.19485764494993,156.39719267136002,162.39830573226772,88296165
2026-01-14,164.87637329101562,167.1852668616892,157.99947128203263,159.0742994767572,81177458
2026-01-15,164.66738891601562,166.000966150175,161.90069222662697,161.91065404158073,41281065
2026-01-16,170.1708984375,171.67365949726403,167.0459408372674,167.0459408372674,72018050
2026-01-19,171.85279846191406,175.71421683948583,167.6430658113898,169.18564383644926,65030187
2026-01-20,162.22911071777344,171.53432651124726,161.72155929084866,171.35518088747227,65660037
2026-01-21,161.30357360839844,165.08537312127277,160.91544247226383,162.3286382803871,49578265
2026-01-22,159.61172485351562,165.2844166908396,157.74072589514802,162.09974892126243,57866722
2026-01-23,162.25897216796875,164.20958973378447,159.76100145159555,160.21880456528595,66065482
2026-01-26,158.90512084960938,163.19447195353558,157.23317594929685,162.71677557997398,54889126
2026-01-27,157.43222045898438,159.91028282366537,154.33711777133004,159.2335475357717,52122651
2026-01-28,152.16754150390625,157.25306315858393,148.46536058342068,156.76542017426672,96896506
2026-01-29,145.5792694091797,152.84430304213112,144.5144029581354,152.2670796108654,88480742
2026-01-30,150.2766571044922,152.66515418949123,143.14100573843635,144.8527675507735,79821817
2026-02-02,148.28623962402344,154.55606353117133,148.28623962402344,152.42631546211985,60934636
2026-02-03,149.16201782226562,151.29176573192146,145.29065313462087,150.2766477007567,48940278
2026-02-04,151.5405731201172,153.39166362112022,147.94786578376105,149.28144303026494,57693010
2026-02-05,145.3006134033203,151.27187148838826,144.10636482344563,150.77426664796593,55259081
2026-02-06,143.8077850341797,146.09677011684505,140.4240785194174,143.3101802416739,41761937
2026-02-09,152.57559204101562,154.47644615482164,144.30540211503083,145.72854465365265,77312327
2026-02-10,154.74514770507812,158.55680233315218,152.31683382729156,152.58554467394984,63815571
2026-02-11,151.4709014892578,154.74514965087997,148.86345713804144,153.96888736027825,47922307
2026-02-12,155.80006408691406,156.745510158669,150.93348980751074,151.3713844560776,48356115
2026-02-13,148.44546508789062,155.25269499301814,148.44546508789062,153.75988061808528,51614659
2026-02-24,149.88851928710938,153.09309543157494,148.88336305243536,151.0330042591213,30488114
2026-02-25,153.36181640625,155.74036691299102,148.64451709791038,148.88337288584847,43837319
2026-02-26,144.9522705078125,152.33673901876185,144.88261373316976,152.26706705842594,81350398
2026-02-27,143.8077850341797,146.16642689123543,143.1907599508943,144.3053898266855,42763556
2026-03-02,148.66441345214844,149.45062234674717,141.39938040612705,141.40932703518007,76617487
2026-03-03,149.76910400390625,156.0488743947735,149.52030159421614,152.27702135988287,76946465
2026-03-04,147.9976348876953,150.27665832226793,145.599175967919,147.15170060431876,44107946
2026-03-05,147.7488250732422,151.15244011003924,145.64893219310704,150.7742555996084,40150589
2026-03-06,149.08241271972656,151.1524506711139,145.6787974451177,147.79858373182213,36455981
2026-03-09,155.0536651611328,156.09863832170032,146.86309406472873,147.77868511249727,82230094
2026-03-10,155.35223388671875,157.92982325966798,152.4661167634119,157.23317953531605,59341753
2026-03-11,170.10122680664062,174.81852588278767,155.6408322107176,155.67068728452855,144572766
2026-03-12,172.2707977294922,172.93758637750923,167.59330019226257,170.71825790833205,102568722
2026-03-13,174.54981994628906,178.52071191755385,174.16168879012739,176.34120035384063,102014338
2026-03-16,172.1712646484375,178.34156126921965,169.38467466901193,178.14252238190932,72537380
2026-03-17,165.6824951171875,176.2814867987731,165.30432578367862,173.81335598018904,73092801
2026-03-18,165.79197692871094,167.18527959197706,160.56712610927576,166.5284375586814,64282465
2026-03-19,164.30911254882812,169.56381807040893,162.85609983772963,162.85609983772963,58342666
2026-03-20,172.76840209960938,179.28701318818491,162.8660538885422,165.7322625529929,118355606
2026-03-23,167.7326202392578,178.6003224953755,166.20995075760757,174.16168097287596,102058382
2026-03-24,163.89111328125,170.55902989799517,156.13843700665643,169.08610872356115,89546048
2026-03-25,166.27963256835938,167.68288183988295,159.33307336208463,163.90108207761187,69325751
2026-03-26,165.20480346679688,171.17606142342808,161.74147810394516,164.29915903214118,57983246
2026-03-27,162.5675048828125,166.69761891906685,160.4477034365389,165.19485779148226,57837513
2026-03-30,156.34744262695312,163.8115150276219,153.85941849339684,163.8015532122434,69815890
2026-03-31,150.0377960205078,156.90475147221827,149.968139244051,154.79489676313156,61477946
2026-04-01,133.80593872070312,142.31498453976505,130.37246835460994,140.22503813308506,166730261
2026-04-02,126.64042663574219,131.86527724350367,125.94378292517946,130.81035745526665,114140536
2026-04-03,122.729248046875,127.18779041311386,122.24159746697046,126.59065857650796,70777062
2026-04-07,121.69422912597656,123.69460255541715,121.15681502883521,122.90838605734999,52224124
2026-04-08,126.38166809082031,126.690188237555,123.25671047727944,123.96330839954155,79422468
2026-04-09,123.20695495605469,124.75947954567737,122.21174532827669,124.73957110112754,59568240
2026-04-10,130.16346740722656,132.36288748243734,125.00828855230714,125.00828855230714,104979485
2026-04-13,133.59695434570312,135.6570305088798,128.40195854542134,128.41190517547818,85077701
2026-04-14,138.7919464111328,141.43919257601598,130.87007080467296,134.36325125816066,106453835
2026-04-15,133.2486114501953,138.67250068069464,132.41263903883217,138.23460603121111,90308043
2026-04-16,133.25856018066406,135.22908613441402,132.28325901869374,134.35329682163626,65055891
2026-04-17,132.11407470703125,135.12955858718374,131.42737765172444,132.4424956980777,65205391
2026-04-20,134.55233764648438,135.6271658588439,130.73073634855743,132.0941686691396,65911870
2026-04-21,135.57740783691406,136.11482955772743,132.7112143401218,135.3385672371697,51737499
2026-04-22,136.254150390625,136.443242644905,134.30353288704953,134.91061135230427,57853849
2026-04-23,133.85569763183594,137.92610144685455,131.92498848535342,136.84132657529696,64880539
2026-04-24,133.1490936279297,134.71158008206874,132.27331945407113,133.31829263341132,42250826
2026-04-27,130.76058959960938,131.8851813144537,128.58107813151338,131.06910214793467,63157361
2026-04-28,129.2677764892578,131.86527419594145,124.21210981478302,125.06799069246367,123803442
2026-04-29,137.40859985351562,138.21471721794637,126.39162204444554,128.38204128923996,115747019
2026-04-30,136.7517547607422,139.5383446774769,135.74658334604416,137.80667450687832,63872533
2026-05-06,139.8568115234375,141.69795545842706,135.14947410993605,137.02045793400907,72947656
2026-05-07,138.8317413330078,141.19038326182405,137.65740127609808,139.93642461340787,53772845
2026-05-08,139.18006896972656,142.30502651383054,137.33892513101173,137.3986352774447,61544670
2026-05-11,143.34999084472656,146.09677918876483,139.38906070241933,139.4885877413779,74684456
2026-05-12,139.85000610351562,144.44000244140625,139.60000610351562,144.0,54310492
2026-05-13,142.64999389648438,142.97999572753906,139.39999389648438,139.5,55546065
2026-05-14,135.02999877929688,143.8000030517578,134.2100067138672,142.64999389648438,82048944
2026-05-15,152.9499969482422,155.99000549316406,131.02000427246094,136.0,173461537
2026-05-18,152.25,155.3300018310547,148.00999450683594,152.89999389648438,95247599
2026-05-19,157.3800048828125,161.32000732421875,153.72000122070312,154.0,101038721
2026-05-20,167.1999969482422,170.88999938964844,156.10000610351562,158.33999633789062,117718579
2026-05-21,165.3800048828125,173.0,164.5,167.3000030517578,113316185
2026-05-22,164.50999450683594,171.94000244140625,162.5,168.0,89052957
2026-05-25,167.24000549316406,171.02999877929688,159.0,165.44000244140625,90412971
2026-05-26,178.99000549316406,181.77000427246094,163.6999969482422,166.8000030517578,113437350
2026-05-27,184.08999633789062,191.7100067138672,180.82000732421875,182.60000610351562,113353605
2026-05-28,190.08999633789062,190.97999572753906,179.02000427246094,182.88999938964844,83424793
2026-05-29,177.99000549316406,190.6300048828125,176.0,190.13999938964844,88135127
2026-06-01,174.0,186.97999572753906,172.67999267578125,183.82000732421875,71915685
2026-06-02,172.6999969482422,181.00999450683594,167.5,179.99000549316406,63562622
2026-06-03,170.8000030517578,175.6699981689453,166.6999969482422,171.0,64297219
2026-06-04,164.35000610351562,169.0,163.0,168.7899932861328,67802628
2026-06-05,153.75,166.25,152.85000610351562,165.99000549316406,84004365
2026-06-08,146.8000030517578,153.75,146.0,150.11000061035156,59025484
2026-06-09,152.5,153.3000030517578,144.57000732421875,149.44000244140625,60309743
2026-06-10,143.5500030517578,150.44000244140625,141.2100067138672,150.27000427246094,64876779
2026-06-11,146.75,152.0500030517578,142.3699951171875,144.3300018310547,54900765
2026-06-12,148.75999450683594,157.0,146.27999877929688,149.67999267578125,86318510
2026-06-15,149.10000610351562,151.50999450683594,146.44000244140625,151.0,56545841
2026-06-16,152.49000549316406,156.8300018310547,147.8800048828125,150.41000366210938,70120677
2026-06-17,149.14999389648438,152.32000732421875,146.8000030517578,150.0,60496780
2026-06-18,146.97999572753906,151.67999267578125,145.25,148.16000366210938,61195652
2026-06-22,163.4600067138672,167.14999389648438,149.05999755859375,149.5,113921549
2026-06-23,152.0,162.0,150.39999389648438,161.0,82372938
2026-06-24,154.8000030517578,157.97999572753906,149.22000122070312,152.25,59710747
2026-06-25,152.66000366210938,155.60000610351562,149.6300048828125,154.9600067138672,57797271
2026-06-26,151.0500030517578,159.97999572753906,150.39999389648438,154.00999450683594,75779008
2026-06-29,155.63999938964844,159.41000366210938,145.0,149.02000427246094,84915861
2026-06-30,159.02000427246094,160.25999450683594,152.33999633789062,154.99000549316406,74179204
2026-07-01,136.9199981689453,151.08999633789062,127.30000305175781,151.07000732421875,165206977
2026-07-02,127.83999633789062,135.24000549316406,127.18000030517578,135.1999969482422,88614749
2026-07-03,126.16000366210938,131.4600067138672,126.0999984741211,127.80000305175781,57446827
2026-07-06,,,,,52230639
